2025-05-19T16:40:49.032511,"{'address': '/hover', 'args': 13}"
2025-05-19T16:40:49.083636,"{'address': '/hover', 'args': 4}"
2025-05-19T16:40:49.135568,"{'address': '/hover', 'args': 1}"
2025-05-19T16:40:49.198337,"{'address': '/hover', 'args': 58}"
2025-05-19T16:40:49.331321,"{'address': '/hover', 'args': 37}"
2025-05-19T16:40:49.381960,"{'address': '/hover', 'args': 14}"
2025-05-19T16:40:49.464969,"{'address': '/hover', 'args': 0}"
2025-05-19T16:40:49.565938,"{'address': '/hover', 'args': 1}"
2025-05-19T16:40:49.581534,"{'address': '/hover', 'args': 4}"
2025-05-19T16:40:49.648510,"{'address': '/hover', 'args': 18}"
2025-05-19T16:40:49.748178,"{'address': '/hover', 'args': 42}"
2025-05-19T16:40:49.899991,"{'address': '/hover', 'args': 58}"
2025-05-19T16:40:49.899876,"{'address': '/hover', 'args': 53}"
2025-05-19T16:40:49.948278,"{'address': '/hover', 'args': 38}"
2025-05-19T16:40:49.965442,"{'address': '/hover', 'args': 37}"
2025-05-19T16:40:50.049068,"{'address': '/hover', 'args': 14}"
2025-05-19T16:40:50.049191,"{'address': '/hover', 'args': 41}"
2025-05-19T16:40:50.450419,"{'address': '/hover', 'args': 37}"
2025-05-19T16:40:50.481635,"{'address': '/hover', 'args': 38}"
2025-05-19T16:40:50.498078,"{'address': '/hover', 'args': 44}"
2025-05-19T16:40:50.516077,"{'address': '/hover', 'args': 54}"
2025-05-19T16:40:50.515967,"{'address': '/hover', 'args': 34}"
2025-05-19T16:40:50.532249,"{'address': '/hover', 'args': 33}"
2025-05-19T16:40:55.066472,"{'address': '/hover', 'args': 33}"
2025-05-19T16:40:55.066596,"{'address': '/hover', 'args': 40}"
2025-05-19T16:40:55.082442,"{'address': '/hover', 'args': 54}"
2025-05-19T16:40:55.082948,"{'address': '/hover', 'args': 55}"
2025-05-19T16:40:55.098019,"{'address': '/hover', 'args': 37}"
2025-05-19T16:40:55.114652,"{'address': '/hover', 'args': 14}"
2025-05-19T16:40:55.131409,"{'address': '/hover', 'args': 4}"
2025-05-19T16:40:55.148341,"{'address': '/hover', 'args': 13}"
2025-05-19T16:40:56.151887,"{'address': '/hover', 'args': 12}"
2025-05-19T16:40:56.151989,"{'address': '/hover', 'args': 13}"
2025-05-19T16:40:56.165415,"{'address': '/hover', 'args': 25}"
2025-05-19T16:40:56.182822,"{'address': '/hover', 'args': 4}"
2025-05-19T16:40:56.198389,"{'address': '/hover', 'args': 0}"
2025-05-19T16:40:56.367499,"{'address': '/hover', 'args': 18}"
2025-05-19T16:40:56.448443,"{'address': '/hover', 'args': 21}"
2025-05-19T16:40:56.481990,"{'address': '/hover', 'args': 42}"
2025-05-19T16:40:56.499670,"{'address': '/hover', 'args': 48}"
2025-05-19T16:40:56.532296,"{'address': '/hover', 'args': 53}"
2025-05-19T16:40:56.600318,"{'address': '/hover', 'args': 58}"
2025-05-19T16:40:56.614311,"{'address': '/hover', 'args': 38}"
2025-05-19T16:40:56.632388,"{'address': '/hover', 'args': 37}"
2025-05-19T16:40:56.700761,"{'address': '/hover', 'args': 14}"
2025-05-19T16:40:56.701083,"{'address': '/hover', 'args': 41}"
2025-05-19T16:40:56.765372,"{'address': '/hover', 'args': 0}"
2025-05-19T16:40:56.964160,"{'address': '/hover', 'args': 1}"
2025-05-19T16:40:57.285486,"{'address': '/hover', 'args': 25}"
2025-05-19T16:40:57.285265,"{'address': '/hover', 'args': 24}"
2025-05-19T16:40:57.768357,"{'address': '/hover', 'args': 12}"
2025-05-19T16:40:58.793254,"{'address': '/effectPos', 'args': [0.4849726775956284, 0.7144592952612394]}"
2025-05-19T16:40:58.799456,"{'address': '/effectPos', 'args': [0.4959016393442623, 0.7229647630619684]}"
2025-05-19T16:40:58.832270,"{'address': '/effectPos', 'args': [0.5457650273224044, 0.755771567436209]}"
2025-05-19T16:40:58.865660,"{'address': '/effectPos', 'args': [0.5819672131147541, 0.7812879708383961]}"
2025-05-19T16:40:58.899943,"{'address': '/effectPos', 'args': [0.6222677595628415, 0.8068043742405833]}"
2025-05-19T16:40:58.931058,"{'address': '/effectPos', 'args': [0.6591530054644809, 0.8250303766707169]}"
2025-05-19T16:40:58.965427,"{'address': '/effectPos', 'args': [0.680327868852459, 0.8323207776427703]}"
2025-05-19T16:40:58.998440,"{'address': '/effectPos', 'args': [0.6912568306010929, 0.8323207776427703]}"
2025-05-19T16:40:59.032311,"{'address': '/effectPos', 'args': [0.6974043715846995, 0.8298906439854192]}"
2025-05-19T16:41:00.149024,"{'address': '/hover', 'args': 12}"
2025-05-19T16:41:00.164672,"{'address': '/hover', 'args': 13}"
2025-05-19T16:41:00.180899,"{'address': '/hover', 'args': 4}"
2025-05-19T16:41:00.214392,"{'address': '/hover', 'args': 1}"
2025-05-19T16:41:00.264664,"{'address': '/hover', 'args': 14}"
2025-05-19T16:41:00.366231,"{'address': '/hover', 'args': 0}"
2025-05-19T16:41:00.781762,"{'address': '/hover', 'args': 18}"
2025-05-19T16:41:00.848906,"{'address': '/hover', 'args': 42}"
2025-05-19T16:41:00.864985,"{'address': '/hover', 'args': 21}"
2025-05-19T16:41:00.881906,"{'address': '/hover', 'args': 48}"
2025-05-19T16:41:00.982122,"{'address': '/hover', 'args': 53}"
2025-05-19T16:41:01.065609,"{'address': '/hover', 'args': 38}"
2025-05-19T16:41:01.116398,"{'address': '/hover', 'args': 37}"
2025-05-19T16:41:01.198774,"{'address': '/hover', 'args': 14}"
2025-05-19T16:41:01.215475,"{'address': '/hover', 'args': 41}"
2025-05-19T16:41:01.382802,"{'address': '/hover', 'args': 0}"
2025-05-19T16:41:01.599997,"{'address': '/hover', 'args': 1}"
2025-05-19T16:41:01.682083,"{'address': '/hover', 'args': 42}"
2025-05-19T16:41:01.731257,"{'address': '/hover', 'args': 48}"
2025-05-19T16:41:01.799628,"{'address': '/hover', 'args': 21}"
2025-05-19T16:41:02.082838,"{'address': '/hover', 'args': 42}"
2025-05-19T16:41:02.098573,"{'address': '/hover', 'args': 18}"
2025-05-19T16:41:02.148644,"{'address': '/hover', 'args': 1}"
2025-05-19T16:41:02.165230,"{'address': '/hover', 'args': 4}"
2025-05-19T16:41:02.331588,"{'address': '/hover', 'args': 0}"
2025-05-19T16:41:02.399461,"{'address': '/hover', 'args': 14}"
2025-05-19T16:41:02.583545,"{'address': '/hover', 'args': 1}"
2025-05-19T16:41:02.614934,"{'address': '/hover', 'args': 42}"
2025-05-19T16:41:02.732254,"{'address': '/hover', 'args': 53}"
2025-05-19T16:41:02.865434,"{'address': '/hover', 'args': 38}"
2025-05-19T16:41:02.966708,"{'address': '/hover', 'args': 58}"
2025-05-19T16:41:02.982539,"{'address': '/hover', 'args': 37}"
2025-05-19T16:41:03.048625,"{'address': '/hover', 'args': 14}"
2025-05-19T16:41:03.336273,"{'address': '/hover', 'args': 57}"
2025-05-19T16:41:03.336881,"{'address': '/hover', 'args': 59}"
2025-05-19T16:41:03.381903,"{'address': '/hover', 'args': 55}"
2025-05-19T16:41:03.480814,"{'address': '/hover', 'args': 44}"
2025-05-19T16:41:03.547961,"{'address': '/hover', 'args': 51}"
2025-05-19T16:41:03.582785,"{'address': '/hover', 'args': 49}"
2025-05-19T16:41:03.614780,"{'address': '/hover', 'args': 45}"
2025-05-19T16:41:03.800215,"{'address': '/hover', 'args': 16}"
2025-05-19T16:41:03.882148,"{'address': '/hover', 'args': 10}"
2025-05-19T16:41:03.915345,"{'address': '/hover', 'args': 39}"
2025-05-19T16:41:04.151134,"{'address': '/hover', 'args': 22}"
2025-05-19T16:41:04.165545,"{'address': '/hover', 'args': 15}"
2025-05-19T16:41:04.215355,"{'address': '/hover', 'args': 10}"
2025-05-19T16:41:04.231706,"{'address': '/hover', 'args': 11}"
2025-05-19T16:41:04.347779,"{'address': '/hover', 'args': 48}"
2025-05-19T16:41:04.414885,"{'address': '/hover', 'args': 42}"
2025-05-19T16:41:04.531396,"{'address': '/hover', 'args': 53}"
2025-05-19T16:41:04.598003,"{'address': '/hover', 'args': 22}"
2025-05-19T16:41:04.751032,"{'address': '/hover', 'args': 38}"
2025-05-19T16:41:04.815752,"{'address': '/hover', 'args': 58}"
2025-05-19T16:41:04.963774,"{'address': '/hover', 'args': 42}"
2025-05-19T16:41:05.048092,"{'address': '/hover', 'args': 48}"
2025-05-19T16:41:05.150292,"{'address': '/hover', 'args': 7}"
2025-05-19T16:41:05.232004,"{'address': '/hover', 'args': 15}"
2025-05-19T16:41:05.368226,"{'address': '/hover', 'args': 48}"
2025-05-19T16:41:05.415403,"{'address': '/hover', 'args': 42}"
2025-05-19T16:41:05.465344,"{'address': '/hover', 'args': 1}"
2025-05-19T16:41:05.564717,"{'address': '/hover', 'args': 14}"
2025-05-19T16:41:05.866465,"{'address': '/hover', 'args': 41}"
2025-05-19T16:41:06.048557,"{'address': '/hover', 'args': 0}"
2025-05-19T16:41:06.132034,"{'address': '/hover', 'args': 18}"
2025-05-19T16:41:06.183600,"{'address': '/hover', 'args': 42}"
2025-05-19T16:41:06.248841,"{'address': '/hover', 'args': 21}"
2025-05-19T16:41:06.265166,"{'address': '/hover', 'args': 48}"
2025-05-19T16:41:06.434618,"{'address': '/hover', 'args': 53}"
2025-05-19T16:41:06.434534,"{'address': '/hover', 'args': 22}"
2025-05-19T16:41:06.465336,"{'address': '/hover', 'args': 49}"
2025-05-19T16:41:06.481903,"{'address': '/hover', 'args': 38}"
2025-05-19T16:41:06.582248,"{'address': '/hover', 'args': 37}"
2025-05-19T16:41:06.615372,"{'address': '/hover', 'args': 58}"
2025-05-19T16:41:06.631839,"{'address': '/hover', 'args': 14}"
2025-05-19T16:41:06.934988,"{'address': '/hover', 'args': 58}"
2025-05-19T16:41:07.014674,"{'address': '/hover', 'args': 53}"
2025-05-19T16:41:07.117594,"{'address': '/hover', 'args': 49}"
2025-05-19T16:41:07.198629,"{'address': '/hover', 'args': 51}"
2025-05-19T16:41:07.216331,"{'address': '/hover', 'args': 44}"
2025-05-19T16:41:07.432125,"{'address': '/hover', 'args': 49}"
2025-05-19T16:41:07.465403,"{'address': '/hover', 'args': 45}"
2025-05-19T16:41:07.567366,"{'address': '/hover', 'args': 22}"
2025-05-19T16:41:07.717938,"{'address': '/hover', 'args': 15}"
2025-05-19T16:41:07.748045,"{'address': '/hover', 'args': 10}"
2025-05-19T16:41:07.932081,"{'address': '/hover', 'args': 7}"
2025-05-19T16:41:08.166695,"{'address': '/hover', 'args': 19}"
2025-05-19T16:41:08.166633,"{'address': '/hover', 'args': 2}"
2025-05-19T16:41:08.231964,"{'address': '/hover', 'args': 20}"
2025-05-19T16:41:37.265140,"{'address': '/hover', 'args': 12}"
2025-05-19T16:41:37.281281,"{'address': '/hover', 'args': 13}"
2025-05-19T16:41:37.314751,"{'address': '/hover', 'args': 4}"
2025-05-19T16:41:37.365078,"{'address': '/hover', 'args': 0}"
2025-05-19T16:41:37.398500,"{'address': '/hover', 'args': 1}"
2025-05-19T16:41:37.548835,"{'address': '/hover', 'args': 14}"
2025-05-19T16:41:37.732041,"{'address': '/hover', 'args': 37}"
2025-05-19T16:41:37.782090,"{'address': '/hover', 'args': 58}"
2025-05-19T16:41:37.998389,"{'address': '/hover', 'args': 1}"
2025-05-19T16:41:38.198706,"{'address': '/hover', 'args': 4}"
2025-05-19T16:41:38.265270,"{'address': '/hover', 'args': 3}"
2025-05-19T16:41:38.281720,"{'address': '/hover', 'args': 13}"
2025-05-19T16:41:39.315856,"{'address': '/hover', 'args': 13}"
2025-05-19T16:41:39.397529,"{'address': '/hover', 'args': 4}"
2025-05-19T16:41:39.447667,"{'address': '/hover', 'args': 1}"
2025-05-19T16:41:39.514399,"{'address': '/hover', 'args': 58}"
2025-05-19T16:41:39.631271,"{'address': '/hover', 'args': 37}"
2025-05-19T16:41:39.631365,"{'address': '/hover', 'args': 38}"
2025-05-19T16:41:39.731179,"{'address': '/hover', 'args': 41}"
2025-05-19T16:41:39.747678,"{'address': '/hover', 'args': 14}"
2025-05-19T16:41:39.814417,"{'address': '/hover', 'args': 0}"
2025-05-19T16:41:39.898324,"{'address': '/hover', 'args': 1}"
2025-05-19T16:41:39.914438,"{'address': '/hover', 'args': 4}"
2025-05-19T16:41:40.014458,"{'address': '/hover', 'args': 18}"
2025-05-19T16:41:40.282159,"{'address': '/hover', 'args': 3}"
2025-05-19T16:42:12.948191,"{'address': '/hover', 'args': 12}"
2025-05-19T16:42:13.014184,"{'address': '/hover', 'args': 25}"
2025-05-19T16:42:13.047697,"{'address': '/hover', 'args': 13}"
2025-05-19T16:42:13.115368,"{'address': '/hover', 'args': 4}"
2025-05-19T16:42:13.164342,"{'address': '/hover', 'args': 1}"
2025-05-19T16:42:13.214324,"{'address': '/hover', 'args': 58}"
2025-05-19T16:42:13.314625,"{'address': '/hover', 'args': 37}"
2025-05-19T16:42:13.347834,"{'address': '/hover', 'args': 38}"
2025-05-19T16:42:13.447876,"{'address': '/hover', 'args': 59}"
2025-05-19T16:42:13.648781,"{'address': '/hover', 'args': 58}"
2025-05-19T16:42:13.731777,"{'address': '/hover', 'args': 42}"
2025-05-19T16:42:13.814337,"{'address': '/hover', 'args': 53}"
2025-05-19T16:42:13.982280,"{'address': '/hover', 'args': 38}"
2025-05-19T16:42:14.098630,"{'address': '/hover', 'args': 58}"
2025-05-19T16:42:14.198099,"{'address': '/hover', 'args': 1}"
2025-05-19T16:42:14.198144,"{'address': '/hover', 'args': 42}"
2025-05-19T16:42:14.230999,"{'address': '/hover', 'args': 18}"
2025-05-19T16:42:14.247716,"{'address': '/hover', 'args': 4}"
2025-05-19T16:42:14.331252,"{'address': '/hover', 'args': 13}"
2025-05-19T16:42:15.234170,"{'address': '/hover', 'args': 12}"
2025-05-19T16:42:15.234240,"{'address': '/hover', 'args': 13}"
2025-05-19T16:42:15.264402,"{'address': '/hover', 'args': 4}"
2025-05-19T16:42:15.264462,"{'address': '/hover', 'args': 25}"
2025-05-19T16:42:15.297420,"{'address': '/hover', 'args': 0}"
2025-05-19T16:42:15.347441,"{'address': '/hover', 'args': 14}"
2025-05-19T16:42:15.683261,"{'address': '/hover', 'args': 4}"
2025-05-19T16:42:15.747688,"{'address': '/hover', 'args': 13}"
2025-05-19T16:42:15.831013,"{'address': '/hover', 'args': 3}"
2025-05-19T16:42:15.914453,"{'address': '/hover', 'args': 18}"
2025-05-19T16:42:15.930972,"{'address': '/hover', 'args': 1}"
2025-05-19T16:42:15.965273,"{'address': '/hover', 'args': 42}"
2025-05-19T16:42:15.982065,"{'address': '/hover', 'args': 58}"
2025-05-19T16:42:16.031431,"{'address': '/hover', 'args': 38}"
2025-05-19T16:42:16.215033,"{'address': '/hover', 'args': 37}"
2025-05-19T16:42:16.314943,"{'address': '/hover', 'args': 14}"
2025-05-19T16:42:16.414875,"{'address': '/hover', 'args': 1}"
2025-05-19T16:42:16.465556,"{'address': '/hover', 'args': 18}"
2025-05-19T16:42:16.581113,"{'address': '/hover', 'args': 20}"
2025-05-19T16:42:16.681582,"{'address': '/hover', 'args': 3}"
2025-05-19T16:47:03.096607,"{'address': '/hover', 'args': 12}"
2025-05-19T16:47:03.129730,"{'address': '/hover', 'args': 13}"
2025-05-19T16:47:03.196962,"{'address': '/hover', 'args': 4}"
2025-05-19T16:47:03.666222,"{'address': '/hover', 'args': 18}"
2025-05-19T16:47:03.713208,"{'address': '/hover', 'args': 42}"
2025-05-19T16:47:03.764441,"{'address': '/hover', 'args': 48}"
2025-05-19T16:47:03.834887,"{'address': '/hover', 'args': 53}"
2025-05-19T16:47:03.912538,"{'address': '/hover', 'args': 58}"
2025-05-19T16:47:03.930444,"{'address': '/hover', 'args': 38}"
2025-05-19T16:47:03.979742,"{'address': '/hover', 'args': 37}"
2025-05-19T16:47:04.047262,"{'address': '/hover', 'args': 14}"
2025-05-19T16:47:04.119239,"{'address': '/hover', 'args': 41}"
2025-05-19T16:47:04.247991,"{'address': '/hover', 'args': 0}"
2025-05-19T16:47:04.664291,"{'address': '/hover', 'args': 4}"
2025-05-19T16:47:04.879814,"{'address': '/hover', 'args': 1}"
2025-05-19T16:47:04.896453,"{'address': '/hover', 'args': 18}"
2025-05-19T16:47:04.956495,"{'address': '/hover', 'args': 42}"
2025-05-19T16:47:05.029830,"{'address': '/hover', 'args': 58}"
2025-05-19T16:47:05.080147,"{'address': '/hover', 'args': 14}"
2025-05-19T16:47:05.245998,"{'address': '/hover', 'args': 1}"
2025-05-19T16:47:05.330745,"{'address': '/hover', 'args': 42}"
2025-05-19T16:47:05.352369,"{'address': '/hover', 'args': 58}"
2025-05-19T16:47:05.414578,"{'address': '/hover', 'args': 53}"
2025-05-19T16:47:05.647180,"{'address': '/hover', 'args': 42}"
2025-05-19T16:47:05.680401,"{'address': '/hover', 'args': 1}"
2025-05-19T16:47:05.746459,"{'address': '/hover', 'args': 0}"
2025-05-19T16:47:05.981009,"{'address': '/hover', 'args': 42}"
2025-05-19T16:47:05.981706,"{'address': '/hover', 'args': 58}"
2025-05-19T16:47:06.113694,"{'address': '/hover', 'args': 1}"
2025-05-19T16:47:06.135457,"{'address': '/hover', 'args': 14}"
2025-05-19T16:47:06.184097,"{'address': '/hover', 'args': 0}"
2025-05-19T16:47:06.264532,"{'address': '/hover', 'args': 4}"
2025-05-19T16:47:06.397436,"{'address': '/hover', 'args': 3}"
2025-05-19T16:47:06.397548,"{'address': '/hover', 'args': 13}"
2025-05-19T16:47:28.765428,"{'address': '/hover', 'args': 13}"
2025-05-19T16:47:28.779470,"{'address': '/hover', 'args': 4}"
2025-05-19T16:47:28.813024,"{'address': '/hover', 'args': 1}"
2025-05-19T16:47:28.829443,"{'address': '/hover', 'args': 42}"
2025-05-19T16:47:28.846152,"{'address': '/hover', 'args': 58}"
2025-05-19T16:47:28.862756,"{'address': '/hover', 'args': 53}"
2025-05-19T16:47:28.897770,"{'address': '/hover', 'args': 38}"
2025-05-19T16:47:28.913149,"{'address': '/hover', 'args': 49}"
2025-05-19T16:47:28.979444,"{'address': '/hover', 'args': 51}"
2025-05-19T16:47:29.063749,"{'address': '/hover', 'args': 34}"
2025-05-19T16:47:29.163663,"{'address': '/hover', 'args': 44}"
2025-05-19T16:47:29.164356,"{'address': '/hover', 'args': 54}"
2025-05-19T16:47:29.246484,"{'address': '/hover', 'args': 38}"
2025-05-19T16:47:29.345451,"{'address': '/hover', 'args': 58}"
2025-05-19T16:47:29.547295,"{'address': '/hover', 'args': 53}"
2025-05-19T16:47:29.597060,"{'address': '/hover', 'args': 38}"
2025-05-19T16:47:29.713701,"{'address': '/hover', 'args': 37}"
2025-05-19T16:47:29.763883,"{'address': '/hover', 'args': 14}"
2025-05-19T16:47:29.797009,"{'address': '/hover', 'args': 0}"
2025-05-19T16:47:29.813376,"{'address': '/hover', 'args': 24}"
2025-05-19T16:47:29.830352,"{'address': '/hover', 'args': 25}"
2025-05-19T16:47:29.987452,"{'address': '/hover', 'args': 12}"
2025-05-19T16:47:31.247937,"{'address': '/hover', 'args': 13}"
2025-05-19T16:47:31.247888,"{'address': '/hover', 'args': 12}"
2025-05-19T16:47:31.295782,"{'address': '/hover', 'args': 4}"
2025-05-19T16:47:31.329184,"{'address': '/hover', 'args': 1}"
2025-05-19T16:47:31.362841,"{'address': '/hover', 'args': 58}"
2025-05-19T16:47:31.429117,"{'address': '/hover', 'args': 38}"
2025-05-19T16:47:31.496118,"{'address': '/hover', 'args': 37}"
2025-05-19T16:47:31.512719,"{'address': '/hover', 'args': 59}"
2025-05-19T16:47:31.579626,"{'address': '/hover', 'args': 57}"
2025-05-19T16:47:31.612822,"{'address': '/hover', 'args': 41}"
2025-05-19T16:47:31.629967,"{'address': '/hover', 'args': 14}"
2025-05-19T16:47:31.646384,"{'address': '/hover', 'args': 0}"
2025-05-19T16:47:31.697101,"{'address': '/hover', 'args': 4}"
2025-05-19T16:47:31.746909,"{'address': '/hover', 'args': 13}"
2025-05-19T16:47:31.780264,"{'address': '/hover', 'args': 3}"
2025-05-19T16:48:17.180957,"{'address': '/hover', 'args': 13}"
2025-05-19T16:48:17.213426,"{'address': '/hover', 'args': 3}"
2025-05-19T16:48:17.245393,"{'address': '/hover', 'args': 18}"
2025-05-19T16:48:17.313278,"{'address': '/hover', 'args': 42}"
2025-05-19T16:48:17.379839,"{'address': '/hover', 'args': 58}"
2025-05-19T16:48:17.496100,"{'address': '/hover', 'args': 14}"
2025-05-19T16:48:17.679757,"{'address': '/hover', 'args': 0}"
2025-05-19T16:48:17.696497,"{'address': '/hover', 'args': 1}"
2025-05-19T16:48:17.780051,"{'address': '/hover', 'args': 42}"
2025-05-19T16:48:17.862843,"{'address': '/hover', 'args': 58}"
2025-05-19T16:48:17.963141,"{'address': '/hover', 'args': 37}"
2025-05-19T16:48:18.030081,"{'address': '/hover', 'args': 14}"
2025-05-19T16:48:18.181111,"{'address': '/hover', 'args': 1}"
2025-05-19T16:48:18.180898,"{'address': '/hover', 'args': 0}"
2025-05-19T16:48:18.216917,"{'address': '/hover', 'args': 4}"
2025-05-19T16:48:18.329524,"{'address': '/hover', 'args': 13}"
2025-05-19T16:48:19.212742,"{'address': '/hover', 'args': 13}"
2025-05-19T16:48:19.262379,"{'address': '/hover', 'args': 3}"
2025-05-19T16:48:19.278888,"{'address': '/hover', 'args': 4}"
2025-05-19T16:48:19.295774,"{'address': '/hover', 'args': 18}"
2025-05-19T16:48:19.312490,"{'address': '/hover', 'args': 1}"
2025-05-19T16:48:19.362911,"{'address': '/hover', 'args': 58}"
2025-05-19T16:48:19.412619,"{'address': '/hover', 'args': 14}"
2025-05-19T16:48:19.429293,"{'address': '/hover', 'args': 37}"
2025-05-19T16:48:19.462715,"{'address': '/hover', 'args': 41}"
2025-05-19T16:48:19.580096,"{'address': '/hover', 'args': 0}"
2025-05-19T16:48:19.629845,"{'address': '/hover', 'args': 4}"
2025-05-19T16:48:19.680094,"{'address': '/hover', 'args': 3}"
2025-05-19T16:48:19.746896,"{'address': '/hover', 'args': 20}"
2025-05-19T16:49:01.412561,"{'address': '/hover', 'args': 25}"
2025-05-19T16:49:01.428897,"{'address': '/hover', 'args': 4}"
2025-05-19T16:49:01.462426,"{'address': '/hover', 'args': 0}"
2025-05-19T16:49:01.462851,"{'address': '/hover', 'args': 1}"
2025-05-19T16:49:01.496410,"{'address': '/hover', 'args': 58}"
2025-05-19T16:49:01.528229,"{'address': '/hover', 'args': 53}"
2025-05-19T16:49:01.561650,"{'address': '/hover', 'args': 38}"
2025-05-19T16:49:01.612633,"{'address': '/hover', 'args': 49}"
2025-05-19T16:49:01.695095,"{'address': '/hover', 'args': 44}"
2025-05-19T16:49:01.729285,"{'address': '/hover', 'args': 59}"
2025-05-19T16:49:01.779266,"{'address': '/hover', 'args': 37}"
2025-05-19T16:49:01.997285,"{'address': '/hover', 'args': 14}"
2025-05-19T16:49:02.030135,"{'address': '/hover', 'args': 58}"
2025-05-19T16:49:02.062880,"{'address': '/hover', 'args': 1}"
2025-05-19T16:49:02.348601,"{'address': '/hover', 'args': 18}"
2025-05-19T16:49:02.412555,"{'address': '/hover', 'args': 3}"
2025-05-19T16:49:02.546240,"{'address': '/hover', 'args': 13}"
2025-05-19T16:49:03.397134,"{'address': '/hover', 'args': 13}"
2025-05-19T16:49:03.479035,"{'address': '/hover', 'args': 4}"
2025-05-19T16:49:03.529142,"{'address': '/hover', 'args': 1}"
2025-05-19T16:49:03.579336,"{'address': '/hover', 'args': 42}"
2025-05-19T16:49:03.596247,"{'address': '/hover', 'args': 58}"
2025-05-19T16:49:03.712513,"{'address': '/hover', 'args': 37}"
2025-05-19T16:49:03.779777,"{'address': '/hover', 'args': 41}"
2025-05-19T16:49:03.945826,"{'address': '/hover', 'args': 14}"
2025-05-19T16:49:03.979135,"{'address': '/hover', 'args': 0}"
2025-05-19T16:49:04.046411,"{'address': '/hover', 'args': 1}"
2025-05-19T16:49:04.196584,"{'address': '/hover', 'args': 42}"
2025-05-19T16:49:04.379836,"{'address': '/hover', 'args': 4}"
2025-05-19T16:49:04.463155,"{'address': '/hover', 'args': 13}"
2025-05-19T16:49:05.568172,"{'address': '/hover', 'args': 3}"
2025-05-19T16:49:05.662239,"{'address': '/hover', 'args': 18}"
2025-05-19T16:49:05.932867,"{'address': '/hover', 'args': 1}"
2025-05-19T16:49:06.078947,"{'address': '/hover', 'args': 3}"
2025-05-19T16:49:06.128984,"{'address': '/hover', 'args': 20}"
2025-05-19T16:49:41.446607,"{'address': '/hover', 'args': 12}"
2025-05-19T16:49:41.496113,"{'address': '/hover', 'args': 13}"
2025-05-19T16:49:41.530419,"{'address': '/hover', 'args': 25}"
2025-05-19T16:49:41.547223,"{'address': '/hover', 'args': 4}"
2025-05-19T16:49:41.612568,"{'address': '/hover', 'args': 1}"
2025-05-19T16:49:41.646420,"{'address': '/hover', 'args': 42}"
2025-05-19T16:49:41.687131,"{'address': '/hover', 'args': 58}"
2025-05-19T16:49:41.695315,"{'address': '/hover', 'args': 53}"
2025-05-19T16:49:41.812421,"{'address': '/hover', 'args': 38}"
2025-05-19T16:49:41.863001,"{'address': '/hover', 'args': 37}"
2025-05-19T16:49:41.895749,"{'address': '/hover', 'args': 14}"
2025-05-19T16:49:41.962115,"{'address': '/hover', 'args': 1}"
2025-05-19T16:49:42.062655,"{'address': '/hover', 'args': 18}"
2025-05-19T16:49:42.112348,"{'address': '/hover', 'args': 4}"
2025-05-19T16:49:42.146002,"{'address': '/hover', 'args': 3}"
2025-05-19T16:49:42.162399,"{'address': '/hover', 'args': 13}"
2025-05-19T16:49:42.829617,"{'address': '/hover', 'args': 13}"
2025-05-19T16:49:42.829561,"{'address': '/hover', 'args': 12}"
2025-05-19T16:49:42.878916,"{'address': '/hover', 'args': 4}"
2025-05-19T16:49:42.912816,"{'address': '/hover', 'args': 0}"
2025-05-19T16:49:42.929744,"{'address': '/hover', 'args': 1}"
2025-05-19T16:49:42.945955,"{'address': '/hover', 'args': 14}"
2025-05-19T16:49:42.962887,"{'address': '/hover', 'args': 58}"
2025-05-19T16:49:43.012689,"{'address': '/hover', 'args': 38}"
2025-05-19T16:49:43.062367,"{'address': '/hover', 'args': 37}"
2025-05-19T16:49:43.179816,"{'address': '/hover', 'args': 41}"
2025-05-19T16:49:43.229472,"{'address': '/hover', 'args': 0}"
2025-05-19T16:49:43.296873,"{'address': '/hover', 'args': 4}"
2025-05-19T16:49:43.296791,"{'address': '/hover', 'args': 1}"
2025-05-19T16:49:43.379763,"{'address': '/hover', 'args': 42}"
2025-05-19T16:49:43.412909,"{'address': '/hover', 'args': 53}"
2025-05-19T16:49:43.512759,"{'address': '/hover', 'args': 38}"
2025-05-19T16:49:43.528878,"{'address': '/hover', 'args': 58}"
2025-05-19T16:49:43.563469,"{'address': '/hover', 'args': 37}"
2025-05-19T16:49:43.612481,"{'address': '/hover', 'args': 14}"
2025-05-19T16:49:43.612852,"{'address': '/hover', 'args': 41}"
2025-05-19T16:49:43.679252,"{'address': '/hover', 'args': 0}"
2025-05-19T16:49:43.695213,"{'address': '/hover', 'args': 1}"
2025-05-19T16:49:43.728989,"{'address': '/hover', 'args': 18}"
2025-05-19T16:49:43.764262,"{'address': '/hover', 'args': 3}"
2025-05-19T16:49:43.764491,"{'address': '/hover', 'args': 20}"
2025-05-19T16:50:35.245988,"{'address': '/hover', 'args': 13}"
2025-05-19T16:50:35.295550,"{'address': '/hover', 'args': 4}"
2025-05-19T16:50:35.328796,"{'address': '/hover', 'args': 18}"
2025-05-19T16:50:35.361750,"{'address': '/hover', 'args': 1}"
2025-05-19T16:50:35.478674,"{'address': '/hover', 'args': 14}"
2025-05-19T16:50:35.495660,"{'address': '/hover', 'args': 58}"
2025-05-19T16:50:35.612357,"{'address': '/hover', 'args': 41}"
2025-05-19T16:50:35.845454,"{'address': '/hover', 'args': 1}"
2025-05-19T16:50:36.149209,"{'address': '/hover', 'args': 4}"
2025-05-19T16:50:36.229521,"{'address': '/hover', 'args': 13}"
2025-05-19T16:50:37.462197,"{'address': '/hover', 'args': 13}"
2025-05-19T16:50:37.511954,"{'address': '/hover', 'args': 4}"
2025-05-19T16:50:37.528611,"{'address': '/hover', 'args': 1}"
2025-05-19T16:50:37.562552,"{'address': '/hover', 'args': 58}"
2025-05-19T16:50:37.595261,"{'address': '/hover', 'args': 38}"
2025-05-19T16:50:37.645457,"{'address': '/hover', 'args': 44}"
2025-05-19T16:50:37.695840,"{'address': '/hover', 'args': 59}"
2025-05-19T16:50:37.812704,"{'address': '/hover', 'args': 57}"
2025-05-19T16:50:37.979398,"{'address': '/hover', 'args': 54}"
2025-05-19T16:50:37.996001,"{'address': '/hover', 'args': 33}"
2025-05-19T16:50:51.229558,"{'address': '/hover', 'args': 40}"
2025-05-19T16:50:51.278582,"{'address': '/hover', 'args': 55}"
2025-05-19T16:50:51.295200,"{'address': '/hover', 'args': 54}"
2025-05-19T16:50:51.345333,"{'address': '/hover', 'args': 44}"
2025-05-19T16:50:51.412207,"{'address': '/hover', 'args': 49}"
2025-05-19T16:50:51.646592,"{'address': '/hover', 'args': 53}"
2025-05-19T16:50:51.729089,"{'address': '/hover', 'args': 48}"
2025-05-19T16:50:51.745456,"{'address': '/hover', 'args': 42}"
2025-05-19T16:50:52.064229,"{'address': '/hover', 'args': 58}"
2025-05-19T16:50:52.128851,"{'address': '/hover', 'args': 1}"
2025-05-19T16:50:52.145543,"{'address': '/hover', 'args': 14}"
2025-05-19T16:50:52.329403,"{'address': '/hover', 'args': 0}"
2025-05-19T16:50:52.362665,"{'address': '/hover', 'args': 4}"
2025-05-19T16:50:52.395963,"{'address': '/hover', 'args': 25}"
2025-05-19T16:50:52.428623,"{'address': '/hover', 'args': 13}"
2025-05-19T16:50:52.546132,"{'address': '/hover', 'args': 12}"
2025-05-19T16:50:53.397356,"{'address': '/hover', 'args': 12}"
2025-05-19T16:50:53.397773,"{'address': '/hover', 'args': 13}"
2025-05-19T16:50:53.462033,"{'address': '/hover', 'args': 4}"
2025-05-19T16:50:53.462635,"{'address': '/hover', 'args': 25}"
2025-05-19T16:50:53.495201,"{'address': '/hover', 'args': 0}"
2025-05-19T16:50:53.797633,"{'address': '/hover', 'args': 13}"
2025-05-19T16:50:54.129306,"{'address': '/hover', 'args': 18}"
2025-05-19T16:50:54.146557,"{'address': '/hover', 'args': 1}"
2025-05-19T16:50:54.463704,"{'address': '/hover', 'args': 13}"
2025-05-19T16:50:54.495606,"{'address': '/hover', 'args': 3}"
2025-05-19T16:54:59.695162,"{'address': '/hover', 'args': 12}"
2025-05-19T16:54:59.696310,"{'address': '/hover', 'args': 13}"
2025-05-19T16:54:59.761779,"{'address': '/hover', 'args': 4}"
2025-05-19T16:54:59.795315,"{'address': '/hover', 'args': 18}"
2025-05-19T16:54:59.811667,"{'address': '/hover', 'args': 1}"
2025-05-19T16:54:59.878617,"{'address': '/hover', 'args': 42}"
2025-05-19T16:54:59.994964,"{'address': '/hover', 'args': 0}"
2025-05-19T16:55:00.027581,"{'address': '/hover', 'args': 13}"
2025-05-19T16:55:00.060589,"{'address': '/hover', 'args': 12}"
2025-05-19T16:55:00.627531,"{'address': '/hover', 'args': 12}"
2025-05-19T16:55:00.644165,"{'address': '/hover', 'args': 13}"
2025-05-19T16:55:00.694854,"{'address': '/hover', 'args': 25}"
2025-05-19T16:55:00.728550,"{'address': '/hover', 'args': 4}"
2025-05-19T16:55:00.778614,"{'address': '/hover', 'args': 0}"
2025-05-19T16:55:00.778876,"{'address': '/hover', 'args': 1}"
2025-05-19T16:55:00.861182,"{'address': '/hover', 'args': 58}"
2025-05-19T16:55:00.894100,"{'address': '/hover', 'args': 14}"
2025-05-19T16:55:00.961143,"{'address': '/hover', 'args': 37}"
2025-05-19T16:55:00.994762,"{'address': '/hover', 'args': 41}"
2025-05-19T16:55:01.060288,"{'address': '/hover', 'args': 24}"
2025-05-19T16:55:01.095647,"{'address': '/hover', 'args': 25}"
2025-05-19T16:55:01.178174,"{'address': '/hover', 'args': 13}"
2025-05-19T16:55:57.780400,"{'address': '/hover', 'args': 13}"
2025-05-19T16:55:57.829026,"{'address': '/hover', 'args': 3}"
2025-05-19T16:55:57.896889,"{'address': '/hover', 'args': 20}"
2025-05-19T16:55:57.912014,"{'address': '/hover', 'args': 18}"
2025-05-19T16:55:57.946658,"{'address': '/hover', 'args': 21}"
2025-05-19T16:55:58.012106,"{'address': '/hover', 'args': 42}"
2025-05-19T16:55:58.064780,"{'address': '/hover', 'args': 58}"
2025-05-19T16:55:58.095169,"{'address': '/hover', 'args': 14}"
2025-05-19T16:55:58.145432,"{'address': '/hover', 'args': 41}"
2025-05-19T16:55:58.228687,"{'address': '/hover', 'args': 23}"
2025-05-19T16:55:58.329426,"{'address': '/hover', 'args': 0}"
2025-05-19T16:55:58.379294,"{'address': '/hover', 'args': 1}"
2025-05-19T16:55:58.395777,"{'address': '/hover', 'args': 4}"
2025-05-19T16:55:58.429038,"{'address': '/hover', 'args': 18}"
2025-05-19T16:55:58.496236,"{'address': '/hover', 'args': 20}"
2025-05-19T16:56:18.760874,"{'address': '/hover', 'args': 13}"
2025-05-19T16:56:18.862247,"{'address': '/hover', 'args': 4}"
2025-05-19T16:56:18.910975,"{'address': '/hover', 'args': 0}"
2025-05-19T16:56:18.943948,"{'address': '/hover', 'args': 1}"
2025-05-19T16:56:18.965054,"{'address': '/hover', 'args': 14}"
2025-05-19T16:56:19.043967,"{'address': '/hover', 'args': 42}"
2025-05-19T16:56:19.095805,"{'address': '/hover', 'args': 48}"
2025-05-19T16:56:19.095903,"{'address': '/hover', 'args': 53}"
2025-05-19T16:56:19.145034,"{'address': '/hover', 'args': 22}"
2025-05-19T16:56:19.228627,"{'address': '/hover', 'args': 49}"
2025-05-19T16:56:19.252896,"{'address': '/hover', 'args': 38}"
2025-05-19T16:56:19.362250,"{'address': '/hover', 'args': 58}"
2025-05-19T16:56:19.362190,"{'address': '/hover', 'args': 37}"
2025-05-19T16:56:19.436091,"{'address': '/hover', 'args': 14}"
2025-05-19T16:56:19.460969,"{'address': '/hover', 'args': 1}"
2025-05-19T16:56:19.510979,"{'address': '/hover', 'args': 0}"
2025-05-19T16:56:19.526809,"{'address': '/hover', 'args': 4}"
2025-05-19T16:56:19.594732,"{'address': '/hover', 'args': 13}"
2025-05-19T16:56:19.595082,"{'address': '/hover', 'args': 25}"
2025-05-19T16:56:19.645437,"{'address': '/hover', 'args': 12}"
2025-05-19T16:56:20.660793,"{'address': '/hover', 'args': 12}"
2025-05-19T16:56:20.677159,"{'address': '/hover', 'args': 13}"
2025-05-19T16:56:20.760653,"{'address': '/hover', 'args': 4}"
2025-05-19T16:56:20.827954,"{'address': '/hover', 'args': 1}"
2025-05-19T16:56:20.898959,"{'address': '/hover', 'args': 58}"
2025-05-19T16:56:20.998767,"{'address': '/hover', 'args': 37}"
2025-05-19T16:56:21.044549,"{'address': '/hover', 'args': 41}"
2025-05-19T16:56:21.066278,"{'address': '/hover', 'args': 14}"
2025-05-19T16:56:21.128198,"{'address': '/hover', 'args': 0}"
2025-05-19T16:56:21.227410,"{'address': '/hover', 'args': 4}"
2025-05-19T16:56:21.277551,"{'address': '/hover', 'args': 1}"
2025-05-19T16:56:22.678762,"{'address': '/hover', 'args': 4}"
2025-05-19T16:56:22.728520,"{'address': '/hover', 'args': 13}"
2025-05-19T16:56:22.727507,"{'address': '/hover', 'args': 3}"
2025-05-19T17:00:10.943431,"{'address': '/hover', 'args': 12}"
2025-05-19T17:00:10.993104,"{'address': '/hover', 'args': 13}"
2025-05-19T17:00:11.026959,"{'address': '/hover', 'args': 4}"
2025-05-19T17:00:11.111318,"{'address': '/hover', 'args': 1}"
2025-05-19T17:00:11.276704,"{'address': '/hover', 'args': 42}"
2025-05-19T17:00:12.912651,"{'address': '/hover', 'args': 0}"
2025-05-19T17:00:12.927194,"{'address': '/hover', 'args': 4}"
2025-05-19T17:00:12.976407,"{'address': '/hover', 'args': 13}"
2025-05-19T17:00:12.976775,"{'address': '/hover', 'args': 25}"
2025-05-19T17:00:13.709570,"{'address': '/hover', 'args': 13}"
2025-05-19T17:00:13.775919,"{'address': '/hover', 'args': 4}"
2025-05-19T17:00:13.810056,"{'address': '/hover', 'args': 1}"
2025-05-19T17:00:13.842760,"{'address': '/hover', 'args': 42}"
2025-05-19T17:00:13.859394,"{'address': '/hover', 'args': 58}"
2025-05-19T17:00:13.909647,"{'address': '/hover', 'args': 53}"
2025-05-19T17:00:13.959626,"{'address': '/hover', 'args': 38}"
2025-05-19T17:00:14.009513,"{'address': '/hover', 'args': 37}"
2025-05-19T17:00:14.043578,"{'address': '/hover', 'args': 14}"
2025-05-19T17:00:14.110216,"{'address': '/hover', 'args': 0}"
2025-05-19T17:00:14.210092,"{'address': '/hover', 'args': 4}"
2025-05-19T17:00:14.226579,"{'address': '/hover', 'args': 1}"
2025-05-19T17:00:14.293127,"{'address': '/hover', 'args': 18}"
2025-05-19T17:00:14.477156,"{'address': '/hover', 'args': 3}"
2025-05-19T17:00:14.761909,"{'address': '/hover', 'args': 20}"
2025-05-19T17:00:15.227296,"{'address': '/hover', 'args': 42}"
2025-05-19T17:00:15.426263,"{'address': '/hover', 'args': 53}"
2025-05-19T17:00:15.626058,"{'address': '/hover', 'args': 58}"
2025-05-19T17:00:15.912152,"{'address': '/hover', 'args': 53}"
2025-05-19T17:00:16.159707,"{'address': '/hover', 'args': 38}"
2025-05-19T17:00:16.410250,"{'address': '/hover', 'args': 53}"
2025-05-19T17:00:16.678943,"{'address': '/hover', 'args': 48}"
2025-05-19T17:00:17.043460,"{'address': '/hover', 'args': 22}"
2025-05-19T17:00:17.294596,"{'address': '/hover', 'args': 49}"
2025-05-19T17:00:17.628609,"{'address': '/hover', 'args': 45}"
2025-05-19T17:00:18.062047,"{'address': '/hover', 'args': 38}"
2025-05-19T17:00:18.276389,"{'address': '/hover', 'args': 58}"
2025-05-19T17:00:18.544881,"{'address': '/hover', 'args': 1}"
2025-05-19T17:00:19.062321,"{'address': '/hover', 'args': 37}"
2025-05-19T17:00:19.497102,"{'address': '/hover', 'args': 44}"
2025-05-19T17:00:19.576182,"{'address': '/hover', 'args': 38}"
2025-05-19T17:00:19.675996,"{'address': '/hover', 'args': 42}"
2025-05-19T17:00:19.960610,"{'address': '/hover', 'args': 21}"
2025-05-19T17:00:20.042580,"{'address': '/hover', 'args': 21}"
2025-05-19T17:00:20.077141,"{'address': '/hover', 'args': 21}"
2025-05-19T17:00:20.109362,"{'address': '/hover', 'args': 21}"
2025-05-19T17:00:20.175794,"{'address': '/hover', 'args': 2}"
2025-05-19T17:00:20.211454,"{'address': '/hover', 'args': 2}"
2025-05-19T17:00:20.243250,"{'address': '/hover', 'args': 2}"
2025-05-19T17:00:20.275471,"{'address': '/hover', 'args': 2}"
2025-05-19T17:00:20.308986,"{'address': '/hover', 'args': 2}"
2025-05-19T17:00:20.342333,"{'address': '/hover', 'args': 2}"
2025-05-19T17:00:20.376339,"{'address': '/hover', 'args': 19}"
2025-05-19T17:00:20.376307,"{'address': '/hover', 'args': 2}"
2025-05-19T17:00:20.409937,"{'address': '/hover', 'args': 2}"
2025-05-19T17:00:20.412516,"{'address': '/hover', 'args': 19}"
2025-05-19T17:00:20.427169,"{'address': '/hover', 'args': 2}"
2025-05-19T17:00:20.427774,"{'address': '/hover', 'args': 19}"
2025-05-19T17:00:20.459159,"{'address': '/hover', 'args': 19}"
2025-05-19T17:00:20.459097,"{'address': '/hover', 'args': 2}"
2025-05-19T17:00:20.592418,"{'address': '/hover', 'args': 7}"
2025-05-19T17:00:20.625635,"{'address': '/hover', 'args': 48}"
2025-05-19T17:00:20.692554,"{'address': '/hover', 'args': 53}"
2025-05-19T17:00:20.909524,"{'address': '/hover', 'args': 42}"
2025-05-19T17:00:21.159327,"{'address': '/hover', 'args': 18}"
2025-05-19T17:00:21.192618,"{'address': '/hover', 'args': 21}"
2025-05-19T17:00:21.309155,"{'address': '/hover', 'args': 7}"
2025-05-19T17:00:21.376732,"{'address': '/hover', 'args': 48}"
2025-05-19T17:00:21.426122,"{'address': '/hover', 'args': 22}"
2025-05-19T17:00:21.493485,"{'address': '/hover', 'args': 53}"
2025-05-19T17:00:21.643500,"{'address': '/hover', 'args': 58}"
2025-05-19T17:00:21.726936,"{'address': '/hover', 'args': 42}"
2025-05-19T17:00:21.843316,"{'address': '/hover', 'args': 18}"
2025-05-19T17:00:21.943885,"{'address': '/hover', 'args': 21}"
2025-05-19T17:00:22.060205,"{'address': '/hover', 'args': 48}"
2025-05-19T17:00:22.260394,"{'address': '/hover', 'args': 53}"
2025-05-19T17:00:22.426980,"{'address': '/hover', 'args': 58}"
2025-05-19T17:00:22.609964,"{'address': '/hover', 'args': 14}"
2025-05-19T17:00:22.710620,"{'address': '/hover', 'args': 1}"
2025-05-19T17:00:22.893474,"{'address': '/hover', 'args': 0}"
2025-05-19T17:00:23.026836,"{'address': '/hover', 'args': 4}"
2025-05-19T17:00:23.093502,"{'address': '/hover', 'args': 3}"
2025-05-19T17:00:23.160366,"{'address': '/hover', 'args': 20}"
2025-05-19T17:00:23.243696,"{'address': '/hover', 'args': 2}"
2025-05-19T17:00:23.376819,"{'address': '/hover', 'args': 19}"
2025-05-19T17:00:23.610560,"{'address': '/hover', 'args': 19}"
2025-05-19T17:00:23.663789,"{'address': '/hover', 'args': 19}"
2025-05-19T17:00:23.693477,"{'address': '/hover', 'args': 2}"
2025-05-19T17:00:23.727300,"{'address': '/hover', 'args': 2}"
2025-05-19T17:00:23.759553,"{'address': '/hover', 'args': 21}"
2025-05-19T17:00:23.792572,"{'address': '/hover', 'args': 21}"
2025-05-19T17:00:24.192412,"{'address': '/hover', 'args': 21}"
2025-05-19T17:00:24.210266,"{'address': '/hover', 'args': 21}"
2025-05-19T17:00:24.243069,"{'address': '/hover', 'args': 2}"
2025-05-19T17:00:24.275832,"{'address': '/hover', 'args': 2}"
2025-05-19T17:00:24.292656,"{'address': '/hover', 'args': 19}"
2025-05-19T17:00:24.309979,"{'address': '/hover', 'args': 19}"
2025-05-19T17:00:24.792416,"{'address': '/hover', 'args': 6}"
2025-05-19T17:00:24.809004,"{'address': '/hover', 'args': 19}"
2025-05-19T17:00:24.825570,"{'address': '/hover', 'args': 7}"
2025-05-19T17:00:24.876265,"{'address': '/hover', 'args': 48}"
2025-05-19T17:00:24.876220,"{'address': '/hover', 'args': 21}"
2025-05-19T17:00:24.892255,"{'address': '/hover', 'args': 42}"
2025-05-19T17:00:24.908973,"{'address': '/hover', 'args': 53}"
2025-05-19T17:00:25.009117,"{'address': '/hover', 'args': 58}"
2025-05-19T17:00:25.059942,"{'address': '/hover', 'args': 38}"
2025-05-19T17:00:25.126020,"{'address': '/hover', 'args': 37}"
2025-05-19T17:00:25.142612,"{'address': '/hover', 'args': 14}"
2025-05-19T17:00:25.192611,"{'address': '/hover', 'args': 1}"
2025-05-19T17:00:25.242664,"{'address': '/hover', 'args': 0}"
2025-05-19T17:00:25.326069,"{'address': '/hover', 'args': 24}"
2025-05-19T17:00:37.294211,"{'address': '/effectPos', 'args': [0.7331932773109243, 0.8594771241830066]}"
2025-05-19T17:00:38.426718,"{'address': '/hover', 'args': 12}"
2025-05-19T17:00:38.442595,"{'address': '/hover', 'args': 13}"
2025-05-19T17:00:38.459168,"{'address': '/hover', 'args': 4}"
2025-05-19T17:00:38.459622,"{'address': '/hover', 'args': 25}"
2025-05-19T17:00:38.493141,"{'address': '/hover', 'args': 18}"
2025-05-19T17:00:38.493080,"{'address': '/hover', 'args': 1}"
2025-05-19T17:00:38.525713,"{'address': '/hover', 'args': 42}"
2025-05-19T17:00:38.609446,"{'address': '/hover', 'args': 48}"
2025-05-19T17:00:38.642669,"{'address': '/hover', 'args': 21}"
2025-05-19T17:00:38.926326,"{'address': '/hover', 'args': 42}"
2025-05-19T17:00:38.959245,"{'address': '/hover', 'args': 53}"
2025-05-19T17:00:39.016159,"{'address': '/hover', 'args': 58}"
2025-05-19T17:00:39.076199,"{'address': '/hover', 'args': 38}"
2025-05-19T17:00:39.175885,"{'address': '/hover', 'args': 37}"
2025-05-19T17:00:39.276135,"{'address': '/hover', 'args': 57}"
2025-05-19T17:00:39.827094,"{'address': '/hover', 'args': 14}"
2025-05-19T17:00:39.842569,"{'address': '/hover', 'args': 58}"
2025-05-19T17:00:39.892551,"{'address': '/hover', 'args': 1}"
2025-05-19T17:00:39.959637,"{'address': '/hover', 'args': 42}"
2025-05-19T17:00:39.959597,"{'address': '/hover', 'args': 18}"
2025-05-19T17:00:40.009306,"{'address': '/hover', 'args': 21}"
2025-05-19T17:00:40.125952,"{'address': '/hover', 'args': 2}"
2025-05-19T17:00:40.159434,"{'address': '/hover', 'args': 7}"
2025-05-19T17:00:40.276346,"{'address': '/hover', 'args': 48}"
2025-05-19T17:00:40.309211,"{'address': '/hover', 'args': 15}"
2025-05-19T17:00:40.409317,"{'address': '/hover', 'args': 22}"
2025-05-19T17:00:40.426506,"{'address': '/hover', 'args': 53}"
2025-05-19T17:00:40.459166,"{'address': '/hover', 'args': 42}"
2025-05-19T17:00:40.659547,"{'address': '/hover', 'args': 49}"
2025-05-19T17:00:40.809063,"{'address': '/hover', 'args': 42}"
2025-05-19T17:00:40.825928,"{'address': '/hover', 'args': 21}"
2025-05-19T17:00:41.077852,"{'address': '/hover', 'args': 22}"
2025-05-19T17:00:41.077785,"{'address': '/hover', 'args': 15}"
2025-05-19T17:00:41.142794,"{'address': '/hover', 'args': 45}"
2025-05-19T17:00:41.175780,"{'address': '/hover', 'args': 16}"
2025-05-19T17:00:41.292746,"{'address': '/hover', 'args': 35}"
2025-05-19T17:00:41.360135,"{'address': '/hover', 'args': 32}"
2025-05-19T17:00:41.360173,"{'address': '/hover', 'args': 51}"
2025-05-19T17:00:41.460019,"{'address': '/hover', 'args': 34}"
2025-05-19T17:00:41.610041,"{'address': '/hover', 'args': 54}"
2025-05-19T17:00:42.264976,"{'address': '/hover', 'args': 44}"
2025-05-19T17:00:42.265208,"{'address': '/hover', 'args': 51}"
2025-05-19T17:00:42.359419,"{'address': '/hover', 'args': 45}"
2025-05-19T17:00:42.392394,"{'address': '/hover', 'args': 49}"
2025-05-19T17:00:42.459431,"{'address': '/hover', 'args': 22}"
2025-05-19T17:00:42.475948,"{'address': '/hover', 'args': 16}"
2025-05-19T17:00:42.559330,"{'address': '/hover', 'args': 10}"
2025-05-19T17:00:42.642604,"{'address': '/hover', 'args': 39}"
2025-05-19T17:00:42.726077,"{'address': '/hover', 'args': 43}"
2025-05-19T17:00:42.809732,"{'address': '/hover', 'args': 47}"
2025-05-19T17:00:42.842834,"{'address': '/hover', 'args': 46}"
2025-05-19T17:00:42.876732,"{'address': '/hover', 'args': 35}"
2025-05-19T17:00:42.960111,"{'address': '/hover', 'args': 45}"
2025-05-19T17:00:42.960173,"{'address': '/hover', 'args': 51}"
2025-05-19T17:00:43.009288,"{'address': '/hover', 'args': 44}"
2025-05-19T17:00:43.077638,"{'address': '/hover', 'args': 59}"
2025-05-19T17:00:43.077480,"{'address': '/hover', 'args': 38}"
2025-05-19T17:00:43.109270,"{'address': '/hover', 'args': 37}"
2025-05-19T17:00:43.176894,"{'address': '/hover', 'args': 14}"
2025-05-19T17:00:43.192719,"{'address': '/hover', 'args': 41}"
2025-05-19T17:00:43.226410,"{'address': '/hover', 'args': 0}"
2025-05-19T17:00:43.242492,"{'address': '/hover', 'args': 1}"
2025-05-19T17:00:43.275796,"{'address': '/hover', 'args': 4}"
2025-05-19T17:00:43.326085,"{'address': '/hover', 'args': 3}"
2025-05-19T17:00:43.342626,"{'address': '/hover', 'args': 18}"
2025-05-19T17:00:43.375722,"{'address': '/hover', 'args': 20}"
2025-05-19T17:00:43.811279,"{'address': '/hover', 'args': 21}"
2025-05-19T17:00:43.945239,"{'address': '/hover', 'args': 21}"
2025-05-19T17:00:43.975762,"{'address': '/hover', 'args': 21}"
2025-05-19T17:00:44.009046,"{'address': '/hover', 'args': 21}"
2025-05-19T17:00:44.042706,"{'address': '/hover', 'args': 21}"
2025-05-19T17:00:44.075836,"{'address': '/hover', 'args': 21}"
2025-05-19T17:00:44.242484,"{'address': '/hover', 'args': 21}"
2025-05-19T17:00:44.275641,"{'address': '/hover', 'args': 21}"
2025-05-19T17:00:44.309143,"{'address': '/hover', 'args': 21}"
2025-05-19T17:00:44.375676,"{'address': '/hover', 'args': 2}"
2025-05-19T17:00:44.409078,"{'address': '/hover', 'args': 2}"
2025-05-19T17:00:44.425880,"{'address': '/hover', 'args': 19}"
2025-05-19T17:00:44.443308,"{'address': '/hover', 'args': 19}"
2025-05-19T17:00:44.459664,"{'address': '/hover', 'args': 19}"
2025-05-19T17:00:44.775791,"{'address': '/hover', 'args': 19}"
2025-05-19T17:00:44.808885,"{'address': '/hover', 'args': 2}"
2025-05-19T17:00:44.827149,"{'address': '/hover', 'args': 2}"
2025-05-19T17:00:44.859135,"{'address': '/hover', 'args': 21}"
2025-05-19T17:00:44.892415,"{'address': '/hover', 'args': 21}"
2025-05-19T17:00:45.325765,"{'address': '/hover', 'args': 21}"
2025-05-19T17:00:45.359168,"{'address': '/hover', 'args': 2}"
2025-05-19T17:00:45.392587,"{'address': '/hover', 'args': 19}"
2025-05-19T17:00:46.292775,"{'address': '/hover', 'args': 6}"
2025-05-19T17:00:46.326105,"{'address': '/hover', 'args': 11}"
2025-05-19T17:00:46.342923,"{'address': '/hover', 'args': 7}"
2025-05-19T17:00:46.375706,"{'address': '/hover', 'args': 15}"
2025-05-19T17:00:46.408988,"{'address': '/hover', 'args': 48}"
2025-05-19T17:00:46.492519,"{'address': '/hover', 'args': 42}"
2025-05-19T17:00:46.509734,"{'address': '/hover', 'args': 53}"
2025-05-19T17:00:46.825903,"{'address': '/hover', 'args': 21}"
2025-05-19T17:00:47.244034,"{'address': '/hover', 'args': 48}"
2025-05-19T17:00:47.409677,"{'address': '/hover', 'args': 53}"
2025-05-19T17:00:47.425570,"{'address': '/hover', 'args': 42}"
2025-05-19T17:00:47.492278,"{'address': '/hover', 'args': 58}"
2025-05-19T17:00:47.709230,"{'address': '/hover', 'args': 1}"
2025-05-19T17:00:47.759221,"{'address': '/hover', 'args': 18}"
2025-05-19T17:00:47.825887,"{'address': '/hover', 'args': 4}"
2025-05-19T17:00:47.942446,"{'address': '/hover', 'args': 21}"
2025-05-19T17:00:48.026349,"{'address': '/hover', 'args': 7}"
2025-05-19T17:00:48.042251,"{'address': '/hover', 'args': 48}"
2025-05-19T17:00:48.142723,"{'address': '/hover', 'args': 42}"
2025-05-19T17:00:48.191950,"{'address': '/hover', 'args': 53}"
2025-05-19T17:00:48.276107,"{'address': '/hover', 'args': 58}"
2025-05-19T17:00:48.309246,"{'address': '/hover', 'args': 38}"
2025-05-19T17:00:48.509195,"{'address': '/hover', 'args': 22}"
2025-05-19T17:00:48.625757,"{'address': '/hover', 'args': 48}"
2025-05-19T17:00:48.792413,"{'address': '/hover', 'args': 42}"
2025-05-19T17:00:48.825740,"{'address': '/hover', 'args': 21}"
2025-05-19T17:00:49.194777,"{'address': '/hover', 'args': 7}"
2025-05-19T17:00:49.325994,"{'address': '/hover', 'args': 15}"
2025-05-19T17:00:49.408948,"{'address': '/hover', 'args': 22}"
2025-05-19T17:00:49.475949,"{'address': '/hover', 'args': 53}"
2025-05-19T17:00:49.492421,"{'address': '/hover', 'args': 49}"
2025-05-19T17:00:49.625747,"{'address': '/hover', 'args': 38}"
2025-05-19T17:00:49.725812,"{'address': '/hover', 'args': 42}"
2025-05-19T17:00:49.759236,"{'address': '/hover', 'args': 48}"
2025-05-19T17:00:49.892586,"{'address': '/hover', 'args': 21}"
2025-05-19T17:00:50.059201,"{'address': '/hover', 'args': 7}"
2025-05-19T17:00:50.109080,"{'address': '/hover', 'args': 15}"
2025-05-19T17:00:50.208953,"{'address': '/hover', 'args': 22}"
2025-05-19T17:00:50.275699,"{'address': '/hover', 'args': 16}"
2025-05-19T17:00:50.292891,"{'address': '/hover', 'args': 45}"
2025-05-19T17:00:50.325724,"{'address': '/hover', 'args': 49}"
2025-05-19T17:00:50.359494,"{'address': '/hover', 'args': 51}"
2025-05-19T17:00:50.392272,"{'address': '/hover', 'args': 44}"
2025-05-19T17:00:50.408993,"{'address': '/hover', 'args': 34}"
2025-05-19T17:00:50.425472,"{'address': '/hover', 'args': 54}"
2025-05-19T17:00:50.442230,"{'address': '/hover', 'args': 59}"
2025-05-19T17:00:50.475623,"{'address': '/hover', 'args': 55}"
2025-05-19T17:00:50.542416,"{'address': '/hover', 'args': 56}"
2025-05-19T17:00:50.659399,"{'address': '/hover', 'args': 26}"
2025-05-19T17:00:51.126811,"{'address': '/hover', 'args': 55}"
2025-05-19T17:00:51.192481,"{'address': '/hover', 'args': 54}"
2025-05-19T17:00:51.409086,"{'address': '/hover', 'args': 40}"
2025-05-19T17:00:51.476638,"{'address': '/hover', 'args': 59}"
2025-05-19T17:00:51.476530,"{'address': '/hover', 'args': 56}"
2025-05-19T17:00:51.492676,"{'address': '/hover', 'args': 57}"
2025-05-19T17:00:51.542911,"{'address': '/hover', 'args': 41}"
2025-05-19T17:00:51.542837,"{'address': '/hover', 'args': 37}"
2025-05-19T17:00:51.578264,"{'address': '/hover', 'args': 14}"
2025-05-19T17:00:51.608705,"{'address': '/hover', 'args': 0}"
2025-05-19T17:00:51.625108,"{'address': '/hover', 'args': 1}"
2025-05-19T17:00:51.658556,"{'address': '/hover', 'args': 4}"
2025-05-19T17:00:51.725382,"{'address': '/hover', 'args': 3}"
2025-05-19T17:00:51.741957,"{'address': '/hover', 'args': 13}"
2025-05-19T17:00:51.976034,"{'address': '/hover', 'args': 25}"
2025-05-19T17:00:51.992232,"{'address': '/hover', 'args': 12}"
2025-05-19T17:00:52.125792,"{'address': '/hover', 'args': 0}"
2025-05-19T17:00:52.160684,"{'address': '/hover', 'args': 1}"
2025-05-19T17:00:52.175772,"{'address': '/hover', 'args': 14}"
2025-05-19T17:00:52.192244,"{'address': '/hover', 'args': 58}"
2025-05-19T17:00:52.209481,"{'address': '/hover', 'args': 37}"
2025-05-19T17:00:52.209621,"{'address': '/hover', 'args': 38}"
2025-05-19T17:00:52.242590,"{'address': '/hover', 'args': 59}"
2025-05-19T17:00:52.259004,"{'address': '/hover', 'args': 44}"
2025-05-19T17:00:52.309104,"{'address': '/hover', 'args': 54}"
2025-05-19T17:00:52.425731,"{'address': '/hover', 'args': 51}"
2025-05-19T17:00:52.459043,"{'address': '/hover', 'args': 35}"
2025-05-19T17:00:52.475990,"{'address': '/hover', 'args': 45}"
2025-05-19T17:00:52.509017,"{'address': '/hover', 'args': 47}"
2025-05-19T17:00:52.576275,"{'address': '/hover', 'args': 43}"
2025-05-19T17:00:52.576168,"{'address': '/hover', 'args': 16}"
2025-05-19T17:00:52.608881,"{'address': '/hover', 'args': 39}"
2025-05-19T17:00:52.642331,"{'address': '/hover', 'args': 10}"
2025-05-19T17:00:52.675784,"{'address': '/hover', 'args': 9}"
2025-05-19T17:00:52.725744,"{'address': '/hover', 'args': 11}"
2025-05-19T17:00:52.742310,"{'address': '/hover', 'args': 5}"
2025-05-19T17:00:52.959365,"{'address': '/hover', 'args': 10}"
2025-05-19T17:00:52.992413,"{'address': '/hover', 'args': 39}"
2025-05-19T17:00:53.025680,"{'address': '/hover', 'args': 43}"
2025-05-19T17:00:53.075680,"{'address': '/hover', 'args': 47}"
2025-05-19T17:00:53.092367,"{'address': '/hover', 'args': 46}"
2025-05-19T17:00:53.142598,"{'address': '/hover', 'args': 35}"
2025-05-19T17:00:53.158950,"{'address': '/hover', 'args': 52}"
2025-05-19T17:00:53.192476,"{'address': '/hover', 'args': 32}"
2025-05-19T17:00:53.208890,"{'address': '/hover', 'args': 51}"
2025-05-19T17:00:53.242297,"{'address': '/hover', 'args': 44}"
2025-05-19T17:00:53.275986,"{'address': '/hover', 'args': 38}"
2025-05-19T17:00:53.325615,"{'address': '/hover', 'args': 37}"
2025-05-19T17:00:53.342485,"{'address': '/hover', 'args': 58}"
2025-05-19T17:00:53.375888,"{'address': '/hover', 'args': 14}"
2025-05-19T17:00:53.409120,"{'address': '/hover', 'args': 1}"
2025-05-19T17:00:53.425544,"{'address': '/hover', 'args': 42}"
2025-05-19T17:00:53.458958,"{'address': '/hover', 'args': 18}"
2025-05-19T17:00:53.475651,"{'address': '/hover', 'args': 21}"
2025-05-19T17:00:53.508909,"{'address': '/hover', 'args': 20}"
2025-05-19T17:00:53.542546,"{'address': '/hover', 'args': 2}"
2025-05-19T17:00:53.642282,"{'address': '/hover', 'args': 19}"
2025-05-19T17:00:53.742527,"{'address': '/hover', 'args': 6}"
2025-05-19T17:00:53.792088,"{'address': '/hover', 'args': 7}"
2025-05-19T17:00:53.857998,"{'address': '/hover', 'args': 48}"
2025-05-19T17:00:53.874689,"{'address': '/hover', 'args': 21}"
2025-05-19T17:00:53.942244,"{'address': '/hover', 'args': 42}"
2025-05-19T17:00:54.159127,"{'address': '/hover', 'args': 15}"
2025-05-19T17:00:54.175580,"{'address': '/hover', 'args': 7}"
2025-05-19T17:00:54.275707,"{'address': '/hover', 'args': 53}"
2025-05-19T17:00:54.292844,"{'address': '/hover', 'args': 42}"
2025-05-19T17:00:54.475615,"{'address': '/hover', 'args': 48}"
2025-05-19T17:00:54.592302,"{'address': '/hover', 'args': 21}"
2025-05-19T17:00:54.792346,"{'address': '/hover', 'args': 18}"
2025-05-19T17:00:54.808714,"{'address': '/hover', 'args': 20}"
2025-05-19T17:00:55.276206,"{'address': '/hover', 'args': 2}"
2025-05-19T17:00:55.309075,"{'address': '/hover', 'args': 2}"
2025-05-19T17:00:55.375618,"{'address': '/hover', 'args': 21}"
2025-05-19T17:00:55.408772,"{'address': '/hover', 'args': 21}"
2025-05-19T17:00:55.959460,"{'address': '/hover', 'args': 42}"
2025-05-19T17:00:56.311638,"{'address': '/hover', 'args': 53}"
2025-05-19T17:00:56.743923,"{'address': '/hover', 'args': 38}"
2025-05-19T17:00:57.025569,"{'address': '/hover', 'args': 58}"
2025-05-19T17:00:57.376919,"{'address': '/hover', 'args': 53}"
2025-05-19T17:00:58.295050,"{'address': '/hover', 'args': 49}"
2025-05-19T17:00:58.609122,"{'address': '/hover', 'args': 38}"
2025-05-19T17:00:59.044670,"{'address': '/hover', 'args': 49}"
2025-05-19T17:00:59.477858,"{'address': '/hover', 'args': 38}"
2025-05-19T17:00:59.809063,"{'address': '/hover', 'args': 22}"
2025-05-19T17:01:00.361476,"{'address': '/hover', 'args': 48}"
2025-05-19T17:01:00.760103,"{'address': '/hover', 'args': 53}"
2025-05-19T17:01:01.476078,"{'address': '/hover', 'args': 45}"
2025-05-19T17:01:04.144750,"{'address': '/hover', 'args': 15}"
2025-05-19T17:01:04.211369,"{'address': '/hover', 'args': 21}"
2025-05-19T17:01:05.078339,"{'address': '/hover', 'args': 21}"
2025-05-19T17:01:05.113771,"{'address': '/hover', 'args': 21}"
2025-05-19T17:01:05.178374,"{'address': '/hover', 'args': 19}"
2025-05-19T17:01:05.495636,"{'address': '/hover', 'args': 19}"
2025-05-19T17:01:05.529972,"{'address': '/hover', 'args': 2}"
2025-05-19T17:01:05.530042,"{'address': '/hover', 'args': 19}"
2025-05-19T17:01:05.594982,"{'address': '/hover', 'args': 21}"
2025-05-19T17:01:05.628596,"{'address': '/hover', 'args': 21}"
2025-05-19T17:01:05.661928,"{'address': '/hover', 'args': 21}"
2025-05-19T17:01:05.695085,"{'address': '/hover', 'args': 21}"
2025-05-19T17:01:05.728761,"{'address': '/hover', 'args': 21}"
2025-05-19T17:01:05.945371,"{'address': '/hover', 'args': 21}"
2025-05-19T17:01:05.979244,"{'address': '/hover', 'args': 21}"
2025-05-19T17:01:06.012226,"{'address': '/hover', 'args': 2}"
2025-05-19T17:01:06.046168,"{'address': '/hover', 'args': 19}"
2025-05-19T17:01:06.045692,"{'address': '/hover', 'args': 2}"
2025-05-19T17:01:06.079693,"{'address': '/hover', 'args': 19}"
2025-05-19T17:01:06.079627,"{'address': '/hover', 'args': 2}"
2025-05-19T17:01:06.112272,"{'address': '/hover', 'args': 2}"
2025-05-19T17:01:06.112326,"{'address': '/hover', 'args': 19}"
2025-05-19T17:01:06.145748,"{'address': '/hover', 'args': 19}"
2025-05-19T17:01:06.145696,"{'address': '/hover', 'args': 2}"
2025-05-19T17:01:06.213248,"{'address': '/hover', 'args': 19}"
2025-05-19T17:01:06.213210,"{'address': '/hover', 'args': 2}"
2025-05-19T17:01:06.230804,"{'address': '/hover', 'args': 2}"
2025-05-19T17:01:06.262161,"{'address': '/hover', 'args': 21}"
2025-05-19T17:01:06.296643,"{'address': '/hover', 'args': 21}"
2025-05-19T17:01:06.529110,"{'address': '/hover', 'args': 21}"
2025-05-19T17:01:06.546330,"{'address': '/hover', 'args': 21}"
2025-05-19T17:01:06.579052,"{'address': '/hover', 'args': 21}"
2025-05-19T17:01:06.630335,"{'address': '/hover', 'args': 2}"
2025-05-19T17:01:06.662685,"{'address': '/hover', 'args': 19}"
2025-05-19T17:01:06.662540,"{'address': '/hover', 'args': 2}"
2025-05-19T17:01:06.694828,"{'address': '/hover', 'args': 19}"
2025-05-19T17:01:06.728778,"{'address': '/hover', 'args': 19}"
2025-05-19T17:01:07.196442,"{'address': '/hover', 'args': 19}"
2025-05-19T17:01:07.214677,"{'address': '/hover', 'args': 19}"
2025-05-19T17:01:07.229551,"{'address': '/hover', 'args': 2}"
2025-05-19T17:01:07.262865,"{'address': '/hover', 'args': 2}"
2025-05-19T17:01:07.279640,"{'address': '/hover', 'args': 21}"
2025-05-19T17:01:07.313630,"{'address': '/hover', 'args': 21}"
2025-05-19T17:01:07.347304,"{'address': '/hover', 'args': 21}"
2025-05-19T17:01:08.414039,"{'address': '/hover', 'args': 21}"
2025-05-19T17:01:08.480687,"{'address': '/hover', 'args': 2}"
2025-05-19T17:01:08.497127,"{'address': '/hover', 'args': 19}"
2025-05-19T17:01:08.513834,"{'address': '/hover', 'args': 19}"
2025-05-19T17:01:08.547790,"{'address': '/hover', 'args': 19}"
2025-05-19T17:01:08.698624,"{'address': '/hover', 'args': 19}"
2025-05-19T17:01:08.748965,"{'address': '/hover', 'args': 19}"
2025-05-19T17:01:08.750534,"{'address': '/hover', 'args': 2}"
2025-05-19T17:01:08.750616,"{'address': '/hover', 'args': 2}"
2025-05-19T17:01:08.779264,"{'address': '/hover', 'args': 21}"
2025-05-19T17:01:08.813634,"{'address': '/hover', 'args': 21}"
2025-05-19T17:01:08.847264,"{'address': '/hover', 'args': 21}"
2025-05-19T17:01:08.880626,"{'address': '/hover', 'args': 21}"
2025-05-19T17:01:08.913845,"{'address': '/hover', 'args': 21}"
2025-05-19T17:01:08.964176,"{'address': '/hover', 'args': 21}"
2025-05-19T17:01:08.997127,"{'address': '/hover', 'args': 21}"
2025-05-19T17:01:09.015840,"{'address': '/hover', 'args': 2}"
2025-05-19T17:01:09.048168,"{'address': '/hover', 'args': 19}"
2025-05-19T17:01:09.181153,"{'address': '/hover', 'args': 19}"
2025-05-19T17:01:09.197424,"{'address': '/hover', 'args': 19}"
2025-05-19T17:01:09.213952,"{'address': '/hover', 'args': 2}"
2025-05-19T17:01:09.264797,"{'address': '/hover', 'args': 21}"
2025-05-19T17:01:09.297688,"{'address': '/hover', 'args': 21}"
2025-05-19T17:01:09.331465,"{'address': '/hover', 'args': 21}"
2025-05-19T17:01:09.364316,"{'address': '/hover', 'args': 21}"
2025-05-19T17:01:09.397250,"{'address': '/hover', 'args': 21}"
2025-05-19T17:01:09.416510,"{'address': '/hover', 'args': 21}"
2025-05-19T17:01:09.449312,"{'address': '/hover', 'args': 21}"
2025-05-19T17:01:09.481038,"{'address': '/hover', 'args': 21}"
2025-05-19T17:01:09.514163,"{'address': '/hover', 'args': 21}"
2025-05-19T17:01:09.551048,"{'address': '/hover', 'args': 21}"
2025-05-19T17:01:09.580987,"{'address': '/hover', 'args': 21}"
2025-05-19T17:01:09.903680,"{'address': '/hover', 'args': 21}"
2025-05-19T17:01:09.920706,"{'address': '/hover', 'args': 21}"
2025-05-19T17:01:09.953883,"{'address': '/hover', 'args': 21}"
2025-05-19T17:01:10.021243,"{'address': '/hover', 'args': 2}"
2025-05-19T17:01:10.054262,"{'address': '/hover', 'args': 19}"
2025-05-19T17:01:10.073017,"{'address': '/hover', 'args': 19}"
2025-05-19T17:01:10.114728,"{'address': '/hover', 'args': 19}"
2025-05-19T17:01:10.981753,"{'address': '/hover', 'args': 19}"
2025-05-19T17:01:10.998211,"{'address': '/hover', 'args': 19}"
2025-05-19T17:01:11.014969,"{'address': '/hover', 'args': 2}"
2025-05-19T17:01:11.031866,"{'address': '/hover', 'args': 2}"
2025-05-19T17:01:11.115315,"{'address': '/hover', 'args': 21}"
2025-05-19T17:01:11.131988,"{'address': '/hover', 'args': 21}"
2025-05-19T17:01:11.165788,"{'address': '/hover', 'args': 21}"
2025-05-19T17:01:11.198908,"{'address': '/hover', 'args': 21}"
2025-05-19T17:01:11.482294,"{'address': '/hover', 'args': 21}"
2025-05-19T17:01:11.549016,"{'address': '/hover', 'args': 19}"
2025-05-19T17:01:11.548958,"{'address': '/hover', 'args': 2}"
2025-05-19T17:01:11.581979,"{'address': '/hover', 'args': 19}"
2025-05-19T17:01:11.615077,"{'address': '/hover', 'args': 19}"
2025-05-19T17:01:11.632989,"{'address': '/hover', 'args': 19}"
2025-05-19T17:01:12.499804,"{'address': '/hover', 'args': 19}"
2025-05-19T17:01:12.532703,"{'address': '/hover', 'args': 19}"
2025-05-19T17:01:12.585488,"{'address': '/hover', 'args': 19}"
2025-05-19T17:01:12.608564,"{'address': '/hover', 'args': 2}"
2025-05-19T17:01:12.609785,"{'address': '/hover', 'args': 19}"
2025-05-19T17:01:12.632697,"{'address': '/hover', 'args': 2}"
2025-05-19T17:01:12.700544,"{'address': '/hover', 'args': 21}"
2025-05-19T17:01:12.716079,"{'address': '/hover', 'args': 21}"
2025-05-19T17:01:12.749848,"{'address': '/hover', 'args': 21}"
2025-05-19T17:01:12.782647,"{'address': '/hover', 'args': 21}"
2025-05-19T17:01:12.816361,"{'address': '/hover', 'args': 21}"
2025-05-19T17:01:12.849208,"{'address': '/hover', 'args': 21}"
2025-05-19T17:01:12.883222,"{'address': '/hover', 'args': 21}"
2025-05-19T17:01:12.916180,"{'address': '/hover', 'args': 21}"
2025-05-19T17:01:12.949515,"{'address': '/hover', 'args': 21}"
2025-05-19T17:01:12.982744,"{'address': '/hover', 'args': 21}"
2025-05-19T17:01:13.016057,"{'address': '/hover', 'args': 21}"
2025-05-19T17:01:13.033927,"{'address': '/hover', 'args': 21}"
2025-05-19T17:01:13.066159,"{'address': '/hover', 'args': 21}"
2025-05-19T17:01:13.100050,"{'address': '/hover', 'args': 21}"
2025-05-19T17:01:13.132618,"{'address': '/hover', 'args': 21}"
2025-05-19T17:01:13.166388,"{'address': '/hover', 'args': 21}"
2025-05-19T17:01:13.216602,"{'address': '/hover', 'args': 21}"
2025-05-19T17:01:13.266784,"{'address': '/hover', 'args': 21}"
2025-05-19T17:01:13.300156,"{'address': '/hover', 'args': 21}"
2025-05-19T17:01:13.332818,"{'address': '/hover', 'args': 21}"
2025-05-19T17:01:13.366115,"{'address': '/hover', 'args': 21}"
2025-05-19T17:01:13.399100,"{'address': '/hover', 'args': 21}"
2025-05-19T17:01:13.418649,"{'address': '/hover', 'args': 21}"
2025-05-19T17:01:13.733705,"{'address': '/hover', 'args': 21}"
2025-05-19T17:01:14.516689,"{'address': '/hover', 'args': 21}"
2025-05-19T17:01:14.550125,"{'address': '/hover', 'args': 21}"
2025-05-19T17:01:14.583466,"{'address': '/hover', 'args': 21}"
2025-05-19T17:01:14.616785,"{'address': '/hover', 'args': 21}"
2025-05-19T17:01:14.634984,"{'address': '/hover', 'args': 21}"
2025-05-19T17:01:14.700638,"{'address': '/hover', 'args': 2}"
2025-05-19T17:01:14.733525,"{'address': '/hover', 'args': 2}"
2025-05-19T17:01:14.767818,"{'address': '/hover', 'args': 2}"
2025-05-19T17:01:14.767884,"{'address': '/hover', 'args': 19}"
2025-05-19T17:01:14.800347,"{'address': '/hover', 'args': 19}"
2025-05-19T17:01:14.833868,"{'address': '/hover', 'args': 19}"
2025-05-19T17:01:14.866971,"{'address': '/hover', 'args': 19}"
2025-05-19T17:01:15.951241,"{'address': '/hover', 'args': 19}"
2025-05-19T17:01:15.984062,"{'address': '/hover', 'args': 19}"
2025-05-19T17:01:16.017289,"{'address': '/hover', 'args': 19}"
2025-05-19T17:01:16.059227,"{'address': '/hover', 'args': 19}"
2025-05-19T17:01:16.089877,"{'address': '/hover', 'args': 19}"
2025-05-19T17:01:16.117416,"{'address': '/hover', 'args': 19}"
2025-05-19T17:01:16.151292,"{'address': '/hover', 'args': 19}"
2025-05-19T17:01:16.267459,"{'address': '/hover', 'args': 19}"
2025-05-19T17:01:16.300547,"{'address': '/hover', 'args': 19}"
2025-05-19T17:01:16.567225,"{'address': '/hover', 'args': 19}"
2025-05-19T17:01:16.600774,"{'address': '/hover', 'args': 19}"
2025-05-19T17:01:16.619013,"{'address': '/hover', 'args': 19}"
2025-05-19T17:01:16.701168,"{'address': '/hover', 'args': 19}"
2025-05-19T17:01:16.734249,"{'address': '/hover', 'args': 19}"
2025-05-19T17:01:16.768091,"{'address': '/hover', 'args': 19}"
2025-05-19T17:01:16.836725,"{'address': '/hover', 'args': 19}"
2025-05-19T17:01:16.867552,"{'address': '/hover', 'args': 19}"
2025-05-19T17:01:16.967545,"{'address': '/hover', 'args': 19}"
2025-05-19T17:01:17.000775,"{'address': '/hover', 'args': 19}"
2025-05-19T17:01:17.034435,"{'address': '/hover', 'args': 19}"
2025-05-19T17:01:17.084346,"{'address': '/hover', 'args': 19}"
2025-05-19T17:01:17.118177,"{'address': '/hover', 'args': 19}"
2025-05-19T17:01:17.151238,"{'address': '/hover', 'args': 19}"
2025-05-19T17:01:17.251770,"{'address': '/hover', 'args': 19}"
2025-05-19T17:01:17.285179,"{'address': '/hover', 'args': 19}"
2025-05-19T17:01:17.317974,"{'address': '/hover', 'args': 19}"
2025-05-19T17:01:17.384471,"{'address': '/hover', 'args': 19}"
2025-05-19T17:01:17.417728,"{'address': '/hover', 'args': 19}"
2025-05-19T17:01:17.450982,"{'address': '/hover', 'args': 19}"
2025-05-19T17:01:17.484951,"{'address': '/hover', 'args': 19}"
2025-05-19T17:01:17.567761,"{'address': '/hover', 'args': 19}"
2025-05-19T17:01:17.601078,"{'address': '/hover', 'args': 19}"
2025-05-19T17:01:17.620117,"{'address': '/hover', 'args': 19}"
2025-05-19T17:01:17.717826,"{'address': '/hover', 'args': 19}"
2025-05-19T17:01:17.752427,"{'address': '/hover', 'args': 19}"
2025-05-19T17:01:17.784800,"{'address': '/hover', 'args': 19}"
2025-05-19T17:01:17.868307,"{'address': '/hover', 'args': 19}"
2025-05-19T17:01:17.901176,"{'address': '/hover', 'args': 19}"
2025-05-19T17:01:18.034616,"{'address': '/hover', 'args': 19}"
2025-05-19T17:01:18.051864,"{'address': '/hover', 'args': 19}"
2025-05-19T17:01:18.084497,"{'address': '/hover', 'args': 19}"
2025-05-19T17:01:18.218035,"{'address': '/hover', 'args': 19}"
2025-05-19T17:01:18.253884,"{'address': '/hover', 'args': 19}"
2025-05-19T17:01:18.286528,"{'address': '/hover', 'args': 19}"
2025-05-19T17:01:18.368847,"{'address': '/hover', 'args': 19}"
2025-05-19T17:01:18.401679,"{'address': '/hover', 'args': 19}"
2025-05-19T17:01:18.434746,"{'address': '/hover', 'args': 19}"
2025-05-19T17:01:18.551365,"{'address': '/hover', 'args': 19}"
2025-05-19T17:01:18.584825,"{'address': '/hover', 'args': 19}"
2025-05-19T17:01:18.618403,"{'address': '/hover', 'args': 19}"
2025-05-19T17:01:18.701680,"{'address': '/hover', 'args': 19}"
2025-05-19T17:01:18.734692,"{'address': '/hover', 'args': 19}"
2025-05-19T17:01:18.768103,"{'address': '/hover', 'args': 19}"
2025-05-19T17:01:18.802335,"{'address': '/hover', 'args': 19}"
2025-05-19T17:01:18.901731,"{'address': '/hover', 'args': 19}"
2025-05-19T17:01:18.934884,"{'address': '/hover', 'args': 19}"
2025-05-19T17:01:18.968274,"{'address': '/hover', 'args': 19}"
2025-05-19T17:01:19.002437,"{'address': '/hover', 'args': 19}"
2025-05-19T17:01:19.118551,"{'address': '/hover', 'args': 19}"
2025-05-19T17:01:19.152569,"{'address': '/hover', 'args': 19}"
2025-05-19T17:01:19.185014,"{'address': '/hover', 'args': 19}"
2025-05-19T17:01:19.218843,"{'address': '/hover', 'args': 19}"
2025-05-19T17:01:19.452184,"{'address': '/hover', 'args': 19}"
2025-05-19T17:01:19.485612,"{'address': '/hover', 'args': 19}"
2025-05-19T17:01:19.935389,"{'address': '/hover', 'args': 19}"
2025-05-19T17:01:19.968531,"{'address': '/hover', 'args': 19}"
2025-05-19T17:01:20.001840,"{'address': '/hover', 'args': 19}"
2025-05-19T17:01:20.035165,"{'address': '/hover', 'args': 19}"
2025-05-19T17:01:20.068512,"{'address': '/hover', 'args': 19}"
2025-05-19T17:01:20.101891,"{'address': '/hover', 'args': 19}"
2025-05-19T17:01:20.135342,"{'address': '/hover', 'args': 19}"
2025-05-19T17:01:20.852766,"{'address': '/hover', 'args': 6}"
2025-05-19T17:01:20.969416,"{'address': '/hover', 'args': 5}"
2025-05-19T17:01:44.372874,"{'address': '/hover', 'args': 5}"
2025-05-19T17:01:44.405783,"{'address': '/hover', 'args': 11}"
2025-05-19T17:01:44.455872,"{'address': '/hover', 'args': 6}"
2025-05-19T17:01:44.489041,"{'address': '/hover', 'args': 19}"
2025-05-19T17:01:44.605679,"{'address': '/hover', 'args': 2}"
2025-05-19T17:01:44.689054,"{'address': '/hover', 'args': 21}"
2025-05-19T17:01:44.705412,"{'address': '/hover', 'args': 42}"
2025-05-19T17:01:44.738512,"{'address': '/hover', 'args': 53}"
2025-05-19T17:01:44.755967,"{'address': '/hover', 'args': 38}"
2025-05-19T17:01:44.972790,"{'address': '/hover', 'args': 49}"
2025-05-19T17:01:45.056112,"{'address': '/hover', 'args': 22}"
2025-05-19T17:01:45.122360,"{'address': '/hover', 'args': 48}"
2025-05-19T17:01:45.189123,"{'address': '/hover', 'args': 42}"
2025-05-19T17:01:45.222198,"{'address': '/hover', 'args': 21}"
2025-05-19T17:01:45.289633,"{'address': '/hover', 'args': 20}"
2025-05-19T17:01:45.356249,"{'address': '/hover', 'args': 2}"
2025-05-19T17:01:45.516072,"{'address': '/hover', 'args': 19}"
2025-05-19T17:01:46.039122,"{'address': '/hover', 'args': 2}"
2025-05-19T17:01:46.072140,"{'address': '/hover', 'args': 2}"
2025-05-19T17:01:47.005569,"{'address': '/hover', 'args': 21}"
2025-05-19T17:01:47.039388,"{'address': '/hover', 'args': 21}"
2025-05-19T17:01:47.105608,"{'address': '/hover', 'args': 2}"
2025-05-19T17:01:47.139521,"{'address': '/hover', 'args': 19}"
2025-05-19T17:01:47.139437,"{'address': '/hover', 'args': 2}"
2025-05-19T17:01:47.172280,"{'address': '/hover', 'args': 19}"
2025-05-19T17:01:47.455232,"{'address': '/hover', 'args': 19}"
2025-05-19T17:01:47.472306,"{'address': '/hover', 'args': 2}"
2025-05-19T17:01:47.489494,"{'address': '/hover', 'args': 2}"
2025-05-19T17:01:47.522523,"{'address': '/hover', 'args': 21}"
2025-05-19T17:01:47.555838,"{'address': '/hover', 'args': 21}"
2025-05-19T17:01:48.405755,"{'address': '/hover', 'args': 21}"
2025-05-19T17:01:48.422755,"{'address': '/hover', 'args': 21}"
2025-05-19T17:01:48.488892,"{'address': '/hover', 'args': 2}"
2025-05-19T17:01:48.522216,"{'address': '/hover', 'args': 2}"
2025-05-19T17:01:48.556791,"{'address': '/hover', 'args': 2}"
2025-05-19T17:01:48.557084,"{'address': '/hover', 'args': 19}"
2025-05-19T17:01:48.589970,"{'address': '/hover', 'args': 19}"
2025-05-19T17:01:48.622354,"{'address': '/hover', 'args': 19}"
2025-05-19T17:01:49.440995,"{'address': '/hover', 'args': 19}"
2025-05-19T17:01:49.472405,"{'address': '/hover', 'args': 19}"
2025-05-19T17:01:49.506683,"{'address': '/hover', 'args': 19}"
2025-05-19T17:01:49.506648,"{'address': '/hover', 'args': 2}"
2025-05-19T17:01:49.538605,"{'address': '/hover', 'args': 2}"
2025-05-19T17:01:49.572597,"{'address': '/hover', 'args': 2}"
2025-05-19T17:01:49.605736,"{'address': '/hover', 'args': 2}"
2025-05-19T17:01:49.739282,"{'address': '/hover', 'args': 2}"
2025-05-19T17:01:49.772637,"{'address': '/hover', 'args': 2}"
2025-05-19T17:01:49.789151,"{'address': '/hover', 'args': 19}"
2025-05-19T17:01:49.805646,"{'address': '/hover', 'args': 19}"
2025-05-19T17:01:50.072384,"{'address': '/hover', 'args': 19}"
2025-05-19T17:01:50.105476,"{'address': '/hover', 'args': 19}"
2025-05-19T17:01:50.189202,"{'address': '/hover', 'args': 19}"
2025-05-19T17:01:50.355822,"{'address': '/hover', 'args': 19}"
2025-05-19T17:01:50.389023,"{'address': '/hover', 'args': 19}"
2025-05-19T17:01:50.422734,"{'address': '/hover', 'args': 19}"
2025-05-19T17:01:50.422711,"{'address': '/hover', 'args': 2}"
2025-05-19T17:01:50.488977,"{'address': '/hover', 'args': 2}"
2025-05-19T17:01:50.489093,"{'address': '/hover', 'args': 19}"
2025-05-19T17:01:50.522447,"{'address': '/hover', 'args': 19}"
2025-05-19T17:01:50.555776,"{'address': '/hover', 'args': 19}"
2025-05-19T17:01:50.639150,"{'address': '/hover', 'args': 19}"
2025-05-19T17:01:50.672675,"{'address': '/hover', 'args': 19}"
2025-05-19T17:01:50.705810,"{'address': '/hover', 'args': 19}"
2025-05-19T17:01:50.772494,"{'address': '/hover', 'args': 19}"
2025-05-19T17:01:50.957056,"{'address': '/hover', 'args': 19}"
2025-05-19T17:01:50.989601,"{'address': '/hover', 'args': 19}"
2025-05-19T17:01:51.022994,"{'address': '/hover', 'args': 19}"
2025-05-19T17:01:51.077784,"{'address': '/hover', 'args': 19}"
2025-05-19T17:01:51.305754,"{'address': '/hover', 'args': 19}"
2025-05-19T17:01:51.339623,"{'address': '/hover', 'args': 19}"
2025-05-19T17:01:51.355986,"{'address': '/hover', 'args': 2}"
2025-05-19T17:01:51.372801,"{'address': '/hover', 'args': 2}"
2025-05-19T17:01:51.373140,"{'address': '/hover', 'args': 19}"
2025-05-19T17:01:51.405796,"{'address': '/hover', 'args': 2}"
2025-05-19T17:01:51.439806,"{'address': '/hover', 'args': 2}"
2025-05-19T17:01:51.522745,"{'address': '/hover', 'args': 2}"
2025-05-19T17:01:51.555977,"{'address': '/hover', 'args': 19}"
2025-05-19T17:01:51.589464,"{'address': '/hover', 'args': 19}"
2025-05-22T13:58:46.084647,"{'address': '/hover', 'args': 13}"
2025-05-22T13:58:46.100137,"{'address': '/hover', 'args': 3}"
2025-05-22T13:58:46.150161,"{'address': '/hover', 'args': 18}"
2025-05-22T13:58:46.541874,"{'address': '/hover', 'args': 4}"
2025-05-22T13:58:46.549656,"{'address': '/hover', 'args': 3}"
2025-05-22T13:58:46.591188,"{'address': '/hover', 'args': 13}"
2025-05-22T13:58:47.708381,"{'address': '/hover', 'args': 13}"
2025-05-22T13:58:47.725210,"{'address': '/hover', 'args': 3}"
2025-05-22T13:58:47.758247,"{'address': '/hover', 'args': 4}"
2025-05-22T13:58:47.766724,"{'address': '/hover', 'args': 18}"
2025-05-22T13:58:48.050413,"{'address': '/hover', 'args': 42}"
2025-05-22T13:58:48.057889,"{'address': '/hover', 'args': 1}"
2025-05-22T13:58:48.074866,"{'address': '/hover', 'args': 58}"
2025-05-22T13:58:48.149414,"{'address': '/hover', 'args': 38}"
2025-05-22T13:58:48.257963,"{'address': '/hover', 'args': 14}"
2025-05-22T13:58:48.391383,"{'address': '/hover', 'args': 18}"
2025-05-22T13:58:48.449824,"{'address': '/hover', 'args': 42}"
2025-05-22T13:58:48.507713,"{'address': '/hover', 'args': 48}"
2025-05-22T13:58:48.566657,"{'address': '/hover', 'args': 53}"
2025-05-22T13:58:48.666741,"{'address': '/hover', 'args': 58}"
2025-05-22T13:58:48.933032,"{'address': '/hover', 'args': 38}"
2025-05-22T13:58:49.208808,"{'address': '/hover', 'args': 53}"
2025-05-22T13:58:50.933982,"{'address': '/hover', 'args': 49}"
2025-05-22T13:58:51.100353,"{'address': '/hover', 'args': 58}"
2025-05-22T13:58:51.141625,"{'address': '/hover', 'args': 42}"
2025-05-22T13:58:51.242872,"{'address': '/hover', 'args': 48}"
2025-05-22T13:58:51.333591,"{'address': '/hover', 'args': 22}"
2025-05-22T13:58:51.392180,"{'address': '/hover', 'args': 53}"
2025-05-22T13:58:51.432532,"{'address': '/hover', 'args': 38}"
2025-05-22T13:58:51.474996,"{'address': '/hover', 'args': 37}"
2025-05-22T13:58:51.557379,"{'address': '/hover', 'args': 58}"
2025-05-22T13:58:51.599617,"{'address': '/hover', 'args': 42}"
2025-05-22T13:58:51.641799,"{'address': '/hover', 'args': 48}"
2025-05-22T13:58:51.683487,"{'address': '/hover', 'args': 15}"
2025-05-22T13:58:51.783639,"{'address': '/hover', 'args': 22}"
2025-05-22T13:58:51.849239,"{'address': '/hover', 'args': 49}"
2025-05-22T13:58:51.874734,"{'address': '/hover', 'args': 38}"
2025-05-22T13:58:51.900309,"{'address': '/hover', 'args': 37}"
2025-05-22T13:58:51.958869,"{'address': '/hover', 'args': 14}"
2025-05-22T13:58:51.959393,"{'address': '/hover', 'args': 41}"
2025-05-22T13:58:52.024950,"{'address': '/hover', 'args': 1}"
2025-05-22T13:58:52.074814,"{'address': '/hover', 'args': 18}"
2025-05-22T13:58:52.299389,"{'address': '/hover', 'args': 4}"
2025-05-22T13:58:52.342135,"{'address': '/hover', 'args': 13}"
2025-05-22T13:58:53.808046,"{'address': '/hover', 'args': 13}"
2025-05-22T13:58:53.833639,"{'address': '/hover', 'args': 4}"
2025-05-22T13:58:53.867099,"{'address': '/hover', 'args': 1}"
2025-05-22T13:58:54.066433,"{'address': '/hover', 'args': 14}"
2025-05-22T13:58:54.133288,"{'address': '/hover', 'args': 58}"
2025-05-22T13:58:54.150292,"{'address': '/hover', 'args': 37}"
2025-05-22T13:58:56.117014,"{'address': '/hover', 'args': 58}"
2025-05-22T13:58:56.133093,"{'address': '/hover', 'args': 14}"
2025-05-22T13:58:56.166605,"{'address': '/hover', 'args': 1}"
2025-05-22T13:58:56.183236,"{'address': '/hover', 'args': 42}"
2025-05-22T13:58:56.208043,"{'address': '/hover', 'args': 18}"
2025-05-22T13:58:56.240553,"{'address': '/hover', 'args': 21}"
2025-05-22T13:58:56.383210,"{'address': '/hover', 'args': 48}"
2025-05-22T13:58:56.449607,"{'address': '/hover', 'args': 22}"
2025-05-22T13:58:56.458155,"{'address': '/hover', 'args': 53}"
2025-05-22T13:58:56.507867,"{'address': '/hover', 'args': 38}"
2025-05-22T13:58:56.516243,"{'address': '/hover', 'args': 58}"
2025-05-22T13:58:56.541254,"{'address': '/hover', 'args': 37}"
2025-05-22T13:58:56.816909,"{'address': '/hover', 'args': 14}"
2025-05-22T13:58:56.825001,"{'address': '/hover', 'args': 58}"
2025-05-22T13:58:56.849933,"{'address': '/hover', 'args': 1}"
2025-05-22T13:58:57.115021,"{'address': '/hover', 'args': 42}"
2025-05-22T13:58:57.224603,"{'address': '/hover', 'args': 21}"
2025-05-22T13:58:57.315835,"{'address': '/hover', 'args': 18}"
2025-05-22T13:58:57.374430,"{'address': '/hover', 'args': 1}"
2025-05-22T13:58:57.407721,"{'address': '/hover', 'args': 0}"
2025-05-22T13:58:57.449621,"{'address': '/hover', 'args': 14}"
2025-05-22T13:58:57.492472,"{'address': '/hover', 'args': 41}"
2025-05-22T13:58:57.557981,"{'address': '/hover', 'args': 57}"
2025-05-22T13:58:57.624677,"{'address': '/hover', 'args': 59}"
2025-05-22T13:58:57.716757,"{'address': '/hover', 'args': 44}"
2025-05-22T13:58:57.741861,"{'address': '/hover', 'args': 38}"
2025-05-22T13:58:57.774853,"{'address': '/hover', 'args': 49}"
2025-05-22T13:58:58.050050,"{'address': '/hover', 'args': 53}"
2025-05-22T13:58:58.075649,"{'address': '/hover', 'args': 48}"
2025-05-22T13:58:58.124072,"{'address': '/hover', 'args': 7}"
2025-05-22T13:58:58.258371,"{'address': '/hover', 'args': 15}"
2025-05-22T13:58:58.317577,"{'address': '/hover', 'args': 22}"
2025-05-22T13:58:58.332945,"{'address': '/hover', 'args': 45}"
2025-05-22T13:58:58.348807,"{'address': '/hover', 'args': 49}"
2025-05-22T13:58:58.458039,"{'address': '/hover', 'args': 38}"
2025-05-22T13:58:58.491767,"{'address': '/hover', 'args': 53}"
2025-05-22T13:58:58.532982,"{'address': '/hover', 'args': 42}"
2025-05-22T13:58:58.550288,"{'address': '/hover', 'args': 48}"
2025-05-22T13:58:58.583369,"{'address': '/hover', 'args': 21}"
2025-05-22T13:58:58.616659,"{'address': '/hover', 'args': 7}"
2025-05-22T13:58:58.874930,"{'address': '/hover', 'args': 2}"
2025-05-22T13:58:58.908337,"{'address': '/hover', 'args': 20}"
2025-05-22T13:58:59.824634,"{'address': '/hover', 'args': 21}"
2025-05-22T13:58:59.849760,"{'address': '/hover', 'args': 21}"
2025-05-22T13:58:59.891225,"{'address': '/hover', 'args': 21}"
2025-05-22T13:59:00.191727,"{'address': '/hover', 'args': 21}"
2025-05-22T13:59:00.266698,"{'address': '/hover', 'args': 42}"
2025-05-22T13:59:00.900409,"{'address': '/hover', 'args': 42}"
2025-05-22T13:59:01.091327,"{'address': '/hover', 'args': 48}"
2025-05-22T13:59:01.492075,"{'address': '/hover', 'args': 53}"
2025-05-22T13:59:01.800265,"{'address': '/hover', 'args': 58}"
2025-05-22T13:59:02.899835,"{'address': '/hover', 'args': 42}"
2025-05-22T13:59:02.958595,"{'address': '/hover', 'args': 53}"
2025-05-22T13:59:03.333205,"{'address': '/hover', 'args': 53}"
2025-05-22T13:59:03.682809,"{'address': '/hover', 'args': 58}"
2025-05-22T13:59:04.358725,"{'address': '/hover', 'args': 42}"
2025-05-22T13:59:04.617012,"{'address': '/hover', 'args': 48}"
2025-05-22T13:59:04.858826,"{'address': '/hover', 'args': 53}"
2025-05-22T13:59:05.250100,"{'address': '/hover', 'args': 58}"
2025-05-22T13:59:05.500029,"{'address': '/hover', 'args': 42}"
2025-05-22T13:59:05.933453,"{'address': '/hover', 'args': 58}"
2025-05-22T13:59:06.182550,"{'address': '/hover', 'args': 1}"
2025-05-22T13:59:14.285226,"{'address': '/effectPos', 'args': [0.5812841530054644, 0.6998784933171325]}"
2025-05-22T13:59:15.905277,"{'address': '/hover', 'args': 4}"
2025-05-22T13:59:15.987994,"{'address': '/hover', 'args': 42}"
2025-05-22T13:59:16.421437,"{'address': '/hover', 'args': 58}"
2025-05-22T13:59:16.497469,"{'address': '/hover', 'args': 37}"
2025-05-22T13:59:16.596022,"{'address': '/hover', 'args': 38}"
2025-05-22T13:59:16.720257,"{'address': '/hover', 'args': 42}"
2025-05-22T13:59:17.478229,"{'address': '/hover', 'args': 38}"
2025-05-22T13:59:17.671746,"{'address': '/hover', 'args': 53}"
2025-05-22T13:59:18.088439,"{'address': '/hover', 'args': 38}"
2025-05-22T13:59:18.238040,"{'address': '/hover', 'args': 58}"
2025-05-22T13:59:18.763344,"{'address': '/hover', 'args': 53}"
2025-05-22T13:59:18.956026,"{'address': '/hover', 'args': 42}"
2025-05-22T13:59:19.254792,"{'address': '/hover', 'args': 53}"
2025-05-22T13:59:19.680178,"{'address': '/hover', 'args': 15}"
2025-05-22T13:59:19.813840,"{'address': '/hover', 'args': 48}"
2025-05-22T13:59:20.280293,"{'address': '/hover', 'args': 22}"
2025-05-22T13:59:20.389088,"{'address': '/hover', 'args': 53}"
2025-05-22T13:59:20.846145,"{'address': '/hover', 'args': 58}"
2025-05-22T13:59:21.347088,"{'address': '/hover', 'args': 42}"
2025-05-22T13:59:21.895999,"{'address': '/hover', 'args': 53}"
2025-05-22T13:59:22.021891,"{'address': '/hover', 'args': 42}"
2025-05-22T13:59:22.397583,"{'address': '/hover', 'args': 53}"
2025-05-22T13:59:22.887883,"{'address': '/hover', 'args': 42}"
2025-05-22T13:59:23.046482,"{'address': '/hover', 'args': 58}"
2025-05-22T13:59:23.364730,"{'address': '/hover', 'args': 38}"
2025-05-22T13:59:23.696322,"{'address': '/hover', 'args': 42}"
2025-05-22T13:59:24.204653,"{'address': '/hover', 'args': 58}"
2025-05-22T13:59:24.439177,"{'address': '/hover', 'args': 53}"
2025-05-22T13:59:24.746243,"{'address': '/hover', 'args': 22}"
2025-05-22T13:59:25.189389,"{'address': '/hover', 'args': 49}"
2025-05-22T13:59:25.564490,"{'address': '/hover', 'args': 44}"
2025-05-22T13:59:25.671940,"{'address': '/hover', 'args': 49}"
2025-05-22T13:59:25.880130,"{'address': '/hover', 'args': 22}"
2025-05-22T13:59:26.030053,"{'address': '/hover', 'args': 45}"
2025-05-22T13:59:26.146618,"{'address': '/hover', 'args': 44}"
2025-05-22T13:59:26.230832,"{'address': '/hover', 'args': 59}"
2025-05-22T13:59:26.729608,"{'address': '/hover', 'args': 49}"
2025-05-22T13:59:26.830245,"{'address': '/hover', 'args': 22}"
2025-05-22T13:59:27.013920,"{'address': '/hover', 'args': 44}"
2025-05-22T13:59:27.062740,"{'address': '/hover', 'args': 55}"
2025-05-22T13:59:27.271012,"{'address': '/hover', 'args': 37}"
2025-05-22T13:59:27.863682,"{'address': '/hover', 'args': 58}"
2025-05-22T13:59:28.146958,"{'address': '/hover', 'args': 53}"
2025-05-22T13:59:28.430123,"{'address': '/hover', 'args': 42}"
2025-05-22T13:59:28.755160,"{'address': '/hover', 'args': 48}"
2025-05-22T13:59:29.047091,"{'address': '/hover', 'args': 53}"
2025-05-22T13:59:29.147023,"{'address': '/hover', 'args': 58}"
2025-05-22T13:59:29.946921,"{'address': '/hover', 'args': 38}"
2025-05-22T13:59:30.172370,"{'address': '/hover', 'args': 37}"
2025-05-22T13:59:30.355540,"{'address': '/hover', 'args': 58}"
2025-05-22T13:59:30.671847,"{'address': '/hover', 'args': 18}"
2025-05-22T13:59:31.707428,"{'address': '/hover', 'args': 2}"
2025-05-22T13:59:31.739198,"{'address': '/hover', 'args': 2}"
2025-05-22T13:59:31.772058,"{'address': '/hover', 'args': 2}"
2025-05-22T13:59:31.805784,"{'address': '/hover', 'args': 2}"
2025-05-22T13:59:32.007450,"{'address': '/hover', 'args': 2}"
2025-05-22T13:59:32.038678,"{'address': '/hover', 'args': 2}"
2025-05-22T13:59:33.174823,"{'address': '/hover', 'args': 2}"
2025-05-22T13:59:33.205604,"{'address': '/hover', 'args': 2}"
2025-05-22T13:59:33.238938,"{'address': '/hover', 'args': 2}"
2025-05-22T13:59:33.430474,"{'address': '/hover', 'args': 2}"
2025-05-22T13:59:33.464361,"{'address': '/hover', 'args': 2}"
2025-05-22T13:59:33.497810,"{'address': '/hover', 'args': 2}"
2025-05-22T13:59:33.531074,"{'address': '/hover', 'args': 2}"
2025-05-22T13:59:33.830958,"{'address': '/hover', 'args': 21}"
2025-05-22T13:59:33.864240,"{'address': '/hover', 'args': 21}"
2025-05-22T13:59:33.898414,"{'address': '/hover', 'args': 21}"
2025-05-22T13:59:33.930473,"{'address': '/hover', 'args': 21}"
2025-05-22T13:59:33.964070,"{'address': '/hover', 'args': 21}"
2025-05-22T13:59:34.007165,"{'address': '/hover', 'args': 21}"
2025-05-22T13:59:34.038732,"{'address': '/hover', 'args': 21}"
2025-05-22T13:59:34.072691,"{'address': '/hover', 'args': 21}"
2025-05-22T13:59:34.172889,"{'address': '/hover', 'args': 2}"
2025-05-22T13:59:34.205078,"{'address': '/hover', 'args': 2}"
2025-05-22T13:59:34.247537,"{'address': '/hover', 'args': 2}"
2025-05-22T13:59:34.347659,"{'address': '/hover', 'args': 21}"
2025-05-22T13:59:34.381857,"{'address': '/hover', 'args': 21}"
2025-05-22T13:59:34.440338,"{'address': '/hover', 'args': 21}"
2025-05-22T13:59:34.481764,"{'address': '/hover', 'args': 21}"
2025-05-22T13:59:34.515110,"{'address': '/hover', 'args': 21}"
2025-05-22T13:59:34.547704,"{'address': '/hover', 'args': 21}"
2025-05-22T13:59:34.581680,"{'address': '/hover', 'args': 21}"
2025-05-22T13:59:34.615447,"{'address': '/hover', 'args': 21}"
2025-05-22T13:59:34.647288,"{'address': '/hover', 'args': 21}"
2025-05-22T13:59:34.681147,"{'address': '/hover', 'args': 21}"
2025-05-22T13:59:34.730955,"{'address': '/hover', 'args': 21}"
2025-05-22T13:59:34.765390,"{'address': '/hover', 'args': 21}"
2025-05-22T13:59:34.798471,"{'address': '/hover', 'args': 21}"
2025-05-22T13:59:34.830814,"{'address': '/hover', 'args': 21}"
2025-05-22T13:59:34.864212,"{'address': '/hover', 'args': 21}"
2025-05-22T13:59:34.898148,"{'address': '/hover', 'args': 21}"
2025-05-22T13:59:34.939234,"{'address': '/hover', 'args': 21}"
2025-05-22T13:59:35.307649,"{'address': '/hover', 'args': 21}"
2025-05-22T13:59:35.339743,"{'address': '/hover', 'args': 21}"
2025-05-22T13:59:35.372935,"{'address': '/hover', 'args': 21}"
2025-05-22T13:59:35.405833,"{'address': '/hover', 'args': 21}"
2025-05-22T13:59:35.597533,"{'address': '/hover', 'args': 21}"
2025-05-22T13:59:35.630798,"{'address': '/hover', 'args': 21}"
2025-05-22T13:59:35.665041,"{'address': '/hover', 'args': 21}"
2025-05-22T13:59:35.724451,"{'address': '/hover', 'args': 21}"
2025-05-22T13:59:35.756280,"{'address': '/hover', 'args': 21}"
2025-05-22T13:59:35.973968,"{'address': '/hover', 'args': 21}"
2025-05-22T13:59:36.180899,"{'address': '/hover', 'args': 21}"
2025-05-22T13:59:36.214658,"{'address': '/hover', 'args': 21}"
2025-05-22T13:59:36.291484,"{'address': '/hover', 'args': 21}"
2025-05-22T13:59:36.324069,"{'address': '/hover', 'args': 21}"
2025-05-22T13:59:36.356653,"{'address': '/hover', 'args': 21}"
2025-05-22T13:59:36.396104,"{'address': '/hover', 'args': 21}"
2025-05-22T13:59:36.431360,"{'address': '/hover', 'args': 21}"
2025-05-22T13:59:36.464879,"{'address': '/hover', 'args': 21}"
2025-05-22T13:59:36.497967,"{'address': '/hover', 'args': 21}"
2025-05-22T13:59:36.548010,"{'address': '/hover', 'args': 21}"
2025-05-22T13:59:36.581528,"{'address': '/hover', 'args': 21}"
2025-05-22T13:59:36.782316,"{'address': '/hover', 'args': 21}"
2025-05-22T13:59:36.815103,"{'address': '/hover', 'args': 21}"
2025-05-22T13:59:36.872803,"{'address': '/hover', 'args': 21}"
2025-05-22T13:59:36.905992,"{'address': '/hover', 'args': 21}"
2025-05-22T13:59:36.971997,"{'address': '/hover', 'args': 2}"
2025-05-22T13:59:37.006387,"{'address': '/hover', 'args': 2}"
2025-05-22T13:59:37.039349,"{'address': '/hover', 'args': 2}"
2025-05-22T13:59:37.071862,"{'address': '/hover', 'args': 2}"
2025-05-22T13:59:37.105594,"{'address': '/hover', 'args': 2}"
2025-05-22T13:59:37.106445,"{'address': '/hover', 'args': 19}"
2025-05-22T13:59:37.139491,"{'address': '/hover', 'args': 19}"
2025-05-22T13:59:37.172057,"{'address': '/hover', 'args': 19}"
2025-05-22T13:59:37.205059,"{'address': '/hover', 'args': 19}"
2025-05-22T13:59:37.238211,"{'address': '/hover', 'args': 19}"
2025-05-22T13:59:38.138743,"{'address': '/hover', 'args': 6}"
2025-05-22T13:59:38.147076,"{'address': '/hover', 'args': 19}"
2025-05-22T13:59:38.211849,"{'address': '/hover', 'args': 7}"
2025-05-22T13:59:38.546951,"{'address': '/hover', 'args': 11}"
2025-05-22T13:59:38.653981,"{'address': '/hover', 'args': 15}"
2025-05-22T13:59:38.671019,"{'address': '/hover', 'args': 10}"
2025-05-22T13:59:38.854164,"{'address': '/hover', 'args': 16}"
2025-05-22T13:59:39.096039,"{'address': '/hover', 'args': 45}"
2025-05-22T13:59:39.095954,"{'address': '/hover', 'args': 22}"
2025-05-22T13:59:39.130488,"{'address': '/hover', 'args': 49}"
2025-05-22T13:59:39.145348,"{'address': '/hover', 'args': 51}"
2025-05-22T13:59:55.200622,"{'address': '/hover', 'args': 34}"
2025-05-22T13:59:55.241352,"{'address': '/hover', 'args': 44}"
2025-05-22T13:59:55.250221,"{'address': '/hover', 'args': 54}"
2025-05-22T13:59:55.283298,"{'address': '/hover', 'args': 55}"
2025-05-22T13:59:55.300192,"{'address': '/hover', 'args': 40}"
2025-05-22T13:59:55.325134,"{'address': '/hover', 'args': 36}"
2025-05-22T13:59:55.609665,"{'address': '/hover', 'args': 31}"
2025-05-22T14:00:41.592340,"{'address': '/hover', 'args': 13}"
2025-05-22T14:00:41.610052,"{'address': '/hover', 'args': 3}"
2025-05-22T14:00:41.633369,"{'address': '/hover', 'args': 20}"
2025-05-22T14:00:41.666963,"{'address': '/hover', 'args': 21}"
2025-05-22T14:00:41.683488,"{'address': '/hover', 'args': 2}"
2025-05-22T14:00:41.892178,"{'address': '/hover', 'args': 18}"
2025-05-22T14:00:41.908973,"{'address': '/hover', 'args': 42}"
2025-05-22T14:00:41.951021,"{'address': '/hover', 'args': 53}"
2025-05-22T14:00:41.951753,"{'address': '/hover', 'args': 58}"
2025-05-22T14:00:42.258718,"{'address': '/hover', 'args': 1}"
2025-05-22T14:00:42.342965,"{'address': '/hover', 'args': 48}"
2025-05-22T14:00:42.392690,"{'address': '/hover', 'args': 15}"
2025-05-22T14:00:42.475998,"{'address': '/hover', 'args': 10}"
2025-05-22T14:00:42.499372,"{'address': '/hover', 'args': 11}"
2025-05-22T14:00:42.775692,"{'address': '/hover', 'args': 22}"
2025-05-22T14:00:42.783531,"{'address': '/hover', 'args': 48}"
2025-05-22T14:00:42.825157,"{'address': '/hover', 'args': 53}"
2025-05-22T14:00:43.167928,"{'address': '/hover', 'args': 22}"
2025-05-22T14:00:43.318838,"{'address': '/hover', 'args': 58}"
2025-05-22T14:00:43.509490,"{'address': '/hover', 'args': 42}"
2025-05-22T14:00:43.566690,"{'address': '/hover', 'args': 48}"
2025-05-22T14:00:43.634628,"{'address': '/hover', 'args': 21}"
2025-05-22T14:00:43.826344,"{'address': '/hover', 'args': 15}"
2025-05-22T14:00:43.992614,"{'address': '/hover', 'args': 10}"
2025-05-22T14:00:44.042274,"{'address': '/hover', 'args': 16}"
2025-05-22T14:00:44.468406,"{'address': '/hover', 'args': 22}"
2025-05-22T14:00:44.576313,"{'address': '/hover', 'args': 49}"
2025-05-22T14:00:44.592797,"{'address': '/hover', 'args': 53}"
2025-05-22T14:00:44.693085,"{'address': '/hover', 'args': 58}"
2025-05-22T14:00:44.934434,"{'address': '/hover', 'args': 37}"
2025-05-22T14:00:44.950302,"{'address': '/hover', 'args': 38}"
2025-05-22T14:00:45.042722,"{'address': '/hover', 'args': 59}"
2025-05-22T14:00:45.118260,"{'address': '/hover', 'args': 44}"
2025-05-22T14:00:45.335532,"{'address': '/hover', 'args': 53}"
2025-05-22T14:00:45.351679,"{'address': '/hover', 'args': 58}"
2025-05-22T14:00:45.509999,"{'address': '/hover', 'args': 42}"
2025-05-22T14:00:45.659002,"{'address': '/hover', 'args': 53}"
2025-05-22T14:00:45.726058,"{'address': '/hover', 'args': 48}"
2025-05-22T14:00:45.959867,"{'address': '/hover', 'args': 22}"
2025-05-22T14:00:46.334989,"{'address': '/hover', 'args': 45}"
2025-05-22T14:00:46.434132,"{'address': '/hover', 'args': 49}"
2025-05-22T14:00:46.559982,"{'address': '/hover', 'args': 53}"
2025-05-22T14:00:46.759621,"{'address': '/hover', 'args': 58}"
2025-05-22T14:00:46.810082,"{'address': '/hover', 'args': 42}"
2025-05-22T14:00:47.283558,"{'address': '/hover', 'args': 38}"
2025-05-22T14:00:47.600592,"{'address': '/hover', 'args': 42}"
2025-05-22T14:00:47.708009,"{'address': '/hover', 'args': 58}"
2025-05-22T14:00:47.959872,"{'address': '/hover', 'args': 53}"
2025-05-22T14:00:48.068284,"{'address': '/hover', 'args': 42}"
2025-05-22T14:00:48.150700,"{'address': '/hover', 'args': 48}"
2025-05-22T14:00:48.376056,"{'address': '/hover', 'args': 58}"
2025-05-22T14:00:48.625183,"{'address': '/hover', 'args': 53}"
2025-05-22T14:00:48.844344,"{'address': '/hover', 'args': 42}"
2025-05-22T14:00:48.884058,"{'address': '/hover', 'args': 48}"
2025-05-22T14:00:49.284772,"{'address': '/hover', 'args': 53}"
2025-05-22T14:00:49.409383,"{'address': '/hover', 'args': 22}"
2025-05-22T14:00:49.451600,"{'address': '/hover', 'args': 49}"
2025-05-22T14:00:49.492146,"{'address': '/hover', 'args': 45}"
2025-05-22T14:00:49.676514,"{'address': '/hover', 'args': 51}"
2025-05-22T14:00:49.734835,"{'address': '/hover', 'args': 44}"
2025-05-22T14:00:49.741632,"{'address': '/hover', 'args': 38}"
2025-05-22T14:00:49.801254,"{'address': '/hover', 'args': 37}"
2025-05-22T14:00:49.943569,"{'address': '/hover', 'args': 14}"
2025-05-22T14:00:50.117122,"{'address': '/hover', 'args': 1}"
2025-05-22T14:00:50.193228,"{'address': '/hover', 'args': 0}"
2025-05-22T14:00:50.485213,"{'address': '/hover', 'args': 4}"
2025-05-22T14:00:50.550395,"{'address': '/hover', 'args': 3}"
2025-05-22T14:00:50.559715,"{'address': '/hover', 'args': 18}"
2025-05-22T14:00:50.591669,"{'address': '/hover', 'args': 20}"
2025-05-22T14:00:50.642610,"{'address': '/hover', 'args': 2}"
2025-05-22T14:00:50.701558,"{'address': '/hover', 'args': 19}"
2025-05-22T14:00:50.709629,"{'address': '/hover', 'args': 7}"
2025-05-22T14:00:50.750188,"{'address': '/hover', 'args': 11}"
2025-05-22T14:00:50.759234,"{'address': '/hover', 'args': 15}"
2025-05-22T14:00:50.775851,"{'address': '/hover', 'args': 10}"
2025-05-22T14:00:50.834347,"{'address': '/hover', 'args': 39}"
2025-05-22T14:00:51.076469,"{'address': '/hover', 'args': 16}"
2025-05-22T14:00:51.143348,"{'address': '/hover', 'args': 22}"
2025-05-22T14:00:51.177379,"{'address': '/hover', 'args': 53}"
2025-05-22T14:00:51.177284,"{'address': '/hover', 'args': 49}"
2025-05-22T14:00:51.199794,"{'address': '/hover', 'args': 38}"
2025-05-22T14:00:51.217075,"{'address': '/hover', 'args': 44}"
2025-05-22T14:00:51.284013,"{'address': '/hover', 'args': 54}"
2025-05-22T14:00:51.334545,"{'address': '/hover', 'args': 34}"
2025-05-22T14:00:51.426439,"{'address': '/hover', 'args': 32}"
2025-05-22T14:00:51.434882,"{'address': '/hover', 'args': 51}"
2025-05-22T14:00:51.475627,"{'address': '/hover', 'args': 35}"
2025-05-22T14:00:51.517142,"{'address': '/hover', 'args': 45}"
2025-05-22T14:00:51.585022,"{'address': '/hover', 'args': 49}"
2025-05-22T14:00:51.635855,"{'address': '/hover', 'args': 38}"
2025-05-22T14:00:51.635998,"{'address': '/hover', 'args': 44}"
2025-05-22T14:00:51.684819,"{'address': '/hover', 'args': 37}"
2025-05-22T14:00:51.684892,"{'address': '/hover', 'args': 59}"
2025-05-22T14:00:51.717930,"{'address': '/hover', 'args': 57}"
2025-05-22T14:00:51.833751,"{'address': '/hover', 'args': 41}"
2025-05-22T14:00:51.884707,"{'address': '/hover', 'args': 14}"
2025-05-22T14:00:51.950812,"{'address': '/hover', 'args': 58}"
2025-05-22T14:00:51.975700,"{'address': '/hover', 'args': 1}"
2025-05-22T14:00:52.051683,"{'address': '/hover', 'args': 42}"
2025-05-22T14:00:52.166836,"{'address': '/hover', 'args': 48}"
2025-05-22T14:00:52.217066,"{'address': '/hover', 'args': 53}"
2025-05-22T14:00:52.242220,"{'address': '/hover', 'args': 22}"
2025-05-22T14:00:52.308733,"{'address': '/hover', 'args': 45}"
2025-05-22T14:00:52.384790,"{'address': '/hover', 'args': 49}"
2025-05-22T14:00:52.426788,"{'address': '/hover', 'args': 51}"
2025-05-22T14:00:52.516764,"{'address': '/hover', 'args': 44}"
2025-05-22T14:00:52.533836,"{'address': '/hover', 'args': 34}"
2025-05-22T14:00:52.559189,"{'address': '/hover', 'args': 54}"
2025-05-22T14:00:52.599946,"{'address': '/hover', 'args': 59}"
2025-05-22T14:00:52.616556,"{'address': '/hover', 'args': 55}"
2025-05-22T14:00:52.674627,"{'address': '/hover', 'args': 56}"
2025-05-22T14:00:52.874221,"{'address': '/hover', 'args': 54}"
2025-05-22T14:00:52.924969,"{'address': '/hover', 'args': 34}"
2025-05-22T14:00:52.983090,"{'address': '/hover', 'args': 51}"
2025-05-22T14:00:53.059795,"{'address': '/hover', 'args': 35}"
2025-05-22T14:00:53.082846,"{'address': '/hover', 'args': 45}"
2025-05-22T14:00:53.167883,"{'address': '/hover', 'args': 22}"
2025-05-22T14:00:53.243187,"{'address': '/hover', 'args': 15}"
2025-05-22T14:00:53.250665,"{'address': '/hover', 'args': 10}"
2025-05-22T14:00:53.583696,"{'address': '/hover', 'args': 10}"
2025-05-22T14:00:53.617469,"{'address': '/hover', 'args': 16}"
2025-05-22T14:00:53.668340,"{'address': '/hover', 'args': 47}"
2025-05-22T14:00:53.743164,"{'address': '/hover', 'args': 35}"
2025-05-22T14:00:53.826631,"{'address': '/hover', 'args': 32}"
2025-05-22T14:00:53.934900,"{'address': '/hover', 'args': 34}"
2025-05-22T14:00:54.000897,"{'address': '/hover', 'args': 54}"
2025-05-22T14:00:54.076956,"{'address': '/hover', 'args': 59}"
2025-05-22T14:00:54.135439,"{'address': '/hover', 'args': 37}"
2025-05-22T14:00:54.293068,"{'address': '/hover', 'args': 58}"
2025-05-22T14:00:54.410019,"{'address': '/hover', 'args': 41}"
2025-05-22T14:00:54.442637,"{'address': '/hover', 'args': 57}"
2025-05-22T14:00:54.785385,"{'address': '/hover', 'args': 56}"
2025-05-22T14:00:54.843670,"{'address': '/hover', 'args': 55}"
2025-05-22T14:00:54.992460,"{'address': '/hover', 'args': 50}"
2025-05-22T14:00:55.075808,"{'address': '/hover', 'args': 57}"
2025-05-22T14:00:55.092499,"{'address': '/hover', 'args': 17}"
2025-05-22T14:00:55.118789,"{'address': '/hover', 'args': 41}"
2025-05-22T14:00:55.150755,"{'address': '/hover', 'args': 23}"
2025-05-22T14:00:55.166834,"{'address': '/hover', 'args': 14}"
2025-05-22T14:00:55.175709,"{'address': '/hover', 'args': 0}"
2025-05-22T14:00:55.200149,"{'address': '/hover', 'args': 1}"
2025-05-22T14:00:55.208887,"{'address': '/hover', 'args': 4}"
2025-05-22T14:00:55.291928,"{'address': '/hover', 'args': 3}"
2025-05-22T14:00:55.434898,"{'address': '/hover', 'args': 18}"
2025-05-22T14:00:55.501939,"{'address': '/hover', 'args': 21}"
2025-05-22T14:00:55.585001,"{'address': '/hover', 'args': 48}"
2025-05-22T14:00:55.609863,"{'address': '/hover', 'args': 7}"
2025-05-22T14:00:55.759053,"{'address': '/hover', 'args': 2}"
2025-05-22T14:00:55.801214,"{'address': '/hover', 'args': 20}"
2025-05-22T14:00:55.843241,"{'address': '/hover', 'args': 18}"
2025-05-22T14:00:55.967572,"{'address': '/hover', 'args': 1}"
2025-05-22T14:00:56.018293,"{'address': '/hover', 'args': 58}"
2025-05-22T14:00:56.076617,"{'address': '/hover', 'args': 37}"
2025-05-22T14:00:56.176489,"{'address': '/hover', 'args': 59}"
2025-05-22T14:00:56.183891,"{'address': '/hover', 'args': 57}"
2025-05-22T14:00:56.344510,"{'address': '/hover', 'args': 38}"
2025-05-22T14:00:56.344578,"{'address': '/hover', 'args': 58}"
2025-05-22T14:00:56.367594,"{'address': '/hover', 'args': 1}"
2025-05-22T14:00:56.367906,"{'address': '/hover', 'args': 42}"
2025-05-22T14:00:56.383790,"{'address': '/hover', 'args': 18}"
2025-05-22T14:00:56.392248,"{'address': '/hover', 'args': 21}"
2025-05-22T14:00:56.408055,"{'address': '/hover', 'args': 20}"
2025-05-22T14:00:56.743420,"{'address': '/hover', 'args': 48}"
2025-05-22T14:00:56.767439,"{'address': '/hover', 'args': 7}"
2025-05-22T14:00:56.868641,"{'address': '/hover', 'args': 15}"
2025-05-22T14:00:56.901830,"{'address': '/hover', 'args': 11}"
2025-05-22T14:00:57.168270,"{'address': '/hover', 'args': 10}"
2025-05-22T14:00:57.201095,"{'address': '/hover', 'args': 16}"
2025-05-22T14:00:57.226300,"{'address': '/hover', 'args': 47}"
2025-05-22T14:00:57.242124,"{'address': '/hover', 'args': 35}"
2025-05-22T14:00:57.258625,"{'address': '/hover', 'args': 52}"
2025-05-22T14:00:57.318470,"{'address': '/hover', 'args': 32}"
2025-05-22T14:00:57.359240,"{'address': '/hover', 'args': 34}"
2025-05-22T14:00:57.383746,"{'address': '/hover', 'args': 54}"
2025-05-22T14:00:57.427066,"{'address': '/hover', 'args': 59}"
2025-05-22T14:00:57.426984,"{'address': '/hover', 'args': 55}"
2025-05-22T14:00:57.459491,"{'address': '/hover', 'args': 56}"
2025-05-22T14:00:57.560055,"{'address': '/hover', 'args': 57}"
2025-05-22T14:00:57.926220,"{'address': '/hover', 'args': 56}"
2025-05-22T14:00:57.950297,"{'address': '/hover', 'args': 55}"
2025-05-22T14:00:57.976133,"{'address': '/hover', 'args': 40}"
2025-05-22T14:00:58.001018,"{'address': '/hover', 'args': 33}"
2025-05-22T14:00:58.143654,"{'address': '/hover', 'args': 34}"
2025-05-22T14:00:58.153421,"{'address': '/hover', 'args': 54}"
2025-05-22T14:00:58.199921,"{'address': '/hover', 'args': 44}"
2025-05-22T14:00:58.293427,"{'address': '/hover', 'args': 40}"
2025-05-22T14:00:58.294151,"{'address': '/hover', 'args': 55}"
2025-05-22T14:00:58.452284,"{'address': '/hover', 'args': 54}"
2025-05-22T14:00:58.484107,"{'address': '/hover', 'args': 59}"
2025-05-22T14:00:58.534222,"{'address': '/hover', 'args': 37}"
2025-05-22T14:00:58.542044,"{'address': '/hover', 'args': 38}"
2025-05-22T14:00:58.592847,"{'address': '/hover', 'args': 58}"
2025-05-22T14:00:58.710218,"{'address': '/hover', 'args': 49}"
2025-05-22T14:00:58.726648,"{'address': '/hover', 'args': 44}"
2025-05-22T14:00:58.733605,"{'address': '/hover', 'args': 51}"
2025-05-22T14:00:58.742586,"{'address': '/hover', 'args': 34}"
2025-05-22T14:00:58.776655,"{'address': '/hover', 'args': 29}"
2025-05-22T14:00:59.051137,"{'address': '/hover', 'args': 40}"
2025-05-22T14:00:59.142627,"{'address': '/hover', 'args': 54}"
2025-05-22T14:00:59.175892,"{'address': '/hover', 'args': 34}"
2025-05-22T14:00:59.192180,"{'address': '/hover', 'args': 44}"
2025-05-22T14:00:59.226795,"{'address': '/hover', 'args': 51}"
2025-05-22T14:00:59.352293,"{'address': '/hover', 'args': 32}"
2025-05-22T14:00:59.476798,"{'address': '/hover', 'args': 55}"
2025-05-22T14:00:59.651719,"{'address': '/hover', 'args': 56}"
2025-05-22T14:01:00.101919,"{'address': '/hover', 'args': 59}"
2025-05-22T14:01:00.127406,"{'address': '/hover', 'args': 57}"
2025-05-22T14:01:00.284859,"{'address': '/hover', 'args': 54}"
2025-05-22T14:01:00.385200,"{'address': '/hover', 'args': 40}"
2025-05-22T14:01:00.400478,"{'address': '/hover', 'args': 55}"
2025-05-22T14:01:00.433077,"{'address': '/hover', 'args': 36}"
2025-05-22T14:01:00.468485,"{'address': '/hover', 'args': 56}"
2025-05-22T14:01:00.476729,"{'address': '/hover', 'args': 26}"
2025-05-22T14:01:00.584601,"{'address': '/hover', 'args': 50}"
2025-05-22T14:01:00.643152,"{'address': '/hover', 'args': 57}"
2025-05-22T14:01:00.710034,"{'address': '/hover', 'args': 59}"
2025-05-22T14:01:00.743546,"{'address': '/hover', 'args': 55}"
2025-05-22T14:01:00.767700,"{'address': '/hover', 'args': 54}"
2025-05-22T14:01:00.977027,"{'address': '/hover', 'args': 57}"
2025-05-22T14:01:00.984118,"{'address': '/hover', 'args': 37}"
2025-05-22T14:01:01.016952,"{'address': '/hover', 'args': 38}"
2025-05-22T14:01:01.036569,"{'address': '/hover', 'args': 58}"
2025-05-22T14:01:01.067642,"{'address': '/hover', 'args': 53}"
2025-05-22T14:01:01.151193,"{'address': '/hover', 'args': 22}"
2025-05-22T14:01:01.193134,"{'address': '/hover', 'args': 49}"
2025-05-22T14:01:01.217047,"{'address': '/hover', 'args': 45}"
2025-05-22T14:01:01.267708,"{'address': '/hover', 'args': 51}"
2025-05-22T14:01:01.343268,"{'address': '/hover', 'args': 34}"
2025-05-22T14:01:01.367677,"{'address': '/hover', 'args': 44}"
2025-05-22T14:01:01.458264,"{'address': '/hover', 'args': 54}"
2025-05-22T14:01:01.576167,"{'address': '/hover', 'args': 59}"
2025-05-22T14:01:01.644052,"{'address': '/hover', 'args': 57}"
2025-05-22T14:01:02.168842,"{'address': '/hover', 'args': 41}"
2025-05-22T14:01:02.192295,"{'address': '/hover', 'args': 37}"
2025-05-22T14:01:02.217432,"{'address': '/hover', 'args': 14}"
2025-05-22T14:01:02.250454,"{'address': '/hover', 'args': 1}"
2025-05-22T14:01:02.326654,"{'address': '/hover', 'args': 18}"
2025-05-22T14:01:02.401289,"{'address': '/hover', 'args': 42}"
2025-05-22T14:01:02.417711,"{'address': '/hover', 'args': 21}"
2025-05-22T14:01:02.484537,"{'address': '/hover', 'args': 48}"
2025-05-22T14:01:02.584549,"{'address': '/hover', 'args': 22}"
2025-05-22T14:01:02.657766,"{'address': '/hover', 'args': 45}"
2025-05-22T14:01:02.666581,"{'address': '/hover', 'args': 49}"
2025-05-22T14:01:02.716303,"{'address': '/hover', 'args': 51}"
2025-05-22T14:01:02.724984,"{'address': '/hover', 'args': 35}"
2025-05-22T14:01:02.842920,"{'address': '/hover', 'args': 34}"
2025-05-22T14:01:02.959637,"{'address': '/hover', 'args': 54}"
2025-05-22T14:01:03.017689,"{'address': '/hover', 'args': 55}"
2025-05-22T14:01:03.034180,"{'address': '/hover', 'args': 40}"
2025-05-22T14:01:03.067797,"{'address': '/hover', 'args': 36}"
2025-05-22T14:01:03.176599,"{'address': '/hover', 'args': 56}"
2025-05-22T14:01:03.301732,"{'address': '/hover', 'args': 50}"
2025-05-22T14:01:03.376295,"{'address': '/hover', 'args': 57}"
2025-05-22T14:01:03.653500,"{'address': '/hover', 'args': 17}"
2025-05-22T14:01:03.669065,"{'address': '/hover', 'args': 41}"
2025-05-22T14:01:03.693323,"{'address': '/hover', 'args': 14}"
2025-05-22T14:01:03.700110,"{'address': '/hover', 'args': 1}"
2025-05-22T14:01:03.717139,"{'address': '/hover', 'args': 18}"
2025-05-22T14:01:03.726854,"{'address': '/hover', 'args': 21}"
2025-05-22T14:01:03.726769,"{'address': '/hover', 'args': 20}"
2025-05-22T14:01:03.733691,"{'address': '/hover', 'args': 2}"
2025-05-22T14:01:03.968808,"{'address': '/hover', 'args': 19}"
2025-05-22T14:01:05.452036,"{'address': '/hover', 'args': 8}"
2025-05-22T14:01:05.460500,"{'address': '/hover', 'args': 5}"
2025-05-22T14:01:05.460629,"{'address': '/hover', 'args': 6}"
2025-05-22T14:01:05.467103,"{'address': '/hover', 'args': 11}"
2025-05-22T14:01:05.476352,"{'address': '/hover', 'args': 9}"
2025-05-22T14:01:05.476450,"{'address': '/hover', 'args': 10}"
2025-05-22T14:01:05.484637,"{'address': '/hover', 'args': 15}"
2025-05-22T14:01:05.492553,"{'address': '/hover', 'args': 16}"
2025-05-22T14:01:05.500924,"{'address': '/hover', 'args': 22}"
2025-05-22T14:01:05.517719,"{'address': '/hover', 'args': 45}"
2025-05-22T14:01:05.525637,"{'address': '/hover', 'args': 47}"
2025-05-22T14:01:05.635007,"{'address': '/hover', 'args': 49}"
2025-05-22T14:01:05.659387,"{'address': '/hover', 'args': 51}"
2025-05-22T14:01:05.675759,"{'address': '/hover', 'args': 53}"
2025-05-22T14:01:05.675657,"{'address': '/hover', 'args': 38}"
2025-05-22T14:01:05.683333,"{'address': '/hover', 'args': 44}"
2025-05-22T14:01:05.700070,"{'address': '/hover', 'args': 37}"
2025-05-22T14:01:05.707681,"{'address': '/hover', 'args': 59}"
2025-05-22T14:01:05.725780,"{'address': '/hover', 'args': 57}"
2025-05-22T14:01:05.776681,"{'address': '/hover', 'args': 56}"
2025-05-22T14:01:05.783655,"{'address': '/hover', 'args': 41}"
2025-05-22T14:01:05.859379,"{'address': '/hover', 'args': 58}"
2025-05-22T14:01:05.901235,"{'address': '/hover', 'args': 22}"
2025-05-22T14:01:05.933754,"{'address': '/hover', 'args': 48}"
2025-05-22T14:01:06.050693,"{'address': '/hover', 'args': 42}"
2025-05-22T14:01:06.242392,"{'address': '/hover', 'args': 21}"
2025-05-22T14:01:06.284692,"{'address': '/hover', 'args': 7}"
2025-05-22T14:01:06.293089,"{'address': '/hover', 'args': 15}"
2025-05-22T14:01:06.333187,"{'address': '/hover', 'args': 11}"
2025-05-22T14:01:06.341904,"{'address': '/hover', 'args': 10}"
2025-05-22T14:01:06.418199,"{'address': '/hover', 'args': 9}"
2025-05-22T14:01:06.418318,"{'address': '/hover', 'args': 16}"
2025-05-22T14:01:06.424747,"{'address': '/hover', 'args': 39}"
2025-05-22T14:01:06.560524,"{'address': '/hover', 'args': 43}"
2025-05-22T14:01:06.601822,"{'address': '/hover', 'args': 47}"
2025-05-22T14:01:06.617111,"{'address': '/hover', 'args': 45}"
2025-05-22T14:01:06.625420,"{'address': '/hover', 'args': 22}"
2025-05-22T14:01:06.667654,"{'address': '/hover', 'args': 49}"
2025-05-22T14:01:06.692296,"{'address': '/hover', 'args': 53}"
2025-05-22T14:01:06.734248,"{'address': '/hover', 'args': 38}"
2025-05-22T14:01:06.784724,"{'address': '/hover', 'args': 58}"
2025-05-22T14:01:06.834112,"{'address': '/hover', 'args': 44}"
2025-05-22T14:01:06.867506,"{'address': '/hover', 'args': 51}"
2025-05-22T14:01:06.917524,"{'address': '/hover', 'args': 34}"
2025-05-22T14:01:06.943099,"{'address': '/hover', 'args': 32}"
2025-05-22T14:01:07.100987,"{'address': '/hover', 'args': 54}"
2025-05-22T14:01:07.158529,"{'address': '/hover', 'args': 59}"
2025-05-22T14:01:07.175308,"{'address': '/hover', 'args': 55}"
2025-05-22T14:01:07.243326,"{'address': '/hover', 'args': 56}"
2025-05-22T14:01:07.559670,"{'address': '/hover', 'args': 57}"
2025-05-22T14:01:07.634260,"{'address': '/hover', 'args': 50}"
2025-05-22T14:01:07.666689,"{'address': '/hover', 'args': 17}"
2025-05-22T14:01:07.675666,"{'address': '/hover', 'args': 41}"
2025-05-22T14:01:07.799977,"{'address': '/hover', 'args': 23}"
2025-05-22T14:01:07.816798,"{'address': '/hover', 'args': 14}"
2025-05-22T14:01:07.875393,"{'address': '/hover', 'args': 0}"
2025-05-22T14:01:07.900039,"{'address': '/hover', 'args': 58}"
2025-05-22T14:01:07.899838,"{'address': '/hover', 'args': 1}"
2025-05-22T14:01:07.967456,"{'address': '/hover', 'args': 42}"
2025-05-22T14:01:07.975139,"{'address': '/hover', 'args': 53}"
2025-05-22T14:01:07.984032,"{'address': '/hover', 'args': 38}"
2025-05-22T14:01:08.034226,"{'address': '/hover', 'args': 49}"
2025-05-22T14:01:08.049594,"{'address': '/hover', 'args': 22}"
2025-05-22T14:01:08.092563,"{'address': '/hover', 'args': 45}"
2025-05-22T14:01:08.117028,"{'address': '/hover', 'args': 51}"
2025-05-22T14:01:08.142447,"{'address': '/hover', 'args': 44}"
2025-05-22T14:01:08.191880,"{'address': '/hover', 'args': 34}"
2025-05-22T14:01:08.208837,"{'address': '/hover', 'args': 54}"
2025-05-22T14:01:08.216429,"{'address': '/hover', 'args': 59}"
2025-05-22T14:01:08.250313,"{'address': '/hover', 'args': 55}"
2025-05-22T14:01:08.285179,"{'address': '/hover', 'args': 56}"
2025-05-22T14:01:08.285341,"{'address': '/hover', 'args': 57}"
2025-05-22T14:01:08.327177,"{'address': '/hover', 'args': 37}"
2025-05-22T14:01:08.342827,"{'address': '/hover', 'args': 41}"
2025-05-22T14:01:08.384625,"{'address': '/hover', 'args': 14}"
2025-05-22T14:01:08.426528,"{'address': '/hover', 'args': 58}"
2025-05-22T14:01:08.441896,"{'address': '/hover', 'args': 0}"
2025-05-22T14:01:08.442384,"{'address': '/hover', 'args': 1}"
2025-05-22T14:01:08.493098,"{'address': '/hover', 'args': 42}"
2025-05-22T14:01:08.534862,"{'address': '/hover', 'args': 53}"
2025-05-22T14:01:08.567772,"{'address': '/hover', 'args': 38}"
2025-05-22T14:01:08.592774,"{'address': '/hover', 'args': 49}"
2025-05-22T14:01:08.634833,"{'address': '/hover', 'args': 44}"
2025-05-22T14:01:08.701589,"{'address': '/hover', 'args': 59}"
2025-05-22T14:01:08.742713,"{'address': '/hover', 'args': 37}"
2025-05-22T14:01:08.801999,"{'address': '/hover', 'args': 57}"
2025-05-22T14:01:08.817209,"{'address': '/hover', 'args': 55}"
2025-05-22T14:01:08.850820,"{'address': '/hover', 'args': 54}"
2025-05-22T14:01:08.858368,"{'address': '/hover', 'args': 56}"
2025-05-22T14:01:08.984033,"{'address': '/hover', 'args': 40}"
2025-05-22T14:01:09.058515,"{'address': '/hover', 'args': 44}"
2025-05-22T14:01:09.076308,"{'address': '/hover', 'args': 34}"
2025-05-22T14:01:09.110354,"{'address': '/hover', 'args': 51}"
2025-05-22T14:01:09.142498,"{'address': '/hover', 'args': 49}"
2025-05-22T14:01:09.176756,"{'address': '/hover', 'args': 45}"
2025-05-22T14:01:09.233383,"{'address': '/hover', 'args': 22}"
2025-05-22T14:01:09.283482,"{'address': '/hover', 'args': 53}"
2025-05-22T14:01:09.426740,"{'address': '/hover', 'args': 48}"
2025-05-22T14:01:09.575987,"{'address': '/hover', 'args': 49}"
2025-05-22T14:01:09.643080,"{'address': '/hover', 'args': 38}"
2025-05-22T14:01:09.917498,"{'address': '/hover', 'args': 51}"
2025-05-22T14:01:09.959108,"{'address': '/hover', 'args': 44}"
2025-05-22T14:01:10.227022,"{'address': '/hover', 'args': 59}"
2025-05-22T14:01:10.334750,"{'address': '/hover', 'args': 37}"
2025-05-22T14:01:10.426447,"{'address': '/hover', 'args': 58}"
2025-05-22T14:01:10.459039,"{'address': '/hover', 'args': 14}"
2025-05-22T14:01:10.492652,"{'address': '/hover', 'args': 53}"
2025-05-22T14:01:10.502136,"{'address': '/hover', 'args': 42}"
2025-05-22T14:01:10.541405,"{'address': '/hover', 'args': 48}"
2025-05-22T14:01:10.559861,"{'address': '/hover', 'args': 22}"
2025-05-22T14:01:10.600665,"{'address': '/hover', 'args': 49}"
2025-05-22T14:01:10.634418,"{'address': '/hover', 'args': 45}"
2025-05-22T14:01:10.717418,"{'address': '/hover', 'args': 38}"
2025-05-22T14:01:10.734315,"{'address': '/hover', 'args': 58}"
2025-05-22T14:01:10.792198,"{'address': '/hover', 'args': 1}"
2025-05-22T14:01:10.818509,"{'address': '/hover', 'args': 18}"
2025-05-22T14:01:10.833229,"{'address': '/hover', 'args': 21}"
2025-05-22T14:01:10.892895,"{'address': '/hover', 'args': 20}"
2025-05-22T14:01:10.916941,"{'address': '/hover', 'args': 3}"
2025-05-22T14:01:10.941988,"{'address': '/hover', 'args': 4}"
2025-05-22T14:01:11.010505,"{'address': '/hover', 'args': 0}"
2025-05-22T14:01:11.010559,"{'address': '/hover', 'args': 25}"
2025-05-22T14:01:11.067490,"{'address': '/hover', 'args': 24}"
2025-05-22T14:01:11.476340,"{'address': '/hover', 'args': 13}"
2025-05-22T14:01:11.493513,"{'address': '/hover', 'args': 12}"
2025-05-22T14:01:11.850766,"{'address': '/hover', 'args': 13}"
2025-05-22T14:01:11.892885,"{'address': '/hover', 'args': 0}"
2025-05-22T14:01:11.893982,"{'address': '/hover', 'args': 4}"
2025-05-22T14:01:11.918140,"{'address': '/hover', 'args': 1}"
2025-05-22T14:01:11.918233,"{'address': '/hover', 'args': 18}"
2025-05-22T14:01:11.950906,"{'address': '/hover', 'args': 42}"
2025-05-22T14:01:11.976088,"{'address': '/hover', 'args': 21}"
2025-05-22T14:01:12.067887,"{'address': '/hover', 'args': 58}"
2025-05-22T14:01:12.084240,"{'address': '/hover', 'args': 14}"
2025-05-22T14:01:12.142016,"{'address': '/hover', 'args': 41}"
2025-05-22T14:01:12.167338,"{'address': '/hover', 'args': 37}"
2025-05-22T14:01:12.209745,"{'address': '/hover', 'args': 38}"
2025-05-22T14:01:12.266878,"{'address': '/hover', 'args': 53}"
2025-05-22T14:01:12.292493,"{'address': '/hover', 'args': 49}"
2025-05-22T14:01:12.385068,"{'address': '/hover', 'args': 1}"
2025-05-22T14:01:12.525596,"{'address': '/hover', 'args': 38}"
2025-05-22T14:01:12.550533,"{'address': '/hover', 'args': 42}"
2025-05-22T14:01:12.576036,"{'address': '/hover', 'args': 48}"
2025-05-22T14:01:12.609434,"{'address': '/hover', 'args': 22}"
2025-05-22T14:01:12.625379,"{'address': '/hover', 'args': 15}"
2025-05-22T14:01:12.650123,"{'address': '/hover', 'args': 7}"
2025-05-22T14:01:12.650389,"{'address': '/hover', 'args': 21}"
2025-05-22T14:01:12.725021,"{'address': '/hover', 'args': 2}"
2025-05-22T14:01:12.750825,"{'address': '/hover', 'args': 20}"
2025-05-22T14:01:12.758404,"{'address': '/hover', 'args': 18}"
2025-05-22T14:01:12.867517,"{'address': '/hover', 'args': 42}"
2025-05-22T14:01:12.944394,"{'address': '/hover', 'args': 22}"
2025-05-22T14:01:12.944459,"{'address': '/hover', 'args': 53}"
2025-05-22T14:01:13.034638,"{'address': '/hover', 'args': 49}"
2025-05-22T14:01:13.067899,"{'address': '/hover', 'args': 38}"
2025-05-22T14:01:13.091839,"{'address': '/hover', 'args': 58}"
2025-05-22T14:01:13.135095,"{'address': '/hover', 'args': 44}"
2025-05-22T14:01:13.169151,"{'address': '/hover', 'args': 59}"
2025-05-22T14:01:13.175291,"{'address': '/hover', 'args': 37}"
2025-05-22T14:01:13.243361,"{'address': '/hover', 'args': 54}"
2025-05-22T14:01:13.367542,"{'address': '/hover', 'args': 34}"
2025-05-22T14:01:13.383949,"{'address': '/hover', 'args': 51}"
2025-05-22T14:01:13.426275,"{'address': '/hover', 'args': 49}"
2025-05-22T14:01:13.451835,"{'address': '/hover', 'args': 45}"
2025-05-22T14:01:13.458472,"{'address': '/hover', 'args': 35}"
2025-05-22T14:01:13.526640,"{'address': '/hover', 'args': 47}"
2025-05-22T14:01:13.560434,"{'address': '/hover', 'args': 16}"
2025-05-22T14:01:13.618209,"{'address': '/hover', 'args': 43}"
2025-05-22T14:01:14.393715,"{'address': '/hover', 'args': 45}"
2025-05-22T14:01:14.435083,"{'address': '/hover', 'args': 22}"
2025-05-22T14:01:14.451101,"{'address': '/hover', 'args': 49}"
2025-05-22T14:01:14.467356,"{'address': '/hover', 'args': 51}"
2025-05-22T14:01:14.492716,"{'address': '/hover', 'args': 38}"
2025-05-22T14:01:14.500029,"{'address': '/hover', 'args': 44}"
2025-05-22T14:01:14.559291,"{'address': '/hover', 'args': 37}"
2025-05-22T14:01:14.566938,"{'address': '/hover', 'args': 59}"
2025-05-22T14:01:14.718805,"{'address': '/hover', 'args': 16}"
2025-05-22T14:01:14.750669,"{'address': '/hover', 'args': 10}"
2025-05-22T14:01:14.843559,"{'address': '/hover', 'args': 15}"
2025-05-22T14:01:14.925712,"{'address': '/hover', 'args': 48}"
2025-05-22T14:01:15.051540,"{'address': '/hover', 'args': 16}"
2025-05-22T14:01:15.092070,"{'address': '/hover', 'args': 45}"
2025-05-22T14:01:15.168007,"{'address': '/hover', 'args': 47}"
2025-05-22T14:01:15.218091,"{'address': '/hover', 'args': 49}"
2025-05-22T14:01:15.259961,"{'address': '/hover', 'args': 51}"
2025-05-22T14:01:15.319282,"{'address': '/hover', 'args': 38}"
2025-05-22T14:01:15.333829,"{'address': '/hover', 'args': 53}"
2025-05-22T14:01:15.385284,"{'address': '/hover', 'args': 44}"
2025-05-22T14:01:15.560152,"{'address': '/hover', 'args': 45}"
2025-05-22T14:01:15.568373,"{'address': '/hover', 'args': 51}"
2025-05-22T14:01:15.577316,"{'address': '/hover', 'args': 22}"
2025-05-22T14:01:15.651380,"{'address': '/hover', 'args': 16}"
2025-05-22T14:01:15.726007,"{'address': '/hover', 'args': 47}"
2025-05-22T14:01:15.801510,"{'address': '/hover', 'args': 10}"
2025-05-22T14:01:15.860028,"{'address': '/hover', 'args': 39}"
2025-05-22T14:01:15.919624,"{'address': '/hover', 'args': 15}"
2025-05-22T14:01:16.084870,"{'address': '/hover', 'args': 22}"
2025-05-22T14:01:16.142923,"{'address': '/hover', 'args': 48}"
2025-05-22T14:01:16.176860,"{'address': '/hover', 'args': 53}"
2025-05-22T14:01:16.200546,"{'address': '/hover', 'args': 49}"
2025-05-22T14:01:16.251066,"{'address': '/hover', 'args': 38}"
2025-05-22T14:01:16.318297,"{'address': '/hover', 'args': 44}"
2025-05-22T14:01:16.384330,"{'address': '/hover', 'args': 51}"
2025-05-22T14:01:16.409481,"{'address': '/hover', 'args': 34}"
2025-05-22T14:01:16.494162,"{'address': '/hover', 'args': 32}"
2025-05-22T14:01:16.609245,"{'address': '/hover', 'args': 35}"
2025-05-22T14:01:16.668555,"{'address': '/hover', 'args': 52}"
2025-05-22T14:01:16.738043,"{'address': '/hover', 'args': 47}"
2025-05-22T14:01:16.901756,"{'address': '/hover', 'args': 46}"
2025-05-22T14:01:17.460158,"{'address': '/hover', 'args': 43}"
2025-05-22T14:01:17.483697,"{'address': '/hover', 'args': 16}"
2025-05-22T14:01:17.526143,"{'address': '/hover', 'args': 39}"
2025-05-22T14:01:17.550455,"{'address': '/hover', 'args': 10}"
2025-05-22T14:01:17.609972,"{'address': '/hover', 'args': 9}"
2025-05-22T14:01:17.633602,"{'address': '/hover', 'args': 15}"
2025-05-22T14:01:17.650679,"{'address': '/hover', 'args': 11}"
2025-05-22T14:01:17.707941,"{'address': '/hover', 'args': 7}"
2025-05-22T14:01:17.742426,"{'address': '/hover', 'args': 48}"
2025-05-22T14:01:17.774784,"{'address': '/hover', 'args': 21}"
2025-05-22T14:01:17.791838,"{'address': '/hover', 'args': 42}"
2025-05-22T14:01:17.809187,"{'address': '/hover', 'args': 53}"
2025-05-22T14:01:17.833461,"{'address': '/hover', 'args': 58}"
2025-05-22T14:01:17.860049,"{'address': '/hover', 'args': 38}"
2025-05-22T14:01:17.876192,"{'address': '/hover', 'args': 37}"
2025-05-22T14:01:17.918429,"{'address': '/hover', 'args': 44}"
2025-05-22T14:01:17.918486,"{'address': '/hover', 'args': 59}"
2025-05-22T14:01:17.950823,"{'address': '/hover', 'args': 54}"
2025-05-22T14:01:17.967355,"{'address': '/hover', 'args': 34}"
2025-05-22T14:01:17.985798,"{'address': '/hover', 'args': 51}"
2025-05-22T14:01:18.025539,"{'address': '/hover', 'args': 32}"
2025-05-22T14:01:18.050412,"{'address': '/hover', 'args': 35}"
2025-05-22T14:01:18.118384,"{'address': '/hover', 'args': 45}"
2025-05-22T14:01:18.134957,"{'address': '/hover', 'args': 47}"
2025-05-22T14:01:18.367887,"{'address': '/hover', 'args': 16}"
2025-05-22T14:01:19.085310,"{'address': '/hover', 'args': 43}"
2025-05-22T14:01:19.101705,"{'address': '/hover', 'args': 10}"
2025-05-22T14:01:19.101798,"{'address': '/hover', 'args': 39}"
2025-05-22T14:01:19.175841,"{'address': '/hover', 'args': 9}"
2025-05-22T14:01:19.620188,"{'address': '/hover', 'args': 16}"
2025-05-22T14:01:19.620022,"{'address': '/hover', 'args': 15}"
2025-05-22T14:01:19.660353,"{'address': '/hover', 'args': 22}"
2025-05-22T14:01:19.684504,"{'address': '/hover', 'args': 48}"
2025-05-22T14:01:19.700563,"{'address': '/hover', 'args': 53}"
2025-05-22T14:01:19.750447,"{'address': '/hover', 'args': 49}"
2025-05-22T14:01:19.793219,"{'address': '/hover', 'args': 38}"
2025-05-22T14:01:19.867406,"{'address': '/hover', 'args': 45}"
2025-05-22T14:01:19.950853,"{'address': '/hover', 'args': 47}"
2025-05-22T14:01:19.984549,"{'address': '/hover', 'args': 10}"
2025-05-22T14:01:20.000490,"{'address': '/hover', 'args': 39}"
2025-05-22T14:01:20.060001,"{'address': '/hover', 'args': 9}"
2025-05-22T14:02:06.643130,"{'address': '/hover', 'args': 3}"
2025-05-22T14:02:06.643278,"{'address': '/hover', 'args': 20}"
2025-05-22T14:02:06.659755,"{'address': '/hover', 'args': 18}"
2025-05-22T14:02:06.667451,"{'address': '/hover', 'args': 21}"
2025-05-22T14:02:06.674963,"{'address': '/hover', 'args': 42}"
2025-05-22T14:02:06.683744,"{'address': '/hover', 'args': 48}"
2025-05-22T14:02:06.718209,"{'address': '/hover', 'args': 7}"
2025-05-22T14:02:06.918091,"{'address': '/hover', 'args': 53}"
2025-05-22T14:02:06.984420,"{'address': '/hover', 'args': 58}"
2025-05-22T14:02:07.025952,"{'address': '/hover', 'args': 1}"
2025-05-22T14:02:07.076494,"{'address': '/hover', 'args': 18}"
2025-05-22T14:02:07.117970,"{'address': '/hover', 'args': 4}"
2025-05-22T14:02:07.392848,"{'address': '/hover', 'args': 3}"
2025-05-22T14:02:07.408790,"{'address': '/hover', 'args': 13}"
2025-05-22T14:02:07.467192,"{'address': '/hover', 'args': 12}"
2025-05-22T14:02:09.042789,"{'address': '/hover', 'args': 2}"
2025-05-22T14:02:09.059343,"{'address': '/hover', 'args': 6}"
2025-05-22T14:02:09.101131,"{'address': '/hover', 'args': 7}"
2025-05-22T14:02:09.310665,"{'address': '/hover', 'args': 21}"
2025-05-22T14:02:09.334145,"{'address': '/hover', 'args': 16}"
2025-05-22T14:02:09.341679,"{'address': '/hover', 'args': 11}"
2025-05-22T14:02:09.359705,"{'address': '/hover', 'args': 3}"
2025-05-22T14:02:09.360109,"{'address': '/hover', 'args': 87}"
2025-05-22T14:02:09.377021,"{'address': '/hover', 'args': 43}"
2025-05-22T14:02:09.410380,"{'address': '/hover', 'args': 39}"
2025-05-22T14:02:09.500913,"{'address': '/hover', 'args': 25}"
2025-05-22T14:02:09.500997,"{'address': '/hover', 'args': 84}"
2025-05-22T14:02:09.534818,"{'address': '/hover', 'args': 32}"
2025-05-22T14:02:09.584098,"{'address': '/hover', 'args': 78}"
2025-05-22T14:02:09.591675,"{'address': '/hover', 'args': 56}"
2025-05-22T14:02:09.659078,"{'address': '/hover', 'args': 22}"
2025-05-22T14:02:09.659578,"{'address': '/hover', 'args': 89}"
2025-05-22T14:02:09.684751,"{'address': '/hover', 'args': 17}"
2025-05-22T14:02:09.718773,"{'address': '/hover', 'args': 16}"
2025-05-22T14:02:09.718731,"{'address': '/hover', 'args': 12}"
2025-05-22T14:02:09.851201,"{'address': '/hover', 'args': 21}"
2025-05-22T14:02:09.884218,"{'address': '/hover', 'args': 11}"
2025-05-22T14:02:09.976493,"{'address': '/hover', 'args': 87}"
2025-05-22T14:02:09.991411,"{'address': '/hover', 'args': 3}"
2025-05-22T14:02:10.069106,"{'address': '/hover', 'args': 42}"
2025-05-22T14:02:10.293178,"{'address': '/hover', 'args': 75}"
2025-05-22T14:02:10.351465,"{'address': '/hover', 'args': 37}"
2025-05-22T14:02:10.357749,"{'address': '/hover', 'args': 36}"
2025-05-22T14:02:10.436463,"{'address': '/hover', 'args': 28}"
2025-05-22T14:02:10.436932,"{'address': '/hover', 'args': 42}"
2025-05-22T14:02:10.450872,"{'address': '/hover', 'args': 5}"
2025-05-22T14:02:10.477126,"{'address': '/hover', 'args': 21}"
2025-05-22T14:02:10.501160,"{'address': '/hover', 'args': 7}"
2025-05-22T14:02:10.526432,"{'address': '/hover', 'args': 6}"
2025-05-22T14:02:10.751438,"{'address': '/hover', 'args': 2}"
2025-05-22T14:02:11.994878,"{'address': '/hover', 'args': 6}"
2025-05-22T14:02:11.993698,"{'address': '/hover', 'args': 2}"
2025-05-22T14:02:12.000606,"{'address': '/hover', 'args': 16}"
2025-05-22T14:02:12.008352,"{'address': '/hover', 'args': 21}"
2025-05-22T14:02:12.025766,"{'address': '/hover', 'args': 11}"
2025-05-22T14:02:12.034128,"{'address': '/hover', 'args': 42}"
2025-05-22T14:02:12.051042,"{'address': '/hover', 'args': 3}"
2025-05-22T14:02:12.084314,"{'address': '/hover', 'args': 38}"
2025-05-22T14:02:12.084977,"{'address': '/hover', 'args': 43}"
2025-05-22T14:02:12.234654,"{'address': '/hover', 'args': 39}"
2025-05-22T14:02:12.251515,"{'address': '/hover', 'args': 25}"
2025-05-22T14:02:12.259252,"{'address': '/hover', 'args': 84}"
2025-05-22T14:02:12.300572,"{'address': '/hover', 'args': 68}"
2025-05-22T14:02:12.309134,"{'address': '/hover', 'args': 46}"
2025-05-22T14:02:12.342968,"{'address': '/hover', 'args': 81}"
2025-05-22T14:02:12.342902,"{'address': '/hover', 'args': 70}"
2025-05-22T14:02:12.500470,"{'address': '/hover', 'args': 32}"
2025-05-22T14:02:12.550586,"{'address': '/hover', 'args': 87}"
2025-05-22T14:02:12.584474,"{'address': '/hover', 'args': 3}"
2025-05-22T14:02:12.659352,"{'address': '/hover', 'args': 75}"
2025-05-22T14:02:12.667981,"{'address': '/hover', 'args': 38}"
2025-05-22T14:02:12.700726,"{'address': '/hover', 'args': 37}"
2025-05-22T14:02:12.733578,"{'address': '/hover', 'args': 34}"
2025-05-22T14:02:12.942322,"{'address': '/hover', 'args': 60}"
2025-05-22T14:02:12.974781,"{'address': '/hover', 'args': 39}"
2025-05-22T14:02:13.019415,"{'address': '/hover', 'args': 80}"
2025-05-22T14:02:13.025777,"{'address': '/hover', 'args': 84}"
2025-05-22T14:02:13.159224,"{'address': '/hover', 'args': 43}"
2025-05-22T14:02:13.176130,"{'address': '/hover', 'args': 38}"
2025-05-22T14:02:13.201498,"{'address': '/hover', 'args': 34}"
2025-05-22T14:02:13.234570,"{'address': '/hover', 'args': 37}"
2025-05-22T14:02:13.259092,"{'address': '/hover', 'args': 47}"
2025-05-22T14:02:13.301740,"{'address': '/hover', 'args': 59}"
2025-05-22T14:02:13.359000,"{'address': '/hover', 'args': 53}"
2025-05-22T14:02:13.375579,"{'address': '/hover', 'args': 74}"
2025-05-22T14:02:13.593554,"{'address': '/hover', 'args': 49}"
2025-05-22T14:02:13.626017,"{'address': '/hover', 'args': 59}"
2025-05-22T14:02:13.668687,"{'address': '/hover', 'args': 47}"
2025-05-22T14:02:13.668634,"{'address': '/hover', 'args': 34}"
2025-05-22T14:02:13.683655,"{'address': '/hover', 'args': 37}"
2025-05-22T14:02:13.692416,"{'address': '/hover', 'args': 62}"
2025-05-22T14:02:13.717929,"{'address': '/hover', 'args': 36}"
2025-05-22T14:02:13.717971,"{'address': '/hover', 'args': 58}"
2025-05-22T14:02:13.750729,"{'address': '/hover', 'args': 18}"
2025-05-22T14:02:13.775429,"{'address': '/hover', 'args': 4}"
2025-05-22T14:02:13.775471,"{'address': '/hover', 'args': 20}"
2025-05-22T14:02:13.993192,"{'address': '/hover', 'args': 1}"
2025-05-22T14:02:14.034424,"{'address': '/hover', 'args': 9}"
2025-05-22T14:02:14.060770,"{'address': '/hover', 'args': 69}"
2025-05-22T14:02:14.184121,"{'address': '/hover', 'args': 58}"
2025-05-22T14:02:14.226075,"{'address': '/hover', 'args': 36}"
2025-05-22T14:02:14.243379,"{'address': '/hover', 'args': 28}"
2025-05-22T14:02:14.243484,"{'address': '/hover', 'args': 75}"
2025-05-22T14:02:14.250623,"{'address': '/hover', 'args': 42}"
2025-05-22T14:02:14.267963,"{'address': '/hover', 'args': 11}"
2025-05-22T14:02:14.276942,"{'address': '/hover', 'args': 87}"
2025-05-22T14:02:14.284076,"{'address': '/hover', 'args': 17}"
2025-05-22T14:02:14.301510,"{'address': '/hover', 'args': 89}"
2025-05-22T14:02:14.308958,"{'address': '/hover', 'args': 22}"
2025-05-22T14:02:14.325196,"{'address': '/hover', 'args': 78}"
2025-05-22T14:02:14.359094,"{'address': '/hover', 'args': 24}"
2025-05-22T14:02:14.417975,"{'address': '/hover', 'args': 32}"
2025-05-22T14:02:14.442543,"{'address': '/hover', 'args': 25}"
2025-05-22T14:02:14.492959,"{'address': '/hover', 'args': 39}"
2025-05-22T14:02:14.493699,"{'address': '/hover', 'args': 43}"
2025-05-22T14:02:14.610695,"{'address': '/hover', 'args': 89}"
2025-05-22T14:02:14.809085,"{'address': '/hover', 'args': 17}"
2025-05-22T14:02:15.234031,"{'address': '/hover', 'args': 11}"
2025-05-22T14:02:15.275312,"{'address': '/hover', 'args': 21}"
2025-05-22T14:02:15.284091,"{'address': '/hover', 'args': 42}"
2025-05-22T14:02:15.308893,"{'address': '/hover', 'args': 5}"
2025-05-22T14:02:15.359469,"{'address': '/hover', 'args': 28}"
2025-05-22T14:02:15.383457,"{'address': '/hover', 'args': 75}"
2025-05-22T14:02:15.434512,"{'address': '/hover', 'args': 38}"
2025-05-22T14:02:15.485392,"{'address': '/hover', 'args': 34}"
2025-05-22T14:02:15.485434,"{'address': '/hover', 'args': 60}"
2025-05-22T14:02:15.526568,"{'address': '/hover', 'args': 39}"
2025-05-22T14:02:15.533771,"{'address': '/hover', 'args': 44}"
2025-05-22T14:02:15.552851,"{'address': '/hover', 'args': 80}"
2025-05-22T14:02:15.559543,"{'address': '/hover', 'args': 84}"
2025-05-22T14:02:15.575425,"{'address': '/hover', 'args': 68}"
2025-05-22T14:02:15.584539,"{'address': '/hover', 'args': 46}"
2025-05-22T14:02:15.618017,"{'address': '/hover', 'args': 70}"
2025-05-22T14:02:15.667883,"{'address': '/hover', 'args': 82}"
2025-05-22T14:02:16.001584,"{'address': '/hover', 'args': 56}"
2025-05-22T14:02:16.035070,"{'address': '/hover', 'args': 46}"
2025-05-22T14:02:16.069726,"{'address': '/hover', 'args': 84}"
2025-05-22T14:02:16.069013,"{'address': '/hover', 'args': 32}"
2025-05-22T14:02:16.083963,"{'address': '/hover', 'args': 25}"
2025-05-22T14:02:16.092376,"{'address': '/hover', 'args': 39}"
2025-05-22T14:02:16.109804,"{'address': '/hover', 'args': 60}"
2025-05-22T14:02:16.109759,"{'address': '/hover', 'args': 44}"
2025-05-22T14:02:16.126486,"{'address': '/hover', 'args': 79}"
2025-05-22T14:02:16.142100,"{'address': '/hover', 'args': 53}"
2025-05-22T14:02:16.168985,"{'address': '/hover', 'args': 88}"
2025-05-22T14:02:16.168913,"{'address': '/hover', 'args': 74}"
2025-05-22T14:02:16.442361,"{'address': '/hover', 'args': 60}"
2025-05-22T14:02:16.442220,"{'address': '/hover', 'args': 34}"
2025-05-22T14:02:16.466940,"{'address': '/hover', 'args': 38}"
2025-05-22T14:02:16.493093,"{'address': '/hover', 'args': 43}"
2025-05-22T14:02:16.509176,"{'address': '/hover', 'args': 3}"
2025-05-22T14:02:16.759518,"{'address': '/hover', 'args': 87}"
2025-05-22T14:02:16.784510,"{'address': '/hover', 'args': 25}"
2025-05-22T14:02:16.809863,"{'address': '/hover', 'args': 32}"
2025-05-22T14:02:16.811080,"{'address': '/hover', 'args': 89}"
2025-05-22T14:02:16.866889,"{'address': '/hover', 'args': 46}"
2025-05-22T14:02:16.917947,"{'address': '/hover', 'args': 84}"
2025-05-22T14:02:17.001420,"{'address': '/hover', 'args': 11}"
2025-05-22T14:02:17.049631,"{'address': '/hover', 'args': 3}"
2025-05-22T14:02:17.142545,"{'address': '/hover', 'args': 89}"
2025-05-22T14:02:17.285061,"{'address': '/hover', 'args': 78}"
2025-05-22T14:02:17.292291,"{'address': '/hover', 'args': 22}"
2025-05-22T14:02:17.519695,"{'address': '/hover', 'args': 19}"
2025-05-22T14:02:17.518445,"{'address': '/hover', 'args': 12}"
2025-05-22T14:02:17.535329,"{'address': '/hover', 'args': 13}"
2025-05-22T14:02:19.015530,"{'address': '/effectPos', 'args': [0.5245901639344263, 0.7910085054678008]}"
2025-05-22T14:02:20.404978,"{'address': '/hover', 'args': 15}"
2025-05-22T14:02:20.413358,"{'address': '/hover', 'args': 14}"
2025-05-22T14:02:20.429974,"{'address': '/hover', 'args': 2}"
2025-05-22T14:02:20.438648,"{'address': '/hover', 'args': 16}"
2025-05-22T14:02:20.438576,"{'address': '/hover', 'args': 6}"
2025-05-22T14:02:20.455439,"{'address': '/hover', 'args': 21}"
2025-05-22T14:02:20.464565,"{'address': '/hover', 'args': 7}"
2025-05-22T14:02:20.464170,"{'address': '/hover', 'args': 5}"
2025-05-22T14:02:20.471858,"{'address': '/hover', 'args': 42}"
2025-05-22T14:02:20.513702,"{'address': '/hover', 'args': 75}"
2025-05-22T14:02:20.537336,"{'address': '/hover', 'args': 3}"
2025-05-22T14:02:20.580089,"{'address': '/hover', 'args': 38}"
2025-05-22T14:02:20.596622,"{'address': '/hover', 'args': 43}"
2025-05-22T14:02:20.638832,"{'address': '/hover', 'args': 25}"
2025-05-22T14:02:20.638916,"{'address': '/hover', 'args': 39}"
2025-05-22T14:02:20.671262,"{'address': '/hover', 'args': 84}"
2025-05-22T14:02:20.705965,"{'address': '/hover', 'args': 80}"
2025-05-22T14:02:20.756131,"{'address': '/hover', 'args': 46}"
2025-05-22T14:02:20.755181,"{'address': '/hover', 'args': 32}"
2025-05-22T14:02:20.787396,"{'address': '/hover', 'args': 78}"
2025-05-22T14:02:20.863610,"{'address': '/hover', 'args': 22}"
2025-05-22T14:02:20.871632,"{'address': '/hover', 'args': 89}"
2025-05-22T14:02:20.914433,"{'address': '/hover', 'args': 17}"
2025-05-22T14:02:20.980109,"{'address': '/hover', 'args': 11}"
2025-05-22T14:02:20.988326,"{'address': '/hover', 'args': 87}"
2025-05-22T14:02:21.047212,"{'address': '/hover', 'args': 42}"
2025-05-22T14:02:21.046518,"{'address': '/hover', 'args': 3}"
2025-05-22T14:02:21.105362,"{'address': '/hover', 'args': 75}"
2025-05-22T14:02:21.180525,"{'address': '/hover', 'args': 38}"
2025-05-22T14:02:21.197022,"{'address': '/hover', 'args': 37}"
2025-05-22T14:02:21.448056,"{'address': '/hover', 'args': 62}"
2025-05-22T14:02:21.447586,"{'address': '/hover', 'args': 47}"
2025-05-22T14:02:21.480191,"{'address': '/hover', 'args': 55}"
2025-05-22T14:02:21.530007,"{'address': '/hover', 'args': 85}"
2025-05-22T14:02:21.547444,"{'address': '/hover', 'args': 49}"
2025-05-22T14:02:21.671624,"{'address': '/hover', 'args': 59}"
2025-05-22T14:02:21.696746,"{'address': '/hover', 'args': 74}"
2025-05-22T14:02:21.813849,"{'address': '/hover', 'args': 53}"
2025-05-22T14:02:21.855618,"{'address': '/hover', 'args': 79}"
2025-05-22T14:02:21.864436,"{'address': '/hover', 'args': 60}"
2025-05-22T14:02:21.897080,"{'address': '/hover', 'args': 39}"
2025-05-22T14:02:21.897319,"{'address': '/hover', 'args': 44}"
2025-05-22T14:02:21.938633,"{'address': '/hover', 'args': 43}"
2025-05-22T14:02:21.963605,"{'address': '/hover', 'args': 25}"
2025-05-22T14:02:22.280631,"{'address': '/hover', 'args': 43}"
2025-05-22T14:02:22.280713,"{'address': '/hover', 'args': 87}"
2025-05-22T14:02:22.314387,"{'address': '/hover', 'args': 3}"
2025-05-22T14:02:22.505651,"{'address': '/hover', 'args': 42}"
2025-05-22T14:02:22.596445,"{'address': '/hover', 'args': 75}"
2025-05-22T14:02:22.755499,"{'address': '/hover', 'args': 38}"
2025-05-22T14:02:22.796579,"{'address': '/hover', 'args': 43}"
2025-05-22T14:02:22.837875,"{'address': '/hover', 'args': 60}"
2025-05-22T14:02:22.871105,"{'address': '/hover', 'args': 39}"
2025-05-22T14:02:22.922219,"{'address': '/hover', 'args': 44}"
2025-05-22T14:02:22.947566,"{'address': '/hover', 'args': 80}"
2025-05-22T14:02:22.979929,"{'address': '/hover', 'args': 79}"
2025-05-22T14:02:22.998736,"{'address': '/hover', 'args': 57}"
2025-05-22T14:02:23.015363,"{'address': '/hover', 'args': 88}"
2025-05-22T14:02:23.079855,"{'address': '/hover', 'args': 53}"
2025-05-22T14:02:23.087940,"{'address': '/hover', 'args': 74}"
2025-05-22T14:02:23.130425,"{'address': '/hover', 'args': 59}"
2025-05-22T14:02:23.154747,"{'address': '/hover', 'args': 34}"
2025-05-22T14:02:23.162554,"{'address': '/hover', 'args': 47}"
2025-05-22T14:02:23.188344,"{'address': '/hover', 'args': 62}"
2025-05-22T14:02:23.188139,"{'address': '/hover', 'args': 37}"
2025-05-22T14:02:23.246186,"{'address': '/hover', 'args': 36}"
2025-05-22T14:02:23.279964,"{'address': '/hover', 'args': 58}"
2025-05-22T14:02:23.329545,"{'address': '/hover', 'args': 69}"
2025-05-22T14:02:23.363380,"{'address': '/hover', 'args': 27}"
2025-05-22T14:02:23.396665,"{'address': '/hover', 'args': 30}"
2025-05-22T14:02:23.421009,"{'address': '/hover', 'args': 31}"
2025-05-22T14:02:23.454725,"{'address': '/hover', 'args': 55}"
2025-05-22T14:02:23.531202,"{'address': '/hover', 'args': 49}"
2025-05-22T14:02:23.555289,"{'address': '/hover', 'args': 59}"
2025-05-22T14:02:23.664190,"{'address': '/hover', 'args': 27}"
2025-05-22T14:02:23.688734,"{'address': '/hover', 'args': 62}"
2025-05-22T14:02:23.688800,"{'address': '/hover', 'args': 69}"
2025-05-22T14:02:23.696177,"{'address': '/hover', 'args': 58}"
2025-05-22T14:02:23.705275,"{'address': '/hover', 'args': 18}"
2025-05-22T14:02:23.722956,"{'address': '/hover', 'args': 20}"
2025-05-22T14:02:23.738888,"{'address': '/hover', 'args': 4}"
2025-05-22T14:02:24.055054,"{'address': '/hover', 'args': 1}"
2025-05-22T14:02:24.156867,"{'address': '/hover', 'args': 18}"
2025-05-22T14:02:24.222180,"{'address': '/hover', 'args': 4}"
2025-05-22T14:02:24.321901,"{'address': '/hover', 'args': 0}"
2025-05-22T14:02:24.397726,"{'address': '/hover', 'args': 8}"
2025-05-22T14:02:24.479444,"{'address': '/hover', 'args': 7}"
2025-05-22T14:02:24.487215,"{'address': '/hover', 'args': 5}"
2025-05-22T14:02:24.798030,"{'address': '/hover', 'args': 21}"
2025-05-22T14:02:24.821987,"{'address': '/hover', 'args': 6}"
2025-05-22T14:02:24.847328,"{'address': '/hover', 'args': 2}"
2025-05-22T14:02:24.880151,"{'address': '/hover', 'args': 14}"
2025-05-22T14:02:25.172123,"{'address': '/hover', 'args': 15}"
2025-05-22T14:02:25.747822,"{'address': '/hover', 'args': 13}"
2025-05-22T14:02:26.279850,"{'address': '/hover', 'args': 19}"
2025-05-22T14:02:26.888677,"{'address': '/hover', 'args': 12}"
2025-05-22T14:02:26.904794,"{'address': '/hover', 'args': 14}"
2025-05-22T14:02:26.970876,"{'address': '/hover', 'args': 16}"
2025-05-22T14:02:26.979171,"{'address': '/hover', 'args': 2}"
2025-05-22T14:02:27.014617,"{'address': '/hover', 'args': 6}"
2025-05-22T14:02:27.014658,"{'address': '/hover', 'args': 21}"
2025-05-22T14:02:27.346995,"{'address': '/hover', 'args': 21}"
2025-05-22T14:02:27.346381,"{'address': '/hover', 'args': 7}"
2025-05-22T14:02:27.371129,"{'address': '/hover', 'args': 5}"
2025-05-22T14:02:27.397799,"{'address': '/hover', 'args': 42}"
2025-05-22T14:02:27.663460,"{'address': '/hover', 'args': 11}"
2025-05-22T14:02:27.736918,"{'address': '/hover', 'args': 17}"
2025-05-22T14:02:27.796649,"{'address': '/hover', 'args': 16}"
2025-05-22T14:02:27.873330,"{'address': '/hover', 'args': 3}"
2025-05-22T14:02:27.874262,"{'address': '/hover', 'args': 42}"
2025-05-22T14:02:27.897337,"{'address': '/hover', 'args': 75}"
2025-05-22T14:02:27.912408,"{'address': '/hover', 'args': 37}"
2025-05-22T14:02:27.922964,"{'address': '/hover', 'args': 36}"
2025-05-22T14:02:27.930132,"{'address': '/hover', 'args': 62}"
2025-05-22T14:02:27.947209,"{'address': '/hover', 'args': 47}"
2025-05-22T14:02:27.954614,"{'address': '/hover', 'args': 27}"
2025-05-22T14:02:27.997141,"{'address': '/hover', 'args': 31}"
2025-05-22T14:02:27.997249,"{'address': '/hover', 'args': 55}"
2025-05-22T14:02:28.190067,"{'address': '/hover', 'args': 59}"
2025-05-22T14:02:28.214109,"{'address': '/hover', 'args': 53}"
2025-05-22T14:02:28.214170,"{'address': '/hover', 'args': 74}"
2025-05-22T14:02:28.229266,"{'address': '/hover', 'args': 88}"
2025-05-22T14:02:28.271631,"{'address': '/hover', 'args': 35}"
2025-05-22T14:02:28.288487,"{'address': '/hover', 'args': 57}"
2025-05-22T14:02:28.356123,"{'address': '/hover', 'args': 79}"
2025-05-22T14:02:28.372214,"{'address': '/hover', 'args': 44}"
2025-05-22T14:02:28.405054,"{'address': '/hover', 'args': 39}"
2025-05-22T14:02:28.406097,"{'address': '/hover', 'args': 60}"
2025-05-22T14:02:28.447218,"{'address': '/hover', 'args': 43}"
2025-05-22T14:02:28.471326,"{'address': '/hover', 'args': 25}"
2025-05-22T14:02:28.730213,"{'address': '/hover', 'args': 87}"
2025-05-22T14:02:28.746800,"{'address': '/hover', 'args': 89}"
2025-05-22T14:02:28.796001,"{'address': '/hover', 'args': 78}"
2025-05-22T14:02:28.795939,"{'address': '/hover', 'args': 22}"
2025-05-22T14:02:29.021889,"{'address': '/hover', 'args': 17}"
2025-05-22T14:02:29.121535,"{'address': '/hover', 'args': 22}"
2025-05-22T14:02:29.354870,"{'address': '/hover', 'args': 12}"
2025-05-22T14:02:29.396578,"{'address': '/hover', 'args': 19}"
2025-05-22T14:02:30.055453,"{'address': '/hover', 'args': 12}"
2025-05-22T14:02:30.063220,"{'address': '/hover', 'args': 13}"
2025-05-22T14:02:30.139850,"{'address': '/hover', 'args': 14}"
2025-05-22T14:02:30.149577,"{'address': '/hover', 'args': 15}"
2025-05-22T14:02:30.822080,"{'address': '/hover', 'args': 12}"
2025-05-22T14:02:30.862747,"{'address': '/hover', 'args': 16}"
2025-05-22T14:02:30.938686,"{'address': '/hover', 'args': 17}"
2025-05-22T14:02:30.955681,"{'address': '/hover', 'args': 22}"
2025-05-22T14:02:30.988199,"{'address': '/hover', 'args': 89}"
2025-05-22T14:02:30.996921,"{'address': '/hover', 'args': 78}"
2025-05-22T14:02:31.071665,"{'address': '/hover', 'args': 32}"
2025-05-22T14:02:31.406263,"{'address': '/hover', 'args': 22}"
2025-05-22T14:02:31.438779,"{'address': '/hover', 'args': 17}"
2025-05-22T14:02:31.471435,"{'address': '/hover', 'args': 11}"
2025-05-22T14:02:31.505724,"{'address': '/hover', 'args': 21}"
2025-05-22T14:02:31.563353,"{'address': '/hover', 'args': 42}"
2025-05-22T14:02:31.588167,"{'address': '/hover', 'args': 3}"
2025-05-22T14:02:31.596594,"{'address': '/hover', 'args': 87}"
2025-05-22T14:02:31.612902,"{'address': '/hover', 'args': 43}"
2025-05-22T14:02:31.630266,"{'address': '/hover', 'args': 38}"
2025-05-22T14:02:31.654938,"{'address': '/hover', 'args': 60}"
2025-05-22T14:02:31.715740,"{'address': '/hover', 'args': 44}"
2025-05-22T14:02:31.715530,"{'address': '/hover', 'args': 39}"
2025-05-22T14:02:31.754918,"{'address': '/hover', 'args': 80}"
2025-05-22T14:02:31.796515,"{'address': '/hover', 'args': 68}"
2025-05-22T14:02:31.816400,"{'address': '/hover', 'args': 81}"
2025-05-22T14:02:31.816285,"{'address': '/hover', 'args': 70}"
2025-05-22T14:02:31.846284,"{'address': '/hover', 'args': 26}"
2025-05-22T14:02:31.864051,"{'address': '/hover', 'args': 82}"
2025-05-22T14:02:32.514512,"{'address': '/hover', 'args': 19}"
2025-05-22T14:02:32.514362,"{'address': '/hover', 'args': 13}"
2025-05-22T14:02:33.480399,"{'address': '/hover', 'args': 15}"
2025-05-22T14:02:33.497676,"{'address': '/hover', 'args': 14}"
2025-05-22T14:02:34.206197,"{'address': '/hover', 'args': 2}"
2025-05-22T14:02:34.230935,"{'address': '/hover', 'args': 6}"
2025-05-22T14:02:34.254965,"{'address': '/hover', 'args': 7}"
2025-05-22T14:02:34.288647,"{'address': '/hover', 'args': 5}"
2025-05-22T14:02:34.297509,"{'address': '/hover', 'args': 8}"
2025-05-22T14:02:34.346132,"{'address': '/hover', 'args': 28}"
2025-05-22T14:02:34.404735,"{'address': '/hover', 'args': 42}"
2025-05-22T14:02:34.421548,"{'address': '/hover', 'args': 75}"
2025-05-22T14:02:34.438644,"{'address': '/hover', 'args': 3}"
2025-05-22T14:02:34.463715,"{'address': '/hover', 'args': 38}"
2025-05-22T14:02:34.480886,"{'address': '/hover', 'args': 43}"
2025-05-22T14:02:34.545903,"{'address': '/hover', 'args': 60}"
2025-05-22T14:02:34.723924,"{'address': '/hover', 'args': 87}"
2025-05-22T14:02:34.723805,"{'address': '/hover', 'args': 25}"
2025-05-22T14:02:34.763175,"{'address': '/hover', 'args': 89}"
2025-05-22T14:02:34.864676,"{'address': '/hover', 'args': 17}"
2025-05-22T14:02:34.881349,"{'address': '/hover', 'args': 11}"
2025-05-22T14:02:34.922651,"{'address': '/hover', 'args': 21}"
2025-05-22T14:02:35.022635,"{'address': '/hover', 'args': 42}"
2025-05-22T14:02:35.055451,"{'address': '/hover', 'args': 3}"
2025-05-22T14:02:35.063345,"{'address': '/hover', 'args': 87}"
2025-05-22T14:02:35.080183,"{'address': '/hover', 'args': 43}"
2025-05-22T14:02:35.120941,"{'address': '/hover', 'args': 39}"
2025-05-22T14:02:35.171812,"{'address': '/hover', 'args': 80}"
2025-05-22T14:02:35.179928,"{'address': '/hover', 'args': 84}"
2025-05-22T14:02:35.214742,"{'address': '/hover', 'args': 68}"
2025-05-22T14:02:35.279561,"{'address': '/hover', 'args': 81}"
2025-05-22T14:02:35.296720,"{'address': '/hover', 'args': 70}"
2025-05-22T14:02:35.430782,"{'address': '/hover', 'args': 46}"
2025-05-22T14:02:35.489006,"{'address': '/hover', 'args': 32}"
2025-05-22T14:02:35.521593,"{'address': '/hover', 'args': 89}"
2025-05-22T14:02:35.521550,"{'address': '/hover', 'args': 78}"
2025-05-22T14:02:35.547582,"{'address': '/hover', 'args': 17}"
2025-05-22T14:02:35.588896,"{'address': '/hover', 'args': 16}"
2025-05-22T14:02:35.888479,"{'address': '/hover', 'args': 12}"
2025-05-22T14:02:35.929465,"{'address': '/hover', 'args': 14}"
2025-05-22T14:02:35.963477,"{'address': '/hover', 'args': 13}"
2025-05-22T14:02:35.987295,"{'address': '/hover', 'args': 15}"
2025-05-22T14:02:38.022307,"{'address': '/hover', 'args': 15}"
2025-05-22T14:02:38.304794,"{'address': '/hover', 'args': 14}"
2025-05-22T14:02:38.747444,"{'address': '/hover', 'args': 13}"
2025-05-22T14:02:38.830202,"{'address': '/hover', 'args': 19}"
2025-05-22T14:02:38.837930,"{'address': '/hover', 'args': 12}"
2025-05-22T14:02:39.147663,"{'address': '/hover', 'args': 24}"
2025-05-22T14:02:40.431348,"{'address': '/hover', 'args': 13}"
2025-05-22T14:02:40.455024,"{'address': '/hover', 'args': 12}"
2025-05-22T14:02:40.621799,"{'address': '/hover', 'args': 15}"
2025-05-22T14:02:40.647276,"{'address': '/hover', 'args': 14}"
2025-05-22T14:02:41.514654,"{'address': '/hover', 'args': 19}"
2025-05-22T14:02:42.497820,"{'address': '/hover', 'args': 15}"
2025-05-22T14:02:42.514964,"{'address': '/hover', 'args': 14}"
2025-05-22T14:02:43.739705,"{'address': '/hover', 'args': 14}"
2025-05-22T14:02:43.847320,"{'address': '/hover', 'args': 19}"
2025-05-22T14:02:43.871678,"{'address': '/hover', 'args': 12}"
2025-05-22T14:02:44.581485,"{'address': '/hover', 'args': 13}"
2025-05-22T14:02:44.605671,"{'address': '/hover', 'args': 12}"
2025-05-22T14:02:44.688997,"{'address': '/hover', 'args': 14}"
2025-05-22T14:02:44.722164,"{'address': '/hover', 'args': 15}"
2025-05-22T14:02:44.914722,"{'address': '/hover', 'args': 12}"
2025-05-22T14:02:44.996807,"{'address': '/hover', 'args': 16}"
2025-05-22T14:02:45.021511,"{'address': '/hover', 'args': 2}"
2025-05-22T14:02:45.054912,"{'address': '/hover', 'args': 6}"
2025-05-22T14:02:45.156048,"{'address': '/hover', 'args': 21}"
2025-05-22T14:02:45.156001,"{'address': '/hover', 'args': 7}"
2025-05-22T14:02:45.463846,"{'address': '/hover', 'args': 5}"
2025-05-22T14:02:45.480836,"{'address': '/hover', 'args': 42}"
2025-05-22T14:02:45.505763,"{'address': '/hover', 'args': 75}"
2025-05-22T14:02:45.531335,"{'address': '/hover', 'args': 37}"
2025-05-22T14:02:45.532588,"{'address': '/hover', 'args': 38}"
2025-05-22T14:02:45.580538,"{'address': '/hover', 'args': 34}"
2025-05-22T14:02:45.631069,"{'address': '/hover', 'args': 60}"
2025-05-22T14:02:45.655940,"{'address': '/hover', 'args': 43}"
2025-05-22T14:02:45.680223,"{'address': '/hover', 'args': 39}"
2025-05-22T14:02:45.696791,"{'address': '/hover', 'args': 25}"
2025-05-22T14:02:45.712944,"{'address': '/hover', 'args': 87}"
2025-05-22T14:02:45.738162,"{'address': '/hover', 'args': 89}"
2025-05-22T14:02:45.796718,"{'address': '/hover', 'args': 17}"
2025-05-22T14:02:45.888625,"{'address': '/hover', 'args': 11}"
2025-05-22T14:02:46.297053,"{'address': '/hover', 'args': 21}"
2025-05-22T14:02:52.797252,"{'address': '/hover', 'args': 7}"
2025-05-22T14:02:52.797196,"{'address': '/hover', 'args': 6}"
2025-05-22T14:02:53.538640,"{'address': '/hover', 'args': 6}"
2025-05-22T14:02:54.572789,"{'address': '/hover', 'args': 14}"
2025-05-22T14:02:54.572837,"{'address': '/hover', 'args': 15}"
2025-05-22T14:02:54.613571,"{'address': '/hover', 'args': 13}"
2025-05-22T14:02:54.897874,"{'address': '/hover', 'args': 14}"
2025-05-22T14:02:56.514938,"{'address': '/hover', 'args': 5}"
2025-05-22T14:02:56.547521,"{'address': '/hover', 'args': 5}"
2025-05-22T14:02:56.699400,"{'address': '/hover', 'args': 5}"
2025-05-22T14:02:56.731724,"{'address': '/hover', 'args': 5}"
2025-05-22T14:02:56.791904,"{'address': '/hover', 'args': 5}"
2025-05-22T14:02:56.822870,"{'address': '/hover', 'args': 5}"
2025-05-22T14:02:56.856474,"{'address': '/hover', 'args': 5}"
2025-05-22T14:02:56.889367,"{'address': '/hover', 'args': 8}"
2025-05-22T14:02:56.923685,"{'address': '/hover', 'args': 8}"
2025-05-22T14:02:56.958922,"{'address': '/hover', 'args': 8}"
2025-05-22T14:02:56.958791,"{'address': '/hover', 'args': 0}"
2025-05-22T14:02:56.990595,"{'address': '/hover', 'args': 0}"
2025-05-22T14:02:56.990644,"{'address': '/hover', 'args': 8}"
2025-05-22T14:02:57.151281,"{'address': '/hover', 'args': 8}"
2025-05-22T14:02:57.150808,"{'address': '/hover', 'args': 0}"
2025-05-22T14:02:57.181318,"{'address': '/hover', 'args': 8}"
2025-05-22T14:02:57.216068,"{'address': '/hover', 'args': 8}"
2025-05-22T14:02:57.238233,"{'address': '/hover', 'args': 5}"
2025-05-22T14:02:57.249596,"{'address': '/hover', 'args': 5}"
2025-05-22T14:02:57.284287,"{'address': '/hover', 'args': 5}"
2025-05-22T14:02:57.314402,"{'address': '/hover', 'args': 5}"
2025-05-22T14:02:58.064125,"{'address': '/hover', 'args': 42}"
2025-05-22T14:02:58.088302,"{'address': '/hover', 'args': 5}"
2025-05-22T14:02:58.106156,"{'address': '/hover', 'args': 5}"
2025-05-22T14:02:58.139331,"{'address': '/hover', 'args': 8}"
2025-05-22T14:02:58.173482,"{'address': '/hover', 'args': 8}"
2025-05-22T14:02:58.291702,"{'address': '/hover', 'args': 8}"
2025-05-22T14:02:58.323398,"{'address': '/hover', 'args': 8}"
2025-05-22T14:02:58.358615,"{'address': '/hover', 'args': 8}"
2025-05-22T14:02:58.391102,"{'address': '/hover', 'args': 8}"
2025-05-22T14:02:58.423338,"{'address': '/hover', 'args': 8}"
2025-05-22T14:02:58.423279,"{'address': '/hover', 'args': 0}"
2025-05-22T14:03:00.130985,"{'address': '/hover', 'args': 30}"
2025-05-22T14:03:00.172476,"{'address': '/hover', 'args': 9}"
2025-05-22T14:03:00.189044,"{'address': '/hover', 'args': 31}"
2025-05-22T14:03:00.205160,"{'address': '/hover', 'args': 69}"
2025-05-22T14:03:00.213368,"{'address': '/hover', 'args': 27}"
2025-05-22T14:03:00.239135,"{'address': '/hover', 'args': 55}"
2025-05-22T14:03:00.239177,"{'address': '/hover', 'args': 62}"
2025-05-22T14:03:00.246991,"{'address': '/hover', 'args': 47}"
2025-05-22T14:03:00.247072,"{'address': '/hover', 'args': 58}"
2025-05-22T14:03:00.264065,"{'address': '/hover', 'args': 36}"
2025-05-22T14:03:00.264419,"{'address': '/hover', 'args': 37}"
2025-05-22T14:03:00.279791,"{'address': '/hover', 'args': 75}"
2025-05-22T14:03:00.290106,"{'address': '/hover', 'args': 34}"
2025-05-22T14:03:00.296782,"{'address': '/hover', 'args': 38}"
2025-05-22T14:03:00.305237,"{'address': '/hover', 'args': 28}"
2025-05-22T14:03:00.331805,"{'address': '/hover', 'args': 3}"
2025-05-22T14:03:00.338774,"{'address': '/hover', 'args': 42}"
2025-05-22T14:03:00.580489,"{'address': '/hover', 'args': 10}"
2025-05-22T14:03:00.605557,"{'address': '/hover', 'args': 5}"
2025-05-22T14:03:00.630263,"{'address': '/hover', 'args': 8}"
2025-05-22T14:03:00.638359,"{'address': '/hover', 'args': 0}"
2025-05-22T14:03:00.679522,"{'address': '/hover', 'args': 7}"
2025-05-22T14:03:00.712619,"{'address': '/hover', 'args': 21}"
2025-05-22T14:03:00.855882,"{'address': '/hover', 'args': 58}"
2025-05-22T14:03:00.873468,"{'address': '/hover', 'args': 3}"
2025-05-22T14:03:00.879598,"{'address': '/hover', 'args': 62}"
2025-05-22T14:03:00.945987,"{'address': '/hover', 'args': 43}"
2025-05-22T14:03:00.963859,"{'address': '/hover', 'args': 11}"
2025-05-22T14:03:00.963907,"{'address': '/hover', 'args': 87}"
2025-05-22T14:03:01.006828,"{'address': '/hover', 'args': 17}"
2025-05-22T14:03:01.021509,"{'address': '/hover', 'args': 89}"
2025-05-22T14:03:01.030305,"{'address': '/hover', 'args': 16}"
2025-05-22T14:03:01.031298,"{'address': '/hover', 'args': 25}"
2025-05-22T14:03:01.064591,"{'address': '/hover', 'args': 22}"
2025-05-22T14:03:01.079149,"{'address': '/hover', 'args': 12}"
2025-05-22T14:03:01.197964,"{'address': '/hover', 'args': 6}"
2025-05-22T14:03:01.197868,"{'address': '/hover', 'args': 2}"
2025-05-22T14:03:01.205602,"{'address': '/hover', 'args': 14}"
2025-05-22T14:03:01.404684,"{'address': '/hover', 'args': 22}"
2025-05-22T14:03:01.430530,"{'address': '/hover', 'args': 89}"
2025-05-22T14:03:01.446897,"{'address': '/hover', 'args': 87}"
2025-05-22T14:03:01.455365,"{'address': '/hover', 'args': 78}"
2025-05-22T14:03:01.454983,"{'address': '/hover', 'args': 19}"
2025-05-22T14:03:01.473180,"{'address': '/hover', 'args': 25}"
2025-05-22T14:03:01.473326,"{'address': '/hover', 'args': 32}"
2025-05-22T14:03:01.473076,"{'address': '/hover', 'args': 24}"
2025-05-22T14:03:01.498426,"{'address': '/hover', 'args': 56}"
2025-05-22T14:03:01.499175,"{'address': '/hover', 'args': 84}"
2025-05-22T14:03:01.505656,"{'address': '/hover', 'args': 83}"
2025-05-22T14:03:01.505325,"{'address': '/hover', 'args': 46}"
2025-05-22T14:03:01.524713,"{'address': '/hover', 'args': 68}"
2025-05-22T14:03:01.524667,"{'address': '/hover', 'args': 39}"
2025-05-22T14:03:01.530712,"{'address': '/hover', 'args': 80}"
2025-05-22T14:03:01.547494,"{'address': '/hover', 'args': 70}"
2025-05-22T14:03:01.554722,"{'address': '/hover', 'args': 44}"
2025-05-22T14:03:01.555468,"{'address': '/hover', 'args': 77}"
2025-05-22T14:03:01.555515,"{'address': '/hover', 'args': 81}"
2025-05-22T14:03:01.562991,"{'address': '/hover', 'args': 29}"
2025-05-22T14:03:01.597017,"{'address': '/hover', 'args': 67}"
2025-05-22T14:03:01.613371,"{'address': '/hover', 'args': 23}"
2025-05-22T14:03:01.621108,"{'address': '/hover', 'args': 57}"
2025-05-22T14:03:01.622693,"{'address': '/hover', 'args': 61}"
2025-05-22T14:03:01.664006,"{'address': '/hover', 'args': 79}"
2025-05-22T14:03:01.671708,"{'address': '/hover', 'args': 35}"
2025-05-22T14:03:01.672854,"{'address': '/hover', 'args': 50}"
2025-05-22T14:03:01.704575,"{'address': '/hover', 'args': 88}"
2025-05-22T14:03:01.713705,"{'address': '/hover', 'args': 66}"
2025-05-22T14:03:01.814776,"{'address': '/hover', 'args': 60}"
2025-05-22T14:03:01.821966,"{'address': '/hover', 'args': 84}"
2025-05-22T14:03:01.838430,"{'address': '/hover', 'args': 43}"
2025-05-22T14:03:01.845771,"{'address': '/hover', 'args': 25}"
2025-05-22T14:03:01.871158,"{'address': '/hover', 'args': 38}"
2025-05-22T14:03:01.905977,"{'address': '/hover', 'args': 3}"
2025-05-22T14:03:01.921724,"{'address': '/hover', 'args': 34}"
2025-05-22T14:03:01.997660,"{'address': '/hover', 'args': 37}"
2025-05-22T14:03:01.998291,"{'address': '/hover', 'args': 53}"
2025-05-22T14:03:02.031293,"{'address': '/hover', 'args': 47}"
2025-05-22T14:03:02.038824,"{'address': '/hover', 'args': 59}"
2025-05-22T14:03:02.148057,"{'address': '/hover', 'args': 55}"
2025-05-22T14:03:02.148162,"{'address': '/hover', 'args': 62}"
2025-05-22T14:03:02.172273,"{'address': '/hover', 'args': 74}"
2025-05-22T14:03:02.232007,"{'address': '/hover', 'args': 49}"
2025-05-22T14:03:02.288691,"{'address': '/hover', 'args': 88}"
2025-05-22T14:03:02.355494,"{'address': '/hover', 'args': 57}"
2025-05-22T14:03:02.371696,"{'address': '/hover', 'args': 44}"
2025-05-22T14:03:02.447102,"{'address': '/hover', 'args': 39}"
2025-05-22T14:03:02.489064,"{'address': '/hover', 'args': 43}"
2025-05-22T14:03:02.496508,"{'address': '/hover', 'args': 80}"
2025-05-22T14:03:02.588272,"{'address': '/hover', 'args': 25}"
2025-05-22T14:03:02.597082,"{'address': '/hover', 'args': 3}"
2025-05-22T14:03:02.613190,"{'address': '/hover', 'args': 84}"
2025-05-22T14:03:02.623793,"{'address': '/hover', 'args': 87}"
2025-05-22T14:03:02.705449,"{'address': '/hover', 'args': 89}"
2025-05-22T14:03:02.705406,"{'address': '/hover', 'args': 11}"
2025-05-22T14:03:02.763318,"{'address': '/hover', 'args': 17}"
2025-05-22T14:03:02.763370,"{'address': '/hover', 'args': 42}"
2025-05-22T14:03:02.788991,"{'address': '/hover', 'args': 32}"
2025-05-22T14:03:02.846619,"{'address': '/hover', 'args': 78}"
2025-05-22T14:03:02.855229,"{'address': '/hover', 'args': 22}"
2025-05-22T14:03:02.922546,"{'address': '/hover', 'args': 56}"
2025-05-22T14:03:02.922506,"{'address': '/hover', 'args': 46}"
2025-05-22T14:03:02.971500,"{'address': '/hover', 'args': 68}"
2025-05-22T14:03:02.996660,"{'address': '/hover', 'args': 70}"
2025-05-22T14:03:03.004913,"{'address': '/hover', 'args': 80}"
2025-05-22T14:03:03.014519,"{'address': '/hover', 'args': 81}"
2025-05-22T14:03:03.014417,"{'address': '/hover', 'args': 77}"
2025-05-22T14:03:03.039010,"{'address': '/hover', 'args': 44}"
2025-05-22T14:03:03.038971,"{'address': '/hover', 'args': 29}"
2025-05-22T14:03:03.055932,"{'address': '/hover', 'args': 23}"
2025-05-22T14:03:03.057133,"{'address': '/hover', 'args': 67}"
2025-05-22T14:03:03.089020,"{'address': '/hover', 'args': 61}"
2025-05-22T14:03:03.097518,"{'address': '/hover', 'args': 51}"
2025-05-22T14:03:03.097603,"{'address': '/hover', 'args': 57}"
2025-05-22T14:03:03.105222,"{'address': '/hover', 'args': 50}"
2025-05-22T14:03:03.189020,"{'address': '/hover', 'args': 66}"
2025-05-22T14:03:03.296903,"{'address': '/hover', 'args': 68}"
2025-05-22T14:03:03.315230,"{'address': '/hover', 'args': 45}"
2025-05-22T14:03:03.316233,"{'address': '/hover', 'args': 76}"
2025-05-22T14:03:03.339476,"{'address': '/hover', 'args': 70}"
2025-05-22T14:03:03.389209,"{'address': '/hover', 'args': 26}"
2025-05-22T14:03:03.396801,"{'address': '/hover', 'args': 40}"
2025-05-22T14:03:03.404620,"{'address': '/hover', 'args': 64}"
2025-05-22T14:03:03.430276,"{'address': '/hover', 'args': 46}"
2025-05-22T14:03:03.747262,"{'address': '/hover', 'args': 82}"
2025-05-22T14:03:03.814104,"{'address': '/hover', 'args': 56}"
2025-05-22T14:03:03.830258,"{'address': '/hover', 'args': 84}"
2025-05-22T14:03:03.846722,"{'address': '/hover', 'args': 32}"
2025-05-22T14:03:03.888290,"{'address': '/hover', 'args': 78}"
2025-05-22T14:03:03.896406,"{'address': '/hover', 'args': 25}"
2025-05-22T14:03:03.913443,"{'address': '/hover', 'args': 89}"
2025-05-22T14:03:03.963448,"{'address': '/hover', 'args': 39}"
2025-05-22T14:03:03.963536,"{'address': '/hover', 'args': 87}"
2025-05-22T14:03:03.996641,"{'address': '/hover', 'args': 43}"
2025-05-22T14:03:04.030196,"{'address': '/hover', 'args': 3}"
2025-05-22T14:03:04.048806,"{'address': '/hover', 'args': 60}"
2025-05-22T14:03:04.055719,"{'address': '/hover', 'args': 38}"
2025-05-22T14:03:04.055776,"{'address': '/hover', 'args': 80}"
2025-05-22T14:03:04.063929,"{'address': '/hover', 'args': 44}"
2025-05-22T14:03:04.080429,"{'address': '/hover', 'args': 79}"
2025-05-22T14:03:04.088043,"{'address': '/hover', 'args': 34}"
2025-05-22T14:03:04.104752,"{'address': '/hover', 'args': 53}"
2025-05-22T14:03:04.121800,"{'address': '/hover', 'args': 57}"
2025-05-22T14:03:04.129821,"{'address': '/hover', 'args': 88}"
2025-05-22T14:03:04.155029,"{'address': '/hover', 'args': 74}"
2025-05-22T14:03:04.180307,"{'address': '/hover', 'args': 29}"
2025-05-22T14:03:04.180371,"{'address': '/hover', 'args': 35}"
2025-05-22T14:03:04.204893,"{'address': '/hover', 'args': 61}"
2025-05-22T14:03:04.212339,"{'address': '/hover', 'args': 63}"
2025-05-22T14:03:04.263370,"{'address': '/hover', 'args': 66}"
2025-05-22T14:03:04.272763,"{'address': '/hover', 'args': 67}"
2025-05-22T14:03:04.280262,"{'address': '/hover', 'args': 50}"
2025-05-22T14:03:04.314107,"{'address': '/hover', 'args': 77}"
2025-05-22T14:03:04.330433,"{'address': '/hover', 'args': 51}"
2025-05-22T14:03:04.338483,"{'address': '/hover', 'args': 23}"
2025-05-22T14:03:04.380995,"{'address': '/hover', 'args': 81}"
2025-05-22T14:03:04.380950,"{'address': '/hover', 'args': 76}"
2025-05-22T14:03:04.405564,"{'address': '/hover', 'args': 45}"
2025-05-22T14:03:04.413281,"{'address': '/hover', 'args': 68}"
2025-05-22T14:03:04.440290,"{'address': '/hover', 'args': 64}"
2025-05-22T14:03:04.455095,"{'address': '/hover', 'args': 70}"
2025-05-22T14:03:04.480542,"{'address': '/hover', 'args': 40}"
2025-05-22T14:03:04.496985,"{'address': '/hover', 'args': 26}"
2025-05-22T14:03:04.531149,"{'address': '/hover', 'args': 46}"
2025-05-22T14:03:04.539319,"{'address': '/hover', 'args': 82}"
2025-05-22T14:03:04.572466,"{'address': '/hover', 'args': 56}"
2025-05-22T14:03:04.596905,"{'address': '/hover', 'args': 84}"
2025-05-22T14:03:04.604638,"{'address': '/hover', 'args': 32}"
2025-05-22T14:03:04.629876,"{'address': '/hover', 'args': 78}"
2025-05-22T14:03:04.629976,"{'address': '/hover', 'args': 83}"
2025-05-22T14:03:04.655791,"{'address': '/hover', 'args': 25}"
2025-05-22T14:03:04.656459,"{'address': '/hover', 'args': 89}"
2025-05-22T14:03:04.689043,"{'address': '/hover', 'args': 22}"
2025-05-22T14:03:04.707014,"{'address': '/hover', 'args': 87}"
2025-05-22T14:03:04.713601,"{'address': '/hover', 'args': 17}"
2025-05-22T14:03:04.729930,"{'address': '/hover', 'args': 11}"
2025-05-22T14:03:04.756416,"{'address': '/hover', 'args': 3}"
2025-05-22T14:03:04.772410,"{'address': '/hover', 'args': 16}"
2025-05-22T14:03:04.780127,"{'address': '/hover', 'args': 21}"
2025-05-22T14:03:04.780912,"{'address': '/hover', 'args': 42}"
2025-05-22T14:03:04.830510,"{'address': '/hover', 'args': 5}"
2025-05-22T14:03:04.855356,"{'address': '/hover', 'args': 75}"
2025-05-22T14:03:04.864064,"{'address': '/hover', 'args': 28}"
2025-05-22T14:03:04.864155,"{'address': '/hover', 'args': 43}"
2025-05-22T14:03:04.872313,"{'address': '/hover', 'args': 38}"
2025-05-22T14:03:04.880569,"{'address': '/hover', 'args': 36}"
2025-05-22T14:03:04.889068,"{'address': '/hover', 'args': 37}"
2025-05-22T14:03:04.915750,"{'address': '/hover', 'args': 34}"
2025-05-22T14:03:04.919081,"{'address': '/hover', 'args': 62}"
2025-05-22T14:03:04.921594,"{'address': '/hover', 'args': 47}"
2025-05-22T14:03:04.954569,"{'address': '/hover', 'args': 59}"
2025-05-22T14:03:04.954251,"{'address': '/hover', 'args': 27}"
2025-05-22T14:03:04.971528,"{'address': '/hover', 'args': 55}"
2025-05-22T14:03:05.038174,"{'address': '/hover', 'args': 49}"
2025-05-22T14:03:05.038468,"{'address': '/hover', 'args': 53}"
2025-05-22T14:03:05.063576,"{'address': '/hover', 'args': 74}"
2025-05-22T14:03:05.105561,"{'address': '/hover', 'args': 79}"
2025-05-22T14:03:05.115159,"{'address': '/hover', 'args': 88}"
2025-05-22T14:03:05.131025,"{'address': '/hover', 'args': 63}"
2025-05-22T14:03:05.130353,"{'address': '/hover', 'args': 41}"
2025-05-22T14:03:05.154387,"{'address': '/hover', 'args': 57}"
2025-05-22T14:03:05.188372,"{'address': '/hover', 'args': 35}"
2025-05-22T14:03:05.239033,"{'address': '/hover', 'args': 34}"
2025-05-22T14:03:05.247202,"{'address': '/hover', 'args': 60}"
2025-05-22T14:03:05.255264,"{'address': '/hover', 'args': 44}"
2025-05-22T14:03:05.263861,"{'address': '/hover', 'args': 38}"
2025-05-22T14:03:05.264117,"{'address': '/hover', 'args': 47}"
2025-05-22T14:03:05.270978,"{'address': '/hover', 'args': 37}"
2025-05-22T14:03:05.289882,"{'address': '/hover', 'args': 43}"
2025-05-22T14:03:05.296578,"{'address': '/hover', 'args': 75}"
2025-05-22T14:03:05.305478,"{'address': '/hover', 'args': 3}"
2025-05-22T14:03:05.306497,"{'address': '/hover', 'args': 36}"
2025-05-22T14:03:05.306576,"{'address': '/hover', 'args': 62}"
2025-05-22T14:03:05.329862,"{'address': '/hover', 'args': 28}"
2025-05-22T14:03:05.338047,"{'address': '/hover', 'args': 42}"
2025-05-22T14:03:05.346442,"{'address': '/hover', 'args': 10}"
2025-05-22T14:03:05.355433,"{'address': '/hover', 'args': 58}"
2025-05-22T14:03:05.363813,"{'address': '/hover', 'args': 5}"
2025-05-22T14:03:05.380751,"{'address': '/hover', 'args': 0}"
2025-05-22T14:03:05.388307,"{'address': '/hover', 'args': 8}"
2025-05-22T14:03:05.413136,"{'address': '/hover', 'args': 4}"
2025-05-22T14:03:05.589277,"{'address': '/hover', 'args': 18}"
2025-05-22T14:03:05.598030,"{'address': '/hover', 'args': 69}"
2025-05-22T14:03:05.605195,"{'address': '/hover', 'args': 37}"
2025-05-22T14:03:05.630479,"{'address': '/hover', 'args': 9}"
2025-05-22T14:03:05.630522,"{'address': '/hover', 'args': 27}"
2025-05-22T14:03:05.638493,"{'address': '/hover', 'args': 30}"
2025-05-22T14:03:05.830418,"{'address': '/hover', 'args': 47}"
2025-05-22T14:03:05.981070,"{'address': '/hover', 'args': 20}"
2025-05-22T14:03:05.981011,"{'address': '/hover', 'args': 4}"
2025-05-22T14:03:06.006082,"{'address': '/hover', 'args': 0}"
2025-05-22T14:03:06.006159,"{'address': '/hover', 'args': 1}"
2025-05-22T14:03:06.239609,"{'address': '/hover', 'args': 31}"
2025-05-22T14:03:06.263935,"{'address': '/hover', 'args': 62}"
2025-05-22T14:03:06.298125,"{'address': '/hover', 'args': 47}"
2025-05-22T14:03:06.313725,"{'address': '/hover', 'args': 36}"
2025-05-22T14:03:06.313799,"{'address': '/hover', 'args': 37}"
2025-05-22T14:03:06.339428,"{'address': '/hover', 'args': 75}"
2025-05-22T14:03:06.339385,"{'address': '/hover', 'args': 10}"
2025-05-22T14:03:06.355603,"{'address': '/hover', 'args': 28}"
2025-05-22T14:03:06.380204,"{'address': '/hover', 'args': 38}"
2025-05-22T14:03:06.380247,"{'address': '/hover', 'args': 42}"
2025-05-22T14:03:06.399370,"{'address': '/hover', 'args': 5}"
2025-05-22T14:03:06.398985,"{'address': '/hover', 'args': 3}"
2025-05-22T14:03:06.447259,"{'address': '/hover', 'args': 11}"
2025-05-22T14:03:06.447300,"{'address': '/hover', 'args': 21}"
2025-05-22T14:03:06.471182,"{'address': '/hover', 'args': 8}"
2025-05-22T14:03:06.488378,"{'address': '/hover', 'args': 7}"
2025-05-22T14:03:06.540404,"{'address': '/hover', 'args': 16}"
2025-05-22T14:03:06.540338,"{'address': '/hover', 'args': 6}"
2025-05-22T14:03:06.555510,"{'address': '/hover', 'args': 17}"
2025-05-22T14:03:06.580525,"{'address': '/hover', 'args': 87}"
2025-05-22T14:03:06.597131,"{'address': '/hover', 'args': 2}"
2025-05-22T14:03:06.622419,"{'address': '/hover', 'args': 12}"
2025-05-22T14:03:06.646089,"{'address': '/hover', 'args': 89}"
2025-05-22T14:03:06.656693,"{'address': '/hover', 'args': 22}"
2025-05-22T14:03:06.688588,"{'address': '/hover', 'args': 25}"
2025-05-22T14:03:06.708441,"{'address': '/hover', 'args': 32}"
2025-05-22T14:03:06.708958,"{'address': '/hover', 'args': 43}"
2025-05-22T14:03:06.709031,"{'address': '/hover', 'args': 78}"
2025-05-22T14:03:06.712808,"{'address': '/hover', 'args': 84}"
2025-05-22T14:03:06.721687,"{'address': '/hover', 'args': 39}"
2025-05-22T14:03:06.754836,"{'address': '/hover', 'args': 80}"
2025-05-22T14:03:06.754796,"{'address': '/hover', 'args': 60}"
2025-05-22T14:03:06.763119,"{'address': '/hover', 'args': 44}"
2025-05-22T14:03:06.771854,"{'address': '/hover', 'args': 38}"
2025-05-22T14:03:06.822426,"{'address': '/hover', 'args': 79}"
2025-05-22T14:03:06.863763,"{'address': '/hover', 'args': 34}"
2025-05-22T14:03:06.889148,"{'address': '/hover', 'args': 87}"
2025-05-22T14:03:06.896499,"{'address': '/hover', 'args': 75}"
2025-05-22T14:03:06.904978,"{'address': '/hover', 'args': 37}"
2025-05-22T14:03:06.930454,"{'address': '/hover', 'args': 36}"
2025-05-22T14:03:06.938834,"{'address': '/hover', 'args': 11}"
2025-05-22T14:03:06.938944,"{'address': '/hover', 'args': 28}"
2025-05-22T14:03:06.946416,"{'address': '/hover', 'args': 5}"
2025-05-22T14:03:06.964222,"{'address': '/hover', 'args': 21}"
2025-05-22T14:03:06.980653,"{'address': '/hover', 'args': 8}"
2025-05-22T14:03:06.981821,"{'address': '/hover', 'args': 10}"
2025-05-22T14:03:06.990031,"{'address': '/hover', 'args': 7}"
2025-05-22T14:03:07.005398,"{'address': '/hover', 'args': 0}"
2025-05-22T14:03:07.038300,"{'address': '/hover', 'args': 6}"
2025-05-22T14:03:07.080231,"{'address': '/hover', 'args': 16}"
2025-05-22T14:03:07.104937,"{'address': '/hover', 'args': 2}"
2025-05-22T14:03:07.105536,"{'address': '/hover', 'args': 17}"
2025-05-22T14:03:07.130179,"{'address': '/hover', 'args': 12}"
2025-05-22T14:03:07.155745,"{'address': '/hover', 'args': 14}"
2025-05-22T14:03:07.163562,"{'address': '/hover', 'args': 22}"
2025-05-22T14:03:07.206927,"{'address': '/hover', 'args': 89}"
2025-05-22T14:03:07.539508,"{'address': '/hover', 'args': 6}"
2025-05-22T14:03:07.581746,"{'address': '/hover', 'args': 42}"
2025-05-22T14:03:07.581691,"{'address': '/hover', 'args': 7}"
2025-05-22T14:03:07.581809,"{'address': '/hover', 'args': 5}"
2025-05-22T14:03:07.614278,"{'address': '/hover', 'args': 8}"
2025-05-22T14:03:07.621378,"{'address': '/hover', 'args': 28}"
2025-05-22T14:03:07.655204,"{'address': '/hover', 'args': 0}"
2025-05-22T14:03:07.680537,"{'address': '/hover', 'args': 10}"
2025-05-22T14:03:07.680585,"{'address': '/hover', 'args': 75}"
2025-05-22T14:03:07.688265,"{'address': '/hover', 'args': 36}"
2025-05-22T14:03:07.712661,"{'address': '/hover', 'args': 3}"
2025-05-22T14:03:07.722196,"{'address': '/hover', 'args': 37}"
2025-05-22T14:03:07.730321,"{'address': '/hover', 'args': 38}"
2025-05-22T14:03:07.738394,"{'address': '/hover', 'args': 62}"
2025-05-22T14:03:07.756949,"{'address': '/hover', 'args': 47}"
2025-05-22T14:03:07.756616,"{'address': '/hover', 'args': 43}"
2025-05-22T14:03:07.756064,"{'address': '/hover', 'args': 34}"
2025-05-22T14:03:07.763444,"{'address': '/hover', 'args': 60}"
2025-05-22T14:03:07.788079,"{'address': '/hover', 'args': 53}"
2025-05-22T14:03:07.796846,"{'address': '/hover', 'args': 39}"
2025-05-22T14:03:07.796884,"{'address': '/hover', 'args': 79}"
2025-05-22T14:03:07.814265,"{'address': '/hover', 'args': 44}"
2025-05-22T14:03:07.830600,"{'address': '/hover', 'args': 80}"
2025-05-22T14:03:07.839952,"{'address': '/hover', 'args': 25}"
2025-05-22T14:03:07.840669,"{'address': '/hover', 'args': 84}"
2025-05-22T14:03:07.865271,"{'address': '/hover', 'args': 32}"
2025-05-22T14:03:07.865358,"{'address': '/hover', 'args': 68}"
2025-05-22T14:03:07.865415,"{'address': '/hover', 'args': 87}"
2025-05-22T14:03:07.871338,"{'address': '/hover', 'args': 46}"
2025-05-22T14:03:07.880534,"{'address': '/hover', 'args': 89}"
2025-05-22T14:03:07.888154,"{'address': '/hover', 'args': 78}"
2025-05-22T14:03:07.897037,"{'address': '/hover', 'args': 56}"
2025-05-22T14:03:07.905961,"{'address': '/hover', 'args': 22}"
2025-05-22T14:03:07.906001,"{'address': '/hover', 'args': 83}"
2025-05-22T14:03:07.913759,"{'address': '/hover', 'args': 24}"
2025-05-22T14:03:07.931632,"{'address': '/hover', 'args': 17}"
2025-05-22T14:03:07.938468,"{'address': '/hover', 'args': 19}"
2025-05-22T14:03:07.946889,"{'address': '/hover', 'args': 12}"
2025-05-22T14:03:07.963946,"{'address': '/hover', 'args': 13}"
2025-05-22T14:03:07.988760,"{'address': '/hover', 'args': 14}"
2025-05-22T14:03:08.005594,"{'address': '/hover', 'args': 15}"
2025-05-22T14:03:08.005955,"{'address': '/hover', 'args': 16}"
2025-05-22T14:03:08.038361,"{'address': '/hover', 'args': 2}"
2025-05-22T14:03:08.315392,"{'address': '/hover', 'args': 89}"
2025-05-22T14:03:08.315230,"{'address': '/hover', 'args': 11}"
2025-05-22T14:03:08.323180,"{'address': '/hover', 'args': 21}"
2025-05-22T14:03:08.324995,"{'address': '/hover', 'args': 87}"
2025-05-22T14:03:08.339723,"{'address': '/hover', 'args': 3}"
2025-05-22T14:03:08.341446,"{'address': '/hover', 'args': 25}"
2025-05-22T14:03:08.341971,"{'address': '/hover', 'args': 43}"
2025-05-22T14:03:08.341855,"{'address': '/hover', 'args': 42}"
2025-05-22T14:03:08.347949,"{'address': '/hover', 'args': 75}"
2025-05-22T14:03:08.347480,"{'address': '/hover', 'args': 38}"
2025-05-22T14:03:08.355137,"{'address': '/hover', 'args': 60}"
2025-05-22T14:03:08.365331,"{'address': '/hover', 'args': 37}"
2025-05-22T14:03:08.365248,"{'address': '/hover', 'args': 34}"
2025-05-22T14:03:08.381302,"{'address': '/hover', 'args': 53}"
2025-05-22T14:03:08.381257,"{'address': '/hover', 'args': 47}"
2025-05-22T14:03:08.388561,"{'address': '/hover', 'args': 59}"
2025-05-22T14:03:08.388605,"{'address': '/hover', 'args': 79}"
2025-05-22T14:03:08.413604,"{'address': '/hover', 'args': 55}"
2025-05-22T14:03:08.413697,"{'address': '/hover', 'args': 74}"
2025-05-22T14:03:08.429828,"{'address': '/hover', 'args': 49}"
2025-05-22T14:03:08.505165,"{'address': '/hover', 'args': 88}"
2025-05-22T14:03:08.530133,"{'address': '/hover', 'args': 41}"
2025-05-22T14:03:08.530865,"{'address': '/hover', 'args': 63}"
2025-05-22T14:03:08.588602,"{'address': '/hover', 'args': 57}"
2025-05-22T14:03:08.639843,"{'address': '/hover', 'args': 35}"
2025-05-22T14:03:08.672113,"{'address': '/hover', 'args': 34}"
2025-05-22T14:03:08.690460,"{'address': '/hover', 'args': 60}"
2025-05-22T14:03:08.690412,"{'address': '/hover', 'args': 44}"
2025-05-22T14:03:08.715458,"{'address': '/hover', 'args': 39}"
2025-05-22T14:03:08.715632,"{'address': '/hover', 'args': 43}"
2025-05-22T14:03:08.713950,"{'address': '/hover', 'args': 38}"
2025-05-22T14:03:08.738638,"{'address': '/hover', 'args': 3}"
2025-05-22T14:03:08.746517,"{'address': '/hover', 'args': 25}"
2025-05-22T14:03:08.755367,"{'address': '/hover', 'args': 87}"
2025-05-22T14:03:08.788910,"{'address': '/hover', 'args': 11}"
2025-05-22T14:03:08.796606,"{'address': '/hover', 'args': 89}"
2025-05-22T14:03:08.796532,"{'address': '/hover', 'args': 42}"
2025-05-22T14:03:08.821338,"{'address': '/hover', 'args': 17}"
2025-05-22T14:03:08.872096,"{'address': '/hover', 'args': 21}"
2025-05-22T14:03:08.930264,"{'address': '/hover', 'args': 16}"
2025-05-22T14:03:08.954209,"{'address': '/hover', 'args': 5}"
2025-05-22T14:03:09.088895,"{'address': '/hover', 'args': 75}"
2025-05-22T14:03:09.096284,"{'address': '/hover', 'args': 43}"
2025-05-22T14:03:09.105464,"{'address': '/hover', 'args': 28}"
2025-05-22T14:03:09.113657,"{'address': '/hover', 'args': 38}"
2025-05-22T14:03:09.137699,"{'address': '/hover', 'args': 36}"
2025-05-22T14:03:09.145788,"{'address': '/hover', 'args': 37}"
2025-05-22T14:03:09.181830,"{'address': '/hover', 'args': 60}"
2025-05-22T14:03:09.181757,"{'address': '/hover', 'args': 34}"
2025-05-22T14:03:09.197760,"{'address': '/hover', 'args': 47}"
2025-05-22T14:03:09.198277,"{'address': '/hover', 'args': 62}"
2025-05-22T14:03:09.255699,"{'address': '/hover', 'args': 59}"
2025-05-22T14:03:09.279864,"{'address': '/hover', 'args': 27}"
2025-05-22T14:03:09.305075,"{'address': '/hover', 'args': 55}"
2025-05-22T14:03:09.423204,"{'address': '/hover', 'args': 31}"
2025-05-22T14:03:09.423625,"{'address': '/hover', 'args': 49}"
2025-05-22T14:03:09.447556,"{'address': '/hover', 'args': 53}"
2025-05-22T14:03:09.456134,"{'address': '/hover', 'args': 85}"
2025-05-22T14:03:09.463567,"{'address': '/hover', 'args': 74}"
2025-05-22T14:03:09.521038,"{'address': '/hover', 'args': 41}"
2025-05-22T14:03:09.539353,"{'address': '/hover', 'args': 88}"
2025-05-22T14:03:09.539275,"{'address': '/hover', 'args': 63}"
2025-05-22T14:03:09.546896,"{'address': '/hover', 'args': 79}"
2025-05-22T14:03:09.579943,"{'address': '/hover', 'args': 57}"
2025-05-22T14:03:09.596970,"{'address': '/hover', 'args': 35}"
2025-05-22T14:03:09.597090,"{'address': '/hover', 'args': 52}"
2025-05-22T14:03:09.645976,"{'address': '/hover', 'args': 61}"
2025-05-22T14:03:09.665026,"{'address': '/hover', 'args': 44}"
2025-05-22T14:03:09.671774,"{'address': '/hover', 'args': 29}"
2025-05-22T14:03:09.706888,"{'address': '/hover', 'args': 80}"
2025-05-22T14:03:09.706273,"{'address': '/hover', 'args': 67}"
2025-05-22T14:03:09.713606,"{'address': '/hover', 'args': 77}"
2025-05-22T14:03:09.721655,"{'address': '/hover', 'args': 39}"
2025-05-22T14:03:09.738525,"{'address': '/hover', 'args': 60}"
2025-05-22T14:03:09.739067,"{'address': '/hover', 'args': 68}"
2025-05-22T14:03:09.739124,"{'address': '/hover', 'args': 84}"
2025-05-22T14:03:09.764095,"{'address': '/hover', 'args': 25}"
2025-05-22T14:03:09.764144,"{'address': '/hover', 'args': 46}"
2025-05-22T14:03:09.772643,"{'address': '/hover', 'args': 32}"
2025-05-22T14:03:09.814156,"{'address': '/hover', 'args': 89}"
2025-05-22T14:03:09.823252,"{'address': '/hover', 'args': 78}"
2025-05-22T14:03:09.823295,"{'address': '/hover', 'args': 87}"
2025-05-22T14:03:09.822765,"{'address': '/hover', 'args': 56}"
2025-05-22T14:03:09.863542,"{'address': '/hover', 'args': 22}"
2025-05-22T14:03:09.871722,"{'address': '/hover', 'args': 17}"
2025-05-22T14:03:09.906111,"{'address': '/hover', 'args': 11}"
2025-05-22T14:03:09.922186,"{'address': '/hover', 'args': 12}"
2025-05-22T14:03:09.938565,"{'address': '/hover', 'args': 16}"
2025-05-22T14:03:10.006199,"{'address': '/hover', 'args': 21}"
2025-05-22T14:03:10.113707,"{'address': '/hover', 'args': 19}"
2025-05-22T14:03:10.121742,"{'address': '/hover', 'args': 14}"
2025-05-22T14:03:10.129958,"{'address': '/hover', 'args': 13}"
2025-05-22T14:03:10.130558,"{'address': '/hover', 'args': 24}"
2025-05-22T14:03:11.640715,"{'address': '/effectPos', 'args': [0.5348360655737705, 0.8602673147023087]}"
2025-05-22T14:03:11.848100,"{'address': '/effectPos', 'args': [0.5355191256830601, 0.8602673147023087]}"
2025-05-22T14:03:11.880837,"{'address': '/effectPos', 'args': [0.537568306010929, 0.8639125151883353]}"
2025-05-22T14:03:11.913564,"{'address': '/effectPos', 'args': [0.5396174863387978, 0.8699878493317132]}"
2025-05-22T14:03:11.947012,"{'address': '/effectPos', 'args': [0.5368852459016393, 0.8809234507897934]}"
2025-05-22T14:03:11.979501,"{'address': '/effectPos', 'args': [0.5245901639344263, 0.8991494532199271]}"
2025-05-22T14:03:12.014566,"{'address': '/effectPos', 'args': [0.5157103825136612, 0.913730255164034]}"
2025-05-22T14:03:12.047911,"{'address': '/effectPos', 'args': [0.5129781420765027, 0.9198055893074119]}"
2025-05-22T14:03:13.571846,"{'address': '/hover', 'args': 2}"
2025-05-22T14:03:13.579787,"{'address': '/hover', 'args': 6}"
2025-05-22T14:03:13.587794,"{'address': '/hover', 'args': 7}"
2025-05-22T14:03:13.605777,"{'address': '/hover', 'args': 5}"
2025-05-22T14:03:13.605917,"{'address': '/hover', 'args': 8}"
2025-05-22T14:03:13.606174,"{'address': '/hover', 'args': 21}"
2025-05-22T14:03:13.804841,"{'address': '/hover', 'args': 42}"
2025-05-22T14:03:13.813992,"{'address': '/hover', 'args': 28}"
2025-05-22T14:03:13.838118,"{'address': '/hover', 'args': 11}"
2025-05-22T14:03:13.863349,"{'address': '/hover', 'args': 3}"
2025-05-22T14:03:13.863386,"{'address': '/hover', 'args': 75}"
2025-05-22T14:03:13.879763,"{'address': '/hover', 'args': 87}"
2025-05-22T14:03:13.896737,"{'address': '/hover', 'args': 38}"
2025-05-22T14:03:13.896770,"{'address': '/hover', 'args': 43}"
2025-05-22T14:03:13.946680,"{'address': '/hover', 'args': 17}"
2025-05-22T14:03:13.962750,"{'address': '/hover', 'args': 25}"
2025-05-22T14:03:13.963181,"{'address': '/hover', 'args': 89}"
2025-05-22T14:03:13.986996,"{'address': '/hover', 'args': 16}"
2025-05-22T14:03:14.004805,"{'address': '/hover', 'args': 12}"
2025-05-22T14:03:14.005632,"{'address': '/hover', 'args': 22}"
2025-05-22T14:03:14.038028,"{'address': '/hover', 'args': 14}"
2025-05-22T14:03:14.045222,"{'address': '/hover', 'args': 19}"
2025-05-22T14:03:14.056257,"{'address': '/hover', 'args': 13}"
2025-05-22T14:03:14.072801,"{'address': '/hover', 'args': 2}"
2025-05-22T14:03:14.155083,"{'address': '/hover', 'args': 42}"
2025-05-22T14:03:14.171326,"{'address': '/hover', 'args': 75}"
2025-05-22T14:03:14.179605,"{'address': '/hover', 'args': 28}"
2025-05-22T14:03:14.199416,"{'address': '/hover', 'args': 36}"
2025-05-22T14:03:14.203301,"{'address': '/hover', 'args': 60}"
2025-05-22T14:03:14.200204,"{'address': '/hover', 'args': 37}"
2025-05-22T14:03:14.198862,"{'address': '/hover', 'args': 34}"
2025-05-22T14:03:14.202486,"{'address': '/hover', 'args': 47}"
2025-05-22T14:03:14.207455,"{'address': '/hover', 'args': 62}"
2025-05-22T14:03:14.210680,"{'address': '/hover', 'args': 59}"
2025-05-22T14:03:14.210179,"{'address': '/hover', 'args': 27}"
2025-05-22T14:03:14.214059,"{'address': '/hover', 'args': 55}"
2025-05-22T14:03:14.221743,"{'address': '/hover', 'args': 30}"
2025-05-22T14:03:14.222743,"{'address': '/hover', 'args': 49}"
2025-05-22T14:03:14.222492,"{'address': '/hover', 'args': 31}"
2025-05-22T14:03:14.222850,"{'address': '/hover', 'args': 85}"
2025-05-22T14:03:14.245949,"{'address': '/hover', 'args': 73}"
2025-05-22T14:03:14.539006,"{'address': '/hover', 'args': 49}"
2025-05-22T14:03:14.556034,"{'address': '/hover', 'args': 71}"
2025-05-22T14:03:14.555474,"{'address': '/hover', 'args': 41}"
2025-05-22T14:03:14.596901,"{'address': '/hover', 'args': 33}"
2025-05-22T14:03:14.604703,"{'address': '/hover', 'args': 86}"
2025-05-22T14:03:14.621567,"{'address': '/hover', 'args': 63}"
2025-05-22T14:03:14.638299,"{'address': '/hover', 'args': 54}"
2025-05-22T14:03:14.879624,"{'address': '/hover', 'args': 48}"
2025-05-22T14:03:14.880044,"{'address': '/hover', 'args': 52}"
2025-05-22T14:03:14.905500,"{'address': '/hover', 'args': 74}"
2025-05-22T14:03:14.921324,"{'address': '/hover', 'args': 49}"
2025-05-22T14:03:15.004143,"{'address': '/hover', 'args': 88}"
2025-05-22T14:03:15.038339,"{'address': '/hover', 'args': 59}"
2025-05-22T14:03:15.056452,"{'address': '/hover', 'args': 85}"
2025-05-22T14:03:15.097022,"{'address': '/hover', 'args': 55}"
2025-05-22T14:03:15.404605,"{'address': '/hover', 'args': 33}"
2025-05-22T14:03:15.456094,"{'address': '/hover', 'args': 88}"
2025-05-22T14:03:15.463976,"{'address': '/hover', 'args': 52}"
2025-05-22T14:03:15.496713,"{'address': '/hover', 'args': 35}"
2025-05-22T14:03:15.520740,"{'address': '/hover', 'args': 48}"
2025-05-22T14:03:15.529089,"{'address': '/hover', 'args': 65}"
2025-05-22T14:03:15.537992,"{'address': '/hover', 'args': 57}"
2025-05-22T14:03:15.570902,"{'address': '/hover', 'args': 61}"
2025-05-22T14:03:15.579314,"{'address': '/hover', 'args': 66}"
2025-05-22T14:03:15.620939,"{'address': '/hover', 'args': 79}"
2025-05-22T14:03:15.637564,"{'address': '/hover', 'args': 29}"
2025-05-22T14:03:15.655575,"{'address': '/hover', 'args': 44}"
2025-05-22T14:03:15.657399,"{'address': '/hover', 'args': 50}"
2025-05-22T14:03:15.657484,"{'address': '/hover', 'args': 67}"
2025-05-22T14:03:15.671460,"{'address': '/hover', 'args': 77}"
2025-05-22T14:03:15.688020,"{'address': '/hover', 'args': 80}"
2025-05-22T14:03:15.705799,"{'address': '/hover', 'args': 23}"
2025-05-22T14:03:15.713701,"{'address': '/hover', 'args': 51}"
2025-05-22T14:03:15.765454,"{'address': '/hover', 'args': 81}"
2025-05-22T14:03:15.780474,"{'address': '/hover', 'args': 68}"
2025-05-22T14:03:16.138548,"{'address': '/hover', 'args': 39}"
2025-05-22T14:03:16.138587,"{'address': '/hover', 'args': 84}"
2025-05-22T14:03:16.246439,"{'address': '/hover', 'args': 60}"
2025-05-22T14:03:16.254194,"{'address': '/hover', 'args': 79}"
2025-05-22T14:03:16.288358,"{'address': '/hover', 'args': 25}"
2025-05-22T14:03:16.304291,"{'address': '/hover', 'args': 43}"
2025-05-22T14:03:16.405031,"{'address': '/hover', 'args': 38}"
2025-05-22T14:03:16.421153,"{'address': '/hover', 'args': 87}"
2025-05-22T14:03:16.429449,"{'address': '/hover', 'args': 3}"
2025-05-22T14:03:16.570545,"{'address': '/hover', 'args': 34}"
2025-05-22T14:03:16.588998,"{'address': '/hover', 'args': 79}"
2025-05-22T14:03:16.620754,"{'address': '/hover', 'args': 53}"
2025-05-22T14:03:16.706164,"{'address': '/hover', 'args': 88}"
2025-05-22T14:03:16.706052,"{'address': '/hover', 'args': 59}"
2025-05-22T14:03:16.745820,"{'address': '/hover', 'args': 74}"
2025-05-22T14:03:16.796656,"{'address': '/hover', 'args': 47}"
2025-05-22T14:03:16.829492,"{'address': '/hover', 'args': 37}"
2025-05-22T14:03:16.862596,"{'address': '/hover', 'args': 55}"
2025-05-22T14:03:16.880262,"{'address': '/hover', 'args': 62}"
2025-05-22T14:03:16.896110,"{'address': '/hover', 'args': 27}"
2025-05-22T14:03:16.930415,"{'address': '/hover', 'args': 36}"
2025-05-22T14:03:16.939808,"{'address': '/hover', 'args': 75}"
2025-05-22T14:03:16.980674,"{'address': '/hover', 'args': 58}"
2025-05-22T14:03:17.005261,"{'address': '/hover', 'args': 69}"
2025-05-22T14:03:17.045740,"{'address': '/hover', 'args': 10}"
2025-05-22T14:03:17.070931,"{'address': '/hover', 'args': 28}"
2025-05-22T14:03:17.104489,"{'address': '/hover', 'args': 18}"
2025-05-22T14:03:17.179470,"{'address': '/hover', 'args': 4}"
2025-05-22T14:03:17.213686,"{'address': '/hover', 'args': 0}"
2025-05-22T14:03:17.271441,"{'address': '/hover', 'args': 75}"
2025-05-22T14:03:17.396752,"{'address': '/hover', 'args': 8}"
2025-05-22T14:03:17.403692,"{'address': '/hover', 'args': 5}"
2025-05-22T14:03:17.429445,"{'address': '/hover', 'args': 42}"
2025-05-22T14:03:17.437398,"{'address': '/hover', 'args': 37}"
2025-05-22T14:03:17.612740,"{'address': '/hover', 'args': 3}"
2025-05-22T14:03:17.680566,"{'address': '/hover', 'args': 38}"
2025-05-22T14:03:17.706005,"{'address': '/hover', 'args': 62}"
2025-05-22T14:03:17.803989,"{'address': '/hover', 'args': 47}"
2025-05-22T14:03:17.811947,"{'address': '/hover', 'args': 34}"
2025-05-22T14:03:17.913690,"{'address': '/hover', 'args': 60}"
2025-05-22T14:03:17.963551,"{'address': '/hover', 'args': 43}"
2025-05-22T14:03:18.096574,"{'address': '/hover', 'args': 53}"
2025-05-22T14:03:18.121909,"{'address': '/hover', 'args': 59}"
2025-05-22T14:03:18.121998,"{'address': '/hover', 'args': 79}"
2025-05-22T14:03:18.164064,"{'address': '/hover', 'args': 39}"
2025-05-22T14:03:18.164107,"{'address': '/hover', 'args': 44}"
2025-05-22T14:03:18.187516,"{'address': '/hover', 'args': 88}"
2025-05-22T14:03:18.204174,"{'address': '/hover', 'args': 57}"
2025-05-22T14:03:18.221113,"{'address': '/hover', 'args': 74}"
2025-05-22T14:03:18.423120,"{'address': '/hover', 'args': 49}"
2025-05-22T14:03:18.439498,"{'address': '/hover', 'args': 37}"
2025-05-22T14:03:18.439602,"{'address': '/hover', 'args': 55}"
2025-05-22T14:03:18.447247,"{'address': '/hover', 'args': 38}"
2025-05-22T14:03:18.487753,"{'address': '/hover', 'args': 62}"
2025-05-22T14:03:18.504130,"{'address': '/hover', 'args': 27}"
2025-05-22T14:03:18.571264,"{'address': '/hover', 'args': 36}"
2025-05-22T14:03:18.579442,"{'address': '/hover', 'args': 75}"
2025-05-22T14:03:18.679973,"{'address': '/hover', 'args': 58}"
2025-05-22T14:03:18.720101,"{'address': '/hover', 'args': 28}"
2025-05-22T14:03:18.778805,"{'address': '/hover', 'args': 3}"
2025-05-22T14:03:18.804508,"{'address': '/hover', 'args': 42}"
2025-05-22T14:03:18.821032,"{'address': '/hover', 'args': 43}"
2025-05-22T14:03:18.845943,"{'address': '/hover', 'args': 60}"
2025-05-22T14:03:18.920761,"{'address': '/hover', 'args': 87}"
2025-05-22T14:03:18.962466,"{'address': '/hover', 'args': 39}"
2025-05-22T14:03:19.003691,"{'address': '/hover', 'args': 25}"
2025-05-22T14:03:19.078451,"{'address': '/hover', 'args': 84}"
2025-05-22T14:03:19.104891,"{'address': '/hover', 'args': 89}"
2025-05-22T14:03:19.114016,"{'address': '/hover', 'args': 32}"
2025-05-22T14:03:19.188096,"{'address': '/hover', 'args': 46}"
2025-05-22T14:03:19.203891,"{'address': '/hover', 'args': 78}"
2025-05-22T14:03:19.212279,"{'address': '/hover', 'args': 68}"
2025-05-22T14:03:19.229738,"{'address': '/hover', 'args': 56}"
2025-05-22T14:03:19.279138,"{'address': '/hover', 'args': 70}"
2025-05-22T14:03:19.288213,"{'address': '/hover', 'args': 82}"
2025-05-22T14:03:19.288293,"{'address': '/hover', 'args': 83}"
2025-05-22T14:03:19.462770,"{'address': '/hover', 'args': 22}"
2025-05-22T14:03:19.462816,"{'address': '/hover', 'args': 24}"
2025-05-22T14:03:19.486982,"{'address': '/hover', 'args': 17}"
2025-05-22T14:03:19.554618,"{'address': '/hover', 'args': 11}"
2025-05-22T14:03:19.562663,"{'address': '/hover', 'args': 12}"
2025-05-22T14:03:19.629425,"{'address': '/hover', 'args': 16}"
2025-05-22T14:03:19.970412,"{'address': '/hover', 'args': 3}"
2025-05-22T14:03:19.979085,"{'address': '/hover', 'args': 43}"
2025-05-22T14:03:20.004683,"{'address': '/hover', 'args': 39}"
2025-05-22T14:03:20.004736,"{'address': '/hover', 'args': 84}"
2025-05-22T14:03:20.062807,"{'address': '/hover', 'args': 38}"
2025-05-22T14:03:20.079420,"{'address': '/hover', 'args': 60}"
2025-05-22T14:03:20.222768,"{'address': '/hover', 'args': 44}"
2025-05-22T14:03:20.222869,"{'address': '/hover', 'args': 80}"
2025-05-22T14:03:20.329940,"{'address': '/hover', 'args': 46}"
2025-05-22T14:03:20.340275,"{'address': '/hover', 'args': 78}"
2025-05-22T14:03:20.363059,"{'address': '/hover', 'args': 17}"
2025-05-22T14:03:20.363881,"{'address': '/hover', 'args': 22}"
2025-05-22T14:03:20.364023,"{'address': '/hover', 'args': 56}"
2025-05-22T14:03:20.396660,"{'address': '/hover', 'args': 83}"
2025-05-22T14:03:20.396600,"{'address': '/hover', 'args': 24}"
2025-05-22T14:03:20.430098,"{'address': '/hover', 'args': 12}"
2025-05-22T14:03:20.454362,"{'address': '/hover', 'args': 19}"
2025-05-22T14:03:20.480452,"{'address': '/hover', 'args': 11}"
2025-05-22T14:03:20.481039,"{'address': '/hover', 'args': 16}"
2025-05-22T14:03:20.680153,"{'address': '/hover', 'args': 14}"
2025-05-22T14:03:20.829733,"{'address': '/hover', 'args': 13}"
2025-05-22T14:03:20.836967,"{'address': '/hover', 'args': 2}"
2025-05-22T14:03:21.020788,"{'address': '/hover', 'args': 15}"
2025-05-22T14:03:21.981660,"{'address': '/hover', 'args': 6}"
2025-05-22T14:03:22.037366,"{'address': '/hover', 'args': 7}"
2025-05-22T14:03:22.053284,"{'address': '/hover', 'args': 21}"
2025-05-22T14:03:22.353339,"{'address': '/hover', 'args': 15}"
2025-05-22T14:03:22.553746,"{'address': '/hover', 'args': 13}"
2025-05-22T14:03:22.580061,"{'address': '/hover', 'args': 14}"
2025-05-22T14:03:22.746389,"{'address': '/hover', 'args': 2}"
2025-05-22T14:03:22.962363,"{'address': '/hover', 'args': 6}"
2025-05-22T14:03:23.011304,"{'address': '/hover', 'args': 16}"
2025-05-22T14:03:23.045654,"{'address': '/hover', 'args': 7}"
2025-05-22T14:03:23.053216,"{'address': '/hover', 'args': 21}"
2025-05-22T14:03:23.144952,"{'address': '/hover', 'args': 12}"
2025-05-22T14:03:23.179915,"{'address': '/hover', 'args': 17}"
2025-05-22T14:03:23.262132,"{'address': '/hover', 'args': 13}"
2025-05-22T14:03:23.279258,"{'address': '/hover', 'args': 15}"
2025-05-22T14:03:23.319431,"{'address': '/hover', 'args': 19}"
2025-05-22T14:03:23.837861,"{'address': '/hover', 'args': 15}"
2025-05-22T14:03:23.895151,"{'address': '/hover', 'args': 14}"
2025-05-22T14:03:23.996418,"{'address': '/hover', 'args': 13}"
2025-05-22T14:03:24.020421,"{'address': '/hover', 'args': 2}"
2025-05-22T14:03:24.052700,"{'address': '/hover', 'args': 12}"
2025-05-22T14:03:24.087660,"{'address': '/hover', 'args': 16}"
2025-05-22T14:03:24.904270,"{'address': '/hover', 'args': 6}"
2025-05-22T14:03:24.911854,"{'address': '/hover', 'args': 2}"
2025-05-22T14:03:24.944509,"{'address': '/hover', 'args': 7}"
2025-05-22T14:03:25.053420,"{'address': '/hover', 'args': 21}"
2025-05-22T14:03:25.077821,"{'address': '/hover', 'args': 8}"
2025-05-22T14:03:25.179067,"{'address': '/hover', 'args': 16}"
2025-05-22T14:03:25.212732,"{'address': '/hover', 'args': 14}"
2025-05-22T14:03:25.269528,"{'address': '/hover', 'args': 15}"
2025-05-22T14:03:25.396433,"{'address': '/hover', 'args': 13}"
2025-05-22T14:03:25.429029,"{'address': '/hover', 'args': 12}"
2025-05-22T14:03:25.545573,"{'address': '/hover', 'args': 6}"
2025-05-22T14:03:25.553596,"{'address': '/hover', 'args': 17}"
2025-05-22T14:03:25.586387,"{'address': '/hover', 'args': 19}"
2025-05-22T14:03:25.603542,"{'address': '/hover', 'args': 22}"
2025-05-22T14:03:25.986907,"{'address': '/hover', 'args': 7}"
2025-05-22T14:03:26.053050,"{'address': '/hover', 'args': 21}"
2025-05-22T14:03:26.087004,"{'address': '/hover', 'args': 8}"
2025-05-22T14:03:26.104713,"{'address': '/hover', 'args': 5}"
2025-05-22T14:03:26.320827,"{'address': '/hover', 'args': 0}"
2025-05-22T14:03:26.504045,"{'address': '/hover', 'args': 28}"
2025-05-22T14:03:26.563018,"{'address': '/hover', 'args': 21}"
2025-05-22T14:03:26.571212,"{'address': '/hover', 'args': 42}"
2025-05-22T14:03:26.588499,"{'address': '/hover', 'args': 10}"
2025-05-22T14:03:26.954467,"{'address': '/hover', 'args': 75}"
2025-05-22T14:03:26.987867,"{'address': '/hover', 'args': 36}"
2025-05-22T14:03:27.005001,"{'address': '/hover', 'args': 3}"
2025-05-22T14:03:27.037899,"{'address': '/hover', 'args': 37}"
2025-05-22T14:03:27.038147,"{'address': '/hover', 'args': 38}"
2025-05-22T14:03:27.087157,"{'address': '/hover', 'args': 43}"
2025-05-22T14:03:27.136962,"{'address': '/hover', 'args': 34}"
2025-05-22T14:03:27.153096,"{'address': '/hover', 'args': 60}"
2025-05-22T14:03:27.245098,"{'address': '/hover', 'args': 87}"
2025-05-22T14:03:27.312127,"{'address': '/hover', 'args': 39}"
2025-05-22T14:03:27.336623,"{'address': '/hover', 'args': 25}"
2025-05-22T14:03:27.462535,"{'address': '/hover', 'args': 11}"
2025-05-22T14:03:27.504235,"{'address': '/hover', 'args': 89}"
2025-05-22T14:03:27.527256,"{'address': '/hover', 'args': 84}"
2025-05-22T14:03:27.569350,"{'address': '/hover', 'args': 32}"
2025-05-22T14:03:27.736876,"{'address': '/hover', 'args': 17}"
2025-05-22T14:03:27.836862,"{'address': '/hover', 'args': 78}"
2025-05-22T14:03:27.962942,"{'address': '/hover', 'args': 22}"
2025-05-22T14:03:28.153518,"{'address': '/hover', 'args': 56}"
2025-05-22T14:03:28.162086,"{'address': '/hover', 'args': 46}"
2025-05-22T14:03:28.253825,"{'address': '/hover', 'args': 83}"
2025-05-22T14:03:28.312132,"{'address': '/hover', 'args': 68}"
2025-05-22T14:03:28.345099,"{'address': '/hover', 'args': 70}"
2025-05-22T14:03:28.394985,"{'address': '/hover', 'args': 82}"
2025-05-22T14:03:28.394937,"{'address': '/hover', 'args': 80}"
2025-05-22T14:03:28.403498,"{'address': '/hover', 'args': 81}"
2025-05-22T14:03:28.437257,"{'address': '/hover', 'args': 77}"
2025-05-22T14:03:28.486841,"{'address': '/hover', 'args': 39}"
2025-05-22T14:03:28.503402,"{'address': '/hover', 'args': 29}"
2025-05-22T14:03:28.520357,"{'address': '/hover', 'args': 44}"
2025-05-22T14:03:28.562125,"{'address': '/hover', 'args': 67}"
2025-05-22T14:03:28.611708,"{'address': '/hover', 'args': 57}"
2025-05-22T14:03:28.620543,"{'address': '/hover', 'args': 79}"
2025-05-22T14:03:28.628660,"{'address': '/hover', 'args': 61}"
2025-05-22T14:03:28.636559,"{'address': '/hover', 'args': 60}"
2025-05-22T14:03:28.644510,"{'address': '/hover', 'args': 88}"
2025-05-22T14:03:28.653930,"{'address': '/hover', 'args': 53}"
2025-05-22T14:03:28.661787,"{'address': '/hover', 'args': 35}"
2025-05-22T14:03:28.678413,"{'address': '/hover', 'args': 74}"
2025-05-22T14:03:28.686644,"{'address': '/hover', 'args': 34}"
2025-05-22T14:03:28.695821,"{'address': '/hover', 'args': 63}"
2025-05-22T14:03:28.695742,"{'address': '/hover', 'args': 59}"
2025-05-22T14:03:28.719364,"{'address': '/hover', 'args': 49}"
2025-05-22T14:03:28.736985,"{'address': '/hover', 'args': 41}"
2025-05-22T14:03:28.753748,"{'address': '/hover', 'args': 55}"
2025-05-22T14:03:28.804345,"{'address': '/hover', 'args': 73}"
2025-05-22T14:03:28.821315,"{'address': '/hover', 'args': 85}"
2025-05-22T14:03:28.869833,"{'address': '/hover', 'args': 33}"
2025-05-22T14:03:28.870363,"{'address': '/hover', 'args': 71}"
2025-05-22T14:03:28.894889,"{'address': '/hover', 'args': 52}"
2025-05-22T14:03:28.928104,"{'address': '/hover', 'args': 86}"
2025-05-22T14:03:28.935974,"{'address': '/hover', 'args': 48}"
2025-05-22T14:03:28.952923,"{'address': '/hover', 'args': 54}"
2025-05-22T14:03:28.978424,"{'address': '/hover', 'args': 35}"
2025-05-22T14:03:28.978985,"{'address': '/hover', 'args': 65}"
2025-05-22T14:03:29.062669,"{'address': '/hover', 'args': 66}"
2025-05-22T14:03:29.086736,"{'address': '/hover', 'args': 57}"
2025-05-22T14:03:29.087938,"{'address': '/hover', 'args': 61}"
2025-05-22T14:03:29.120147,"{'address': '/hover', 'args': 50}"
2025-05-22T14:03:29.138758,"{'address': '/hover', 'args': 29}"
2025-05-22T14:03:29.145603,"{'address': '/hover', 'args': 67}"
2025-05-22T14:03:29.163079,"{'address': '/hover', 'args': 79}"
2025-05-22T14:03:29.163035,"{'address': '/hover', 'args': 44}"
2025-05-22T14:03:29.180002,"{'address': '/hover', 'args': 77}"
2025-05-22T14:03:29.187843,"{'address': '/hover', 'args': 80}"
2025-05-22T14:03:29.228722,"{'address': '/hover', 'args': 39}"
2025-05-22T14:03:29.236333,"{'address': '/hover', 'args': 60}"
2025-05-22T14:03:29.261569,"{'address': '/hover', 'args': 88}"
2025-05-22T14:03:29.278727,"{'address': '/hover', 'args': 53}"
2025-05-22T14:03:29.294866,"{'address': '/hover', 'args': 34}"
2025-05-22T14:03:29.322098,"{'address': '/hover', 'args': 74}"
2025-05-22T14:03:29.321670,"{'address': '/hover', 'args': 59}"
2025-05-22T14:03:29.354025,"{'address': '/hover', 'args': 49}"
2025-05-22T14:03:29.362726,"{'address': '/hover', 'args': 47}"
2025-05-22T14:03:29.378051,"{'address': '/hover', 'args': 55}"
2025-05-22T14:03:29.412214,"{'address': '/hover', 'args': 85}"
2025-05-22T14:03:29.419954,"{'address': '/hover', 'args': 27}"
2025-05-22T14:03:29.454044,"{'address': '/hover', 'args': 31}"
2025-05-22T14:03:29.487979,"{'address': '/hover', 'args': 62}"
2025-05-22T14:03:29.529306,"{'address': '/hover', 'args': 37}"
2025-05-22T14:03:29.562618,"{'address': '/hover', 'args': 30}"
2025-05-22T14:03:29.570356,"{'address': '/hover', 'args': 69}"
2025-05-22T14:03:29.604509,"{'address': '/hover', 'args': 58}"
2025-05-22T14:03:29.628907,"{'address': '/hover', 'args': 36}"
2025-05-22T14:03:29.636414,"{'address': '/hover', 'args': 18}"
2025-05-22T14:03:29.662216,"{'address': '/hover', 'args': 9}"
2025-05-22T14:03:29.678178,"{'address': '/hover', 'args': 10}"
2025-05-22T14:03:29.728994,"{'address': '/hover', 'args': 4}"
2025-05-22T14:03:29.744364,"{'address': '/hover', 'args': 20}"
2025-05-22T14:03:29.771171,"{'address': '/hover', 'args': 0}"
2025-05-22T14:03:29.772360,"{'address': '/hover', 'args': 28}"
2025-05-22T14:03:29.853905,"{'address': '/hover', 'args': 8}"
2025-05-22T14:03:29.895952,"{'address': '/hover', 'args': 5}"
2025-05-22T14:03:29.919942,"{'address': '/hover', 'args': 7}"
2025-05-22T14:03:29.945244,"{'address': '/hover', 'args': 42}"
2025-05-22T14:03:29.961828,"{'address': '/hover', 'args': 21}"
2025-05-22T14:03:30.013942,"{'address': '/hover', 'args': 11}"
2025-05-22T14:03:30.013836,"{'address': '/hover', 'args': 6}"
2025-05-22T14:03:30.036523,"{'address': '/hover', 'args': 75}"
2025-05-22T14:03:30.078399,"{'address': '/hover', 'args': 3}"
2025-05-22T14:03:30.095447,"{'address': '/hover', 'args': 16}"
2025-05-22T14:03:30.111785,"{'address': '/hover', 'args': 87}"
2025-05-22T14:03:30.196131,"{'address': '/hover', 'args': 43}"
2025-05-22T14:03:30.212767,"{'address': '/hover', 'args': 38}"
2025-05-22T14:03:30.269777,"{'address': '/hover', 'args': 36}"
2025-05-22T14:03:30.304273,"{'address': '/hover', 'args': 10}"
2025-05-22T14:03:30.304230,"{'address': '/hover', 'args': 8}"
2025-05-22T14:03:30.319834,"{'address': '/hover', 'args': 0}"
2025-05-22T14:03:30.327852,"{'address': '/hover', 'args': 7}"
2025-05-22T14:03:30.344674,"{'address': '/hover', 'args': 4}"
2025-05-22T14:03:31.704661,"{'address': '/hover', 'args': 8}"
2025-05-22T14:03:31.737561,"{'address': '/hover', 'args': 8}"
2025-05-22T14:03:31.771633,"{'address': '/hover', 'args': 8}"
2025-05-22T14:03:31.996653,"{'address': '/hover', 'args': 8}"
2025-05-22T14:03:32.029958,"{'address': '/hover', 'args': 8}"
2025-05-22T14:03:32.063261,"{'address': '/hover', 'args': 8}"
2025-05-22T14:03:32.096852,"{'address': '/hover', 'args': 8}"
2025-05-22T14:03:32.163163,"{'address': '/hover', 'args': 5}"
2025-05-22T14:03:32.204374,"{'address': '/hover', 'args': 5}"
2025-05-22T14:03:32.371136,"{'address': '/hover', 'args': 5}"
2025-05-22T14:03:32.403984,"{'address': '/hover', 'args': 8}"
2025-05-22T14:03:32.439261,"{'address': '/hover', 'args': 8}"
2025-05-22T14:03:32.471278,"{'address': '/hover', 'args': 8}"
2025-05-22T14:03:32.506955,"{'address': '/hover', 'args': 8}"
2025-05-22T14:03:32.537822,"{'address': '/hover', 'args': 8}"
2025-05-22T14:03:32.571752,"{'address': '/hover', 'args': 8}"
2025-05-22T14:03:32.605114,"{'address': '/hover', 'args': 8}"
2025-05-22T14:03:32.637415,"{'address': '/hover', 'args': 8}"
2025-05-22T14:03:32.670150,"{'address': '/hover', 'args': 8}"
2025-05-22T14:03:32.704332,"{'address': '/hover', 'args': 8}"
2025-05-22T14:03:32.738171,"{'address': '/hover', 'args': 8}"
2025-05-22T14:03:32.788006,"{'address': '/hover', 'args': 8}"
2025-05-22T14:03:32.821808,"{'address': '/hover', 'args': 8}"
2025-05-22T14:03:32.854193,"{'address': '/hover', 'args': 8}"
2025-05-22T14:03:32.888260,"{'address': '/hover', 'args': 5}"
2025-05-22T14:03:32.921614,"{'address': '/hover', 'args': 5}"
2025-05-22T14:03:32.954098,"{'address': '/hover', 'args': 5}"
2025-05-22T14:03:33.328302,"{'address': '/hover', 'args': 11}"
2025-05-22T14:03:34.161845,"{'address': '/hover', 'args': 11}"
2025-05-22T14:03:34.328045,"{'address': '/hover', 'args': 75}"
2025-05-22T14:03:34.694690,"{'address': '/hover', 'args': 34}"
2025-05-22T14:03:34.778520,"{'address': '/hover', 'args': 60}"
2025-05-22T14:03:34.853138,"{'address': '/hover', 'args': 39}"
2025-05-22T14:03:35.061100,"{'address': '/hover', 'args': 43}"
2025-05-22T14:03:35.495931,"{'address': '/hover', 'args': 87}"
2025-05-22T14:03:35.612278,"{'address': '/hover', 'args': 89}"
2025-05-22T14:03:36.862834,"{'address': '/hover', 'args': 87}"
2025-05-22T14:03:37.353233,"{'address': '/hover', 'args': 43}"
2025-05-22T14:03:37.461855,"{'address': '/hover', 'args': 60}"
2025-05-22T14:03:37.853070,"{'address': '/hover', 'args': 44}"
2025-05-22T14:03:37.903656,"{'address': '/hover', 'args': 80}"
2025-05-22T14:03:38.253315,"{'address': '/hover', 'args': 77}"
2025-05-22T14:03:38.578442,"{'address': '/hover', 'args': 84}"
2025-05-22T14:03:38.637664,"{'address': '/hover', 'args': 3}"
2025-05-22T14:03:38.712009,"{'address': '/hover', 'args': 75}"
2025-05-22T14:03:38.853471,"{'address': '/hover', 'args': 38}"
2025-05-22T14:03:38.901645,"{'address': '/hover', 'args': 43}"
2025-05-22T14:03:38.944313,"{'address': '/hover', 'args': 39}"
2025-05-22T14:03:39.027994,"{'address': '/hover', 'args': 84}"
2025-05-22T14:03:39.369129,"{'address': '/hover', 'args': 3}"
2025-05-22T14:03:39.686981,"{'address': '/hover', 'args': 87}"
2025-05-22T14:03:40.728274,"{'address': '/hover', 'args': 11}"
2025-05-22T14:03:41.471846,"{'address': '/hover', 'args': 5}"
2025-05-22T14:03:41.503427,"{'address': '/hover', 'args': 5}"
2025-05-22T14:03:41.538524,"{'address': '/hover', 'args': 5}"
2025-05-22T14:03:41.570331,"{'address': '/hover', 'args': 5}"
2025-05-22T14:03:41.764393,"{'address': '/hover', 'args': 5}"
2025-05-22T14:03:41.795720,"{'address': '/hover', 'args': 8}"
2025-05-22T14:03:41.828989,"{'address': '/hover', 'args': 8}"
2025-05-22T14:03:41.844270,"{'address': '/hover', 'args': 0}"
2025-05-22T14:03:42.687914,"{'address': '/hover', 'args': 0}"
2025-05-22T14:03:42.687982,"{'address': '/hover', 'args': 4}"
2025-05-22T14:03:42.694129,"{'address': '/hover', 'args': 8}"
2025-05-22T14:03:42.703058,"{'address': '/hover', 'args': 10}"
2025-05-22T14:03:42.703542,"{'address': '/hover', 'args': 28}"
2025-05-22T14:03:42.711528,"{'address': '/hover', 'args': 42}"
2025-05-22T14:03:42.711451,"{'address': '/hover', 'args': 5}"
2025-05-22T14:03:42.719189,"{'address': '/hover', 'args': 75}"
2025-05-22T14:03:42.727596,"{'address': '/hover', 'args': 3}"
2025-05-22T14:03:42.737371,"{'address': '/hover', 'args': 87}"
2025-05-22T14:03:42.737279,"{'address': '/hover', 'args': 11}"
2025-05-22T14:03:42.744227,"{'address': '/hover', 'args': 43}"
2025-05-22T14:03:42.761431,"{'address': '/hover', 'args': 25}"
2025-05-22T14:03:42.769099,"{'address': '/hover', 'args': 39}"
2025-05-22T14:03:42.778568,"{'address': '/hover', 'args': 84}"
2025-05-22T14:03:42.819971,"{'address': '/hover', 'args': 80}"
2025-05-22T14:03:42.886956,"{'address': '/hover', 'args': 44}"
2025-05-22T14:03:43.003248,"{'address': '/hover', 'args': 60}"
2025-05-22T14:03:43.061745,"{'address': '/hover', 'args': 43}"
2025-05-22T14:03:43.085103,"{'address': '/hover', 'args': 38}"
2025-05-22T14:03:43.111777,"{'address': '/hover', 'args': 3}"
2025-05-22T14:03:43.136836,"{'address': '/hover', 'args': 75}"
2025-05-22T14:03:43.162328,"{'address': '/hover', 'args': 42}"
2025-05-22T14:03:43.228289,"{'address': '/hover', 'args': 28}"
2025-05-22T14:03:43.245906,"{'address': '/hover', 'args': 5}"
2025-05-22T14:03:43.353230,"{'address': '/hover', 'args': 60}"
2025-05-22T14:03:43.386896,"{'address': '/hover', 'args': 44}"
2025-05-22T14:03:43.396758,"{'address': '/hover', 'args': 80}"
2025-05-22T14:03:43.411396,"{'address': '/hover', 'args': 84}"
2025-05-22T14:03:43.469465,"{'address': '/hover', 'args': 68}"
2025-05-22T14:03:43.661747,"{'address': '/hover', 'args': 60}"
2025-05-22T14:03:43.737100,"{'address': '/hover', 'args': 43}"
2025-05-22T14:03:43.851473,"{'address': '/hover', 'args': 25}"
2025-05-22T14:03:43.977507,"{'address': '/hover', 'args': 60}"
2025-05-22T14:03:44.010793,"{'address': '/hover', 'args': 44}"
2025-05-22T14:03:44.095083,"{'address': '/hover', 'args': 79}"
2025-05-22T14:03:44.203042,"{'address': '/hover', 'args': 38}"
2025-05-22T14:03:44.218667,"{'address': '/hover', 'args': 3}"
2025-05-22T14:03:44.245885,"{'address': '/hover', 'args': 87}"
2025-05-22T14:03:44.252432,"{'address': '/hover', 'args': 75}"
2025-05-22T14:03:44.260360,"{'address': '/hover', 'args': 42}"
2025-05-22T14:03:44.287059,"{'address': '/hover', 'args': 28}"
2025-05-22T14:03:44.294467,"{'address': '/hover', 'args': 5}"
2025-05-22T14:03:44.386161,"{'address': '/hover', 'args': 36}"
2025-05-22T14:03:44.445568,"{'address': '/hover', 'args': 37}"
2025-05-22T14:03:44.494723,"{'address': '/hover', 'args': 34}"
2025-05-22T14:03:44.511728,"{'address': '/hover', 'args': 47}"
2025-05-22T14:03:44.544387,"{'address': '/hover', 'args': 60}"
2025-05-22T14:03:44.596189,"{'address': '/hover', 'args': 79}"
2025-05-22T14:03:44.603922,"{'address': '/hover', 'args': 39}"
2025-05-22T14:03:44.612029,"{'address': '/hover', 'args': 43}"
2025-05-22T14:03:44.612732,"{'address': '/hover', 'args': 44}"
2025-05-22T14:03:44.645984,"{'address': '/hover', 'args': 80}"
2025-05-22T14:03:44.660279,"{'address': '/hover', 'args': 84}"
2025-05-22T14:03:44.695599,"{'address': '/hover', 'args': 25}"
2025-05-22T14:03:44.837044,"{'address': '/hover', 'args': 87}"
2025-05-22T14:03:44.845409,"{'address': '/hover', 'args': 3}"
2025-05-22T14:03:44.869941,"{'address': '/hover', 'args': 38}"
2025-05-22T14:03:44.903725,"{'address': '/hover', 'args': 75}"
2025-05-22T14:03:44.910997,"{'address': '/hover', 'args': 42}"
2025-05-22T14:03:45.029069,"{'address': '/hover', 'args': 28}"
2025-05-22T14:03:45.178925,"{'address': '/hover', 'args': 11}"
2025-05-22T14:03:45.194568,"{'address': '/hover', 'args': 87}"
2025-05-22T14:03:45.235089,"{'address': '/hover', 'args': 38}"
2025-05-22T14:03:45.245184,"{'address': '/hover', 'args': 25}"
2025-05-22T14:03:45.261103,"{'address': '/hover', 'args': 39}"
2025-05-22T14:03:45.269651,"{'address': '/hover', 'args': 60}"
2025-05-22T14:03:45.286706,"{'address': '/hover', 'args': 44}"
2025-05-22T14:03:45.294016,"{'address': '/hover', 'args': 80}"
2025-05-22T14:03:45.362054,"{'address': '/hover', 'args': 29}"
2025-05-22T14:03:45.594503,"{'address': '/hover', 'args': 60}"
2025-05-22T14:03:45.628819,"{'address': '/hover', 'args': 43}"
2025-05-22T14:03:45.628750,"{'address': '/hover', 'args': 25}"
2025-05-22T14:03:45.669409,"{'address': '/hover', 'args': 3}"
2025-05-22T14:03:45.670998,"{'address': '/hover', 'args': 87}"
2025-05-22T14:03:45.787234,"{'address': '/hover', 'args': 38}"
2025-05-22T14:03:45.894124,"{'address': '/hover', 'args': 75}"
2025-05-22T14:03:45.919780,"{'address': '/hover', 'args': 37}"
2025-05-22T14:03:45.927681,"{'address': '/hover', 'args': 34}"
2025-05-22T14:03:46.103418,"{'address': '/hover', 'args': 3}"
2025-05-22T14:03:46.178479,"{'address': '/hover', 'args': 39}"
2025-05-22T14:03:46.194234,"{'address': '/hover', 'args': 44}"
2025-05-22T14:03:46.211029,"{'address': '/hover', 'args': 80}"
2025-05-22T14:03:46.244177,"{'address': '/hover', 'args': 29}"
2025-05-22T14:03:46.303893,"{'address': '/hover', 'args': 77}"
2025-05-22T14:03:46.512787,"{'address': '/hover', 'args': 60}"
2025-05-22T14:03:46.522048,"{'address': '/hover', 'args': 43}"
2025-05-22T14:03:46.545420,"{'address': '/hover', 'args': 25}"
2025-05-22T14:03:46.546047,"{'address': '/hover', 'args': 38}"
2025-05-22T14:03:46.552542,"{'address': '/hover', 'args': 3}"
2025-05-22T14:03:46.568880,"{'address': '/hover', 'args': 87}"
2025-05-22T14:03:46.670743,"{'address': '/hover', 'args': 75}"
2025-05-22T14:03:46.736457,"{'address': '/hover', 'args': 42}"
2025-05-22T14:03:46.919992,"{'address': '/hover', 'args': 11}"
2025-05-22T14:03:47.219536,"{'address': '/hover', 'args': 5}"
2025-05-22T14:03:47.220130,"{'address': '/hover', 'args': 21}"
2025-05-22T14:03:47.252672,"{'address': '/hover', 'args': 7}"
2025-05-22T14:03:47.270339,"{'address': '/hover', 'args': 8}"
2025-05-22T14:05:55.608379,"{'address': '/hover', 'args': 26}"
2025-05-22T14:05:55.609059,"{'address': '/hover', 'args': 82}"
2025-05-22T14:05:55.608853,"{'address': '/hover', 'args': 70}"
2025-05-22T14:05:55.640239,"{'address': '/hover', 'args': 56}"
2025-05-27T08:43:52.548310,"{'address': '/hover', 'args': 21}"
2025-05-27T08:43:54.023757,"{'address': '/hover', 'args': 21}"
2025-05-27T08:43:54.114678,"{'address': '/hover', 'args': 9}"
2025-05-27T08:43:54.497752,"{'address': '/hover', 'args': 11}"
2025-05-27T08:43:54.966533,"{'address': '/hover', 'args': 18}"
2025-05-27T08:43:55.481592,"{'address': '/hover', 'args': 13}"
2025-05-27T08:43:55.840203,"{'address': '/hover', 'args': 24}"
2025-05-27T08:43:56.016356,"{'address': '/hover', 'args': 10}"
2025-05-27T08:43:56.390982,"{'address': '/hover', 'args': 24}"
2025-05-27T08:44:02.032886,"{'address': '/hover', 'args': 18}"
2025-05-27T08:44:02.391820,"{'address': '/hover', 'args': 9}"
2025-05-27T08:44:03.524100,"{'address': '/hover', 'args': 7}"
2025-05-27T08:44:04.564340,"{'address': '/hover', 'args': 20}"
2025-05-27T08:44:04.589764,"{'address': '/hover', 'args': 20}"
2025-05-27T08:44:04.630814,"{'address': '/hover', 'args': 20}"
2025-05-27T08:44:04.666308,"{'address': '/hover', 'args': 20}"
2025-05-27T08:44:04.785248,"{'address': '/hover', 'args': 20}"
2025-05-27T08:44:04.852303,"{'address': '/hover', 'args': 20}"
2025-05-27T08:44:05.257203,"{'address': '/hover', 'args': 25}"
2025-05-27T08:44:05.289919,"{'address': '/hover', 'args': 25}"
2025-05-27T08:44:07.105775,"{'address': '/hover', 'args': 22}"
2025-05-27T08:44:08.775636,"{'address': '/hover', 'args': 22}"
2025-05-27T08:44:08.790843,"{'address': '/hover', 'args': 15}"
2025-05-27T08:44:08.815250,"{'address': '/hover', 'args': 23}"
2025-05-27T08:44:08.824522,"{'address': '/hover', 'args': 21}"
2025-05-27T08:44:10.171954,"{'address': '/hover', 'args': 8}"
2025-05-27T08:44:11.214074,"{'address': '/hover', 'args': 21}"
2025-05-27T08:44:12.373017,"{'address': '/hover', 'args': 21}"
2025-05-27T08:44:12.430125,"{'address': '/hover', 'args': 23}"
2025-05-27T08:44:12.714406,"{'address': '/hover', 'args': 15}"
2025-05-27T08:44:12.755541,"{'address': '/hover', 'args': 22}"
2025-05-27T08:44:13.097786,"{'address': '/hover', 'args': 25}"
2025-05-27T08:44:13.466001,"{'address': '/hover', 'args': 25}"
2025-05-27T08:44:13.666042,"{'address': '/hover', 'args': 25}"
2025-05-27T08:44:13.706591,"{'address': '/hover', 'args': 25}"
2025-05-27T08:44:13.739370,"{'address': '/hover', 'args': 25}"
2025-05-27T08:44:14.264875,"{'address': '/hover', 'args': 25}"
2025-05-27T08:44:14.314900,"{'address': '/hover', 'args': 22}"
2025-05-27T08:44:17.689478,"{'address': '/hover', 'args': 25}"
2025-05-27T08:44:17.723666,"{'address': '/hover', 'args': 25}"
2025-05-27T08:44:17.748464,"{'address': '/hover', 'args': 25}"
2025-05-27T08:44:17.781288,"{'address': '/hover', 'args': 25}"
2025-05-27T08:44:17.816260,"{'address': '/hover', 'args': 25}"
2025-05-27T08:44:17.856278,"{'address': '/hover', 'args': 25}"
2025-05-27T08:44:18.281428,"{'address': '/hover', 'args': 25}"
2025-05-27T08:44:18.305895,"{'address': '/hover', 'args': 25}"
2025-05-27T08:44:18.342038,"{'address': '/hover', 'args': 25}"
2025-05-27T08:44:18.372926,"{'address': '/hover', 'args': 25}"
2025-05-27T08:44:18.406062,"{'address': '/hover', 'args': 25}"
2025-05-27T08:44:18.438657,"{'address': '/hover', 'args': 25}"
2025-05-27T08:44:18.463958,"{'address': '/hover', 'args': 25}"
2025-05-27T08:44:18.497588,"{'address': '/hover', 'args': 25}"
2025-05-27T08:44:18.582284,"{'address': '/hover', 'args': 25}"
2025-05-27T08:44:18.639432,"{'address': '/hover', 'args': 25}"
2025-05-27T08:44:18.673117,"{'address': '/hover', 'args': 25}"
2025-05-27T08:44:18.714382,"{'address': '/hover', 'args': 25}"
2025-05-27T08:44:18.740791,"{'address': '/hover', 'args': 25}"
2025-05-27T08:44:18.815324,"{'address': '/hover', 'args': 25}"
2025-05-27T08:44:18.849790,"{'address': '/hover', 'args': 25}"
2025-05-27T08:44:18.881431,"{'address': '/hover', 'args': 25}"
2025-05-27T08:44:19.555342,"{'address': '/hover', 'args': 22}"
2025-05-27T08:44:19.582719,"{'address': '/hover', 'args': 7}"
2025-05-27T08:44:19.613595,"{'address': '/hover', 'args': 8}"
2025-05-27T08:44:20.614520,"{'address': '/hover', 'args': 21}"
2025-05-27T08:44:20.682752,"{'address': '/hover', 'args': 23}"
2025-05-27T08:44:20.981004,"{'address': '/hover', 'args': 15}"
2025-05-27T08:44:21.063993,"{'address': '/hover', 'args': 20}"
2025-05-27T08:44:21.264692,"{'address': '/hover', 'args': 18}"
2025-05-27T08:44:21.547999,"{'address': '/hover', 'args': 13}"
2025-05-27T08:44:21.597326,"{'address': '/hover', 'args': 5}"
2025-05-27T08:44:21.864343,"{'address': '/hover', 'args': 2}"
2025-05-27T08:44:21.905703,"{'address': '/hover', 'args': 12}"
2025-05-27T08:44:22.172702,"{'address': '/hover', 'args': 6}"
2025-05-27T08:44:24.256270,"{'address': '/hover', 'args': 6}"
2025-05-27T08:44:24.323299,"{'address': '/hover', 'args': 12}"
2025-05-27T08:44:25.256169,"{'address': '/hover', 'args': 2}"
2025-05-27T08:44:25.617848,"{'address': '/hover', 'args': 11}"
2025-05-27T08:44:25.714390,"{'address': '/hover', 'args': 18}"
2025-05-27T08:44:25.832460,"{'address': '/hover', 'args': 13}"
2025-05-27T08:44:26.456677,"{'address': '/hover', 'args': 5}"
2025-05-27T08:44:26.731418,"{'address': '/hover', 'args': 12}"
2025-05-27T08:44:27.231151,"{'address': '/hover', 'args': 2}"
2025-05-27T08:44:27.700427,"{'address': '/hover', 'args': 5}"
2025-05-27T08:44:28.006226,"{'address': '/hover', 'args': 12}"
2025-05-27T08:44:28.373483,"{'address': '/hover', 'args': 2}"
2025-05-27T08:44:33.149919,"{'address': '/hover', 'args': 12}"
2025-05-27T08:45:37.681562,"{'address': '/hover', 'args': 21}"
2025-05-27T08:45:38.635161,"{'address': '/hover', 'args': 19}"
2025-05-27T08:45:39.998862,"{'address': '/hover', 'args': 19}"
2025-05-27T08:45:40.056281,"{'address': '/hover', 'args': 21}"
2025-05-27T08:45:40.373950,"{'address': '/hover', 'args': 8}"
2025-05-27T08:45:40.417223,"{'address': '/hover', 'args': 6}"
2025-05-27T08:45:41.356609,"{'address': '/hover', 'args': 8}"
2025-05-27T08:45:42.473771,"{'address': '/hover', 'args': 21}"
2025-05-27T08:45:42.781803,"{'address': '/hover', 'args': 21}"
2025-05-27T08:45:43.640081,"{'address': '/hover', 'args': 21}"
2025-05-27T08:45:43.756213,"{'address': '/hover', 'args': 15}"
2025-05-27T08:45:49.265813,"{'address': '/hover', 'args': 20}"
2025-05-27T08:45:49.282702,"{'address': '/hover', 'args': 20}"
2025-05-27T08:45:49.316509,"{'address': '/hover', 'args': 20}"
2025-05-27T08:45:49.690334,"{'address': '/hover', 'args': 0}"
2025-05-27T08:45:49.723082,"{'address': '/hover', 'args': 0}"
2025-05-27T08:45:49.756179,"{'address': '/hover', 'args': 0}"
2025-05-27T08:45:49.789607,"{'address': '/hover', 'args': 0}"
2025-05-27T08:45:50.052627,"{'address': '/hover', 'args': 0}"
2025-05-27T08:45:50.089564,"{'address': '/hover', 'args': 0}"
2025-05-27T08:45:50.123770,"{'address': '/hover', 'args': 0}"
2025-05-27T08:45:50.158113,"{'address': '/hover', 'args': 0}"
2025-05-27T08:45:50.189879,"{'address': '/hover', 'args': 0}"
2025-05-27T08:45:50.277419,"{'address': '/hover', 'args': 0}"
2025-05-27T08:45:50.308731,"{'address': '/hover', 'args': 0}"
2025-05-27T08:45:50.340383,"{'address': '/hover', 'args': 0}"
2025-05-27T08:45:50.374253,"{'address': '/hover', 'args': 0}"
2025-05-27T08:45:50.408619,"{'address': '/hover', 'args': 0}"
2025-05-27T08:45:50.449157,"{'address': '/hover', 'args': 0}"
2025-05-27T08:45:50.481368,"{'address': '/hover', 'args': 0}"
2025-05-27T08:45:50.515343,"{'address': '/hover', 'args': 0}"
2025-05-27T08:45:50.550014,"{'address': '/hover', 'args': 0}"
2025-05-27T08:45:50.582085,"{'address': '/hover', 'args': 0}"
2025-05-27T08:45:50.698521,"{'address': '/hover', 'args': 0}"
2025-05-27T08:45:50.733449,"{'address': '/hover', 'args': 0}"
2025-05-27T08:45:50.766722,"{'address': '/hover', 'args': 0}"
2025-05-27T08:45:50.822481,"{'address': '/hover', 'args': 0}"
2025-05-27T08:45:50.907176,"{'address': '/hover', 'args': 0}"
2025-05-27T08:45:50.940122,"{'address': '/hover', 'args': 0}"
2025-05-27T08:45:50.965393,"{'address': '/hover', 'args': 0}"
2025-05-27T08:45:50.999699,"{'address': '/hover', 'args': 0}"
2025-05-27T08:45:51.033819,"{'address': '/hover', 'args': 0}"
2025-05-27T08:45:51.064355,"{'address': '/hover', 'args': 0}"
2025-05-27T08:45:51.097762,"{'address': '/hover', 'args': 0}"
2025-05-27T08:45:51.173572,"{'address': '/hover', 'args': 0}"
2025-05-27T08:45:51.207378,"{'address': '/hover', 'args': 0}"
2025-05-27T08:45:51.240217,"{'address': '/hover', 'args': 0}"
2025-05-27T08:45:51.274930,"{'address': '/hover', 'args': 0}"
2025-05-27T08:45:51.298638,"{'address': '/hover', 'args': 0}"
2025-05-27T08:45:51.331869,"{'address': '/hover', 'args': 0}"
2025-05-27T08:45:51.365040,"{'address': '/hover', 'args': 0}"
2025-05-27T08:45:51.414942,"{'address': '/hover', 'args': 0}"
2025-05-27T08:45:51.448173,"{'address': '/hover', 'args': 0}"
2025-05-27T08:45:51.481544,"{'address': '/hover', 'args': 0}"
2025-05-27T08:45:51.516155,"{'address': '/hover', 'args': 0}"
2025-05-27T08:45:51.548425,"{'address': '/hover', 'args': 0}"
2025-05-27T08:45:51.583080,"{'address': '/hover', 'args': 0}"
2025-05-27T08:45:51.616602,"{'address': '/hover', 'args': 25}"
2025-05-27T08:45:51.647780,"{'address': '/hover', 'args': 25}"
2025-05-27T08:45:51.673529,"{'address': '/hover', 'args': 25}"
2025-05-27T08:45:51.706779,"{'address': '/hover', 'args': 25}"
2025-05-27T08:45:51.773485,"{'address': '/hover', 'args': 25}"
2025-05-27T08:45:51.810532,"{'address': '/hover', 'args': 25}"
2025-05-27T08:45:51.856178,"{'address': '/hover', 'args': 0}"
2025-05-27T08:45:51.881326,"{'address': '/hover', 'args': 0}"
2025-05-27T08:45:51.914168,"{'address': '/hover', 'args': 0}"
2025-05-27T08:45:51.948209,"{'address': '/hover', 'args': 0}"
2025-05-27T08:45:51.982206,"{'address': '/hover', 'args': 0}"
2025-05-27T08:45:52.052171,"{'address': '/hover', 'args': 0}"
2025-05-27T08:45:52.081975,"{'address': '/hover', 'args': 0}"
2025-05-27T08:45:52.115677,"{'address': '/hover', 'args': 0}"
2025-05-27T08:45:52.148234,"{'address': '/hover', 'args': 0}"
2025-05-27T08:45:52.181360,"{'address': '/hover', 'args': 0}"
2025-05-27T08:45:52.215376,"{'address': '/hover', 'args': 0}"
2025-05-27T08:45:52.248287,"{'address': '/hover', 'args': 0}"
2025-05-27T08:45:52.289215,"{'address': '/hover', 'args': 0}"
2025-05-27T08:45:52.323239,"{'address': '/hover', 'args': 0}"
2025-05-27T08:45:52.365244,"{'address': '/hover', 'args': 0}"
2025-05-27T08:45:52.590034,"{'address': '/hover', 'args': 0}"
2025-05-27T08:45:52.623430,"{'address': '/hover', 'args': 0}"
2025-05-27T08:45:52.656335,"{'address': '/hover', 'args': 0}"
2025-05-27T08:45:52.689751,"{'address': '/hover', 'args': 0}"
2025-05-27T08:45:52.717625,"{'address': '/hover', 'args': 0}"
2025-05-27T08:45:52.878653,"{'address': '/hover', 'args': 0}"
2025-05-27T08:45:52.914976,"{'address': '/hover', 'args': 0}"
2025-05-27T08:45:52.948538,"{'address': '/hover', 'args': 0}"
2025-05-27T08:45:52.983176,"{'address': '/hover', 'args': 0}"
2025-05-27T08:45:53.014907,"{'address': '/hover', 'args': 0}"
2025-05-27T08:45:53.047919,"{'address': '/hover', 'args': 0}"
2025-05-27T08:45:53.487586,"{'address': '/hover', 'args': 0}"
2025-05-27T08:45:53.518776,"{'address': '/hover', 'args': 0}"
2025-05-27T08:45:53.548827,"{'address': '/hover', 'args': 0}"
2025-05-27T08:45:53.582858,"{'address': '/hover', 'args': 0}"
2025-05-27T08:45:53.623311,"{'address': '/hover', 'args': 0}"
2025-05-27T08:45:53.664939,"{'address': '/hover', 'args': 0}"
2025-05-27T08:45:54.434723,"{'address': '/hover', 'args': 0}"
2025-05-27T08:45:54.463799,"{'address': '/hover', 'args': 0}"
2025-05-27T08:45:54.489397,"{'address': '/hover', 'args': 0}"
2025-05-27T08:45:54.608582,"{'address': '/hover', 'args': 0}"
2025-05-27T08:45:55.566212,"{'address': '/hover', 'args': 10}"
2025-05-27T08:45:55.598381,"{'address': '/hover', 'args': 18}"
2025-05-27T08:45:55.781514,"{'address': '/hover', 'args': 11}"
2025-05-27T08:45:56.534253,"{'address': '/hover', 'args': 9}"
2025-05-27T08:45:56.648933,"{'address': '/hover', 'args': 8}"
2025-05-27T08:45:56.915036,"{'address': '/hover', 'args': 9}"
2025-05-27T08:45:56.967011,"{'address': '/hover', 'args': 11}"
2025-05-27T08:45:57.825532,"{'address': '/hover', 'args': 8}"
2025-05-27T08:45:58.380739,"{'address': '/hover', 'args': 21}"
2025-05-27T08:45:58.815482,"{'address': '/hover', 'args': 7}"
2025-05-27T08:45:59.050711,"{'address': '/hover', 'args': 18}"
2025-05-27T08:45:59.732247,"{'address': '/hover', 'args': 20}"
2025-05-27T08:46:00.049335,"{'address': '/hover', 'args': 10}"
2025-05-27T08:46:00.172719,"{'address': '/hover', 'args': 16}"
2025-05-27T08:46:00.466360,"{'address': '/hover', 'args': 4}"
2025-05-27T08:46:00.783791,"{'address': '/hover', 'args': 3}"
2025-05-27T08:46:01.074599,"{'address': '/hover', 'args': 14}"
2025-05-27T08:46:01.158291,"{'address': '/hover', 'args': 13}"
2025-05-27T08:46:01.542662,"{'address': '/hover', 'args': 11}"
2025-05-27T08:46:01.816119,"{'address': '/hover', 'args': 2}"
2025-05-27T08:46:02.116076,"{'address': '/hover', 'args': 12}"
2025-05-27T08:46:02.224753,"{'address': '/hover', 'args': 6}"
2025-05-27T08:46:02.773377,"{'address': '/hover', 'args': 9}"
2025-05-27T08:46:03.006776,"{'address': '/hover', 'args': 18}"
2025-05-27T08:46:05.493165,"{'address': '/hover', 'args': 9}"
2025-05-27T08:46:05.698131,"{'address': '/hover', 'args': 8}"
2025-05-27T08:46:06.157842,"{'address': '/hover', 'args': 21}"
2025-05-27T08:46:06.466252,"{'address': '/hover', 'args': 9}"
2025-05-27T08:46:06.574197,"{'address': '/hover', 'args': 6}"
2025-05-27T08:46:06.640981,"{'address': '/hover', 'args': 2}"
2025-05-27T08:46:07.164109,"{'address': '/hover', 'args': 12}"
2025-05-27T08:46:07.489828,"{'address': '/hover', 'args': 2}"
2025-05-27T08:46:07.708731,"{'address': '/hover', 'args': 11}"
2025-05-27T08:46:08.442860,"{'address': '/hover', 'args': 9}"
2025-05-27T08:46:08.724287,"{'address': '/hover', 'args': 21}"
2025-05-27T08:46:09.041519,"{'address': '/hover', 'args': 19}"
2025-05-27T08:46:09.566842,"{'address': '/hover', 'args': 21}"
2025-05-27T08:46:10.551089,"{'address': '/hover', 'args': 8}"
2025-05-27T08:46:10.898523,"{'address': '/hover', 'args': 11}"
2025-05-27T08:46:11.209519,"{'address': '/hover', 'args': 11}"
2025-05-27T08:46:12.531956,"{'address': '/hover', 'args': 13}"
2025-05-27T08:46:12.698765,"{'address': '/hover', 'args': 1}"
2025-05-27T08:46:12.917612,"{'address': '/hover', 'args': 5}"
2025-05-27T08:46:13.299876,"{'address': '/hover', 'args': 1}"
2025-05-27T08:46:13.547843,"{'address': '/hover', 'args': 5}"
2025-05-27T08:46:13.623766,"{'address': '/hover', 'args': 2}"
2025-05-27T08:46:13.748011,"{'address': '/hover', 'args': 11}"
2025-05-27T08:46:13.789633,"{'address': '/hover', 'args': 9}"
2025-05-27T08:46:14.450380,"{'address': '/hover', 'args': 18}"
2025-05-27T08:46:14.793360,"{'address': '/hover', 'args': 10}"
2025-05-27T08:46:14.923595,"{'address': '/hover', 'args': 17}"
2025-05-27T08:46:14.990651,"{'address': '/hover', 'args': 16}"
2025-05-27T08:46:15.133823,"{'address': '/hover', 'args': 24}"
2025-05-27T08:46:15.550673,"{'address': '/hover', 'args': 13}"
2025-05-27T08:46:17.539688,"{'address': '/hover', 'args': 5}"
2025-05-27T08:46:18.139864,"{'address': '/hover', 'args': 2}"
2025-05-27T08:46:18.382452,"{'address': '/hover', 'args': 12}"
2025-05-27T08:46:18.581789,"{'address': '/hover', 'args': 2}"
2025-05-27T08:46:18.640319,"{'address': '/hover', 'args': 11}"
2025-05-27T08:46:18.992088,"{'address': '/hover', 'args': 18}"
2025-05-27T08:46:19.624147,"{'address': '/hover', 'args': 9}"
2025-05-27T08:46:19.716625,"{'address': '/hover', 'args': 21}"
2025-05-27T08:46:20.208002,"{'address': '/hover', 'args': 21}"
2025-05-27T08:46:20.723703,"{'address': '/hover', 'args': 9}"
2025-05-27T08:46:20.983811,"{'address': '/hover', 'args': 2}"
2025-05-27T08:46:21.008051,"{'address': '/hover', 'args': 12}"
2025-05-27T08:46:22.466510,"{'address': '/hover', 'args': 1}"
2025-05-27T08:46:23.424596,"{'address': '/hover', 'args': 1}"
2025-05-27T08:46:23.465773,"{'address': '/hover', 'args': 13}"
2025-05-27T08:46:23.540453,"{'address': '/hover', 'args': 24}"
2025-05-27T08:46:23.773162,"{'address': '/hover', 'args': 13}"
2025-05-27T08:46:23.814786,"{'address': '/hover', 'args': 11}"
2025-05-27T08:46:23.880652,"{'address': '/hover', 'args': 2}"
2025-05-27T08:46:24.833260,"{'address': '/hover', 'args': 2}"
2025-05-27T08:46:26.523320,"{'address': '/hover', 'args': 5}"
2025-05-27T08:46:29.816646,"{'address': '/hover', 'args': 5}"
2025-05-27T08:46:29.840577,"{'address': '/hover', 'args': 11}"
2025-05-27T08:46:29.890209,"{'address': '/hover', 'args': 9}"
2025-05-27T08:46:31.157985,"{'address': '/hover', 'args': 8}"
2025-05-27T08:46:33.365674,"{'address': '/hover', 'args': 19}"
2025-05-27T08:46:34.232152,"{'address': '/hover', 'args': 21}"
2025-05-27T08:46:34.307099,"{'address': '/hover', 'args': 9}"
2025-05-27T08:46:35.175601,"{'address': '/hover', 'args': 18}"
2025-05-27T08:46:36.533008,"{'address': '/hover', 'args': 20}"
2025-05-27T08:46:37.552541,"{'address': '/hover', 'args': 10}"
2025-05-27T08:46:38.590535,"{'address': '/hover', 'args': 7}"
2025-05-27T08:46:39.681241,"{'address': '/hover', 'args': 20}"
2025-05-27T08:46:39.706883,"{'address': '/hover', 'args': 20}"
2025-05-27T08:46:39.739434,"{'address': '/hover', 'args': 20}"
2025-05-27T08:46:40.414692,"{'address': '/hover', 'args': 0}"
2025-05-27T08:46:40.656783,"{'address': '/hover', 'args': 10}"
2025-05-27T08:46:42.150432,"{'address': '/hover', 'args': 18}"
2025-05-27T08:46:42.966935,"{'address': '/hover', 'args': 9}"
2025-05-27T08:46:52.967969,"{'address': '/hover', 'args': 18}"
2025-05-27T08:46:53.456699,"{'address': '/hover', 'args': 9}"
2025-05-27T08:46:54.490619,"{'address': '/hover', 'args': 18}"
2025-05-27T08:46:55.174842,"{'address': '/hover', 'args': 11}"
2025-05-27T08:46:56.175566,"{'address': '/hover', 'args': 9}"
2025-05-27T08:46:57.722720,"{'address': '/hover', 'args': 18}"
2025-05-27T08:46:57.931832,"{'address': '/hover', 'args': 10}"
2025-05-27T08:46:58.132170,"{'address': '/hover', 'args': 18}"
2025-05-27T08:46:58.480557,"{'address': '/hover', 'args': 11}"
2025-05-27T08:46:58.883584,"{'address': '/hover', 'args': 9}"
2025-05-27T08:46:59.332916,"{'address': '/hover', 'args': 20}"
2025-05-27T08:46:59.690560,"{'address': '/hover', 'args': 10}"
2025-05-27T08:46:59.873111,"{'address': '/hover', 'args': 18}"
2025-05-27T08:47:00.332032,"{'address': '/hover', 'args': 11}"
2025-05-27T08:47:00.665212,"{'address': '/hover', 'args': 9}"
2025-05-27T08:47:01.305703,"{'address': '/hover', 'args': 18}"
2025-05-27T08:47:01.741787,"{'address': '/hover', 'args': 9}"
2025-05-27T08:47:02.026071,"{'address': '/hover', 'args': 7}"
2025-05-27T08:47:02.082119,"{'address': '/hover', 'args': 20}"
2025-05-27T08:47:02.624235,"{'address': '/hover', 'args': 18}"
2025-05-27T08:47:02.956371,"{'address': '/hover', 'args': 11}"
2025-05-27T08:47:03.258174,"{'address': '/hover', 'args': 9}"
2025-05-27T08:47:03.799476,"{'address': '/hover', 'args': 18}"
2025-05-27T08:47:04.131449,"{'address': '/hover', 'args': 11}"
2025-05-27T08:47:04.340409,"{'address': '/hover', 'args': 9}"
2025-05-27T08:47:04.648731,"{'address': '/hover', 'args': 18}"
2025-05-27T08:47:04.907006,"{'address': '/hover', 'args': 11}"
2025-05-27T08:47:05.207157,"{'address': '/hover', 'args': 9}"
2025-05-27T08:47:05.573709,"{'address': '/hover', 'args': 18}"
2025-05-27T08:47:06.025941,"{'address': '/hover', 'args': 11}"
2025-05-27T08:47:06.308060,"{'address': '/hover', 'args': 9}"
2025-05-27T08:47:06.665288,"{'address': '/hover', 'args': 18}"
2025-05-27T08:47:06.966429,"{'address': '/hover', 'args': 11}"
2025-05-27T08:47:07.081923,"{'address': '/hover', 'args': 9}"
2025-05-27T08:47:07.365397,"{'address': '/hover', 'args': 18}"
2025-05-27T08:47:07.556862,"{'address': '/hover', 'args': 11}"
2025-05-27T08:47:07.715167,"{'address': '/hover', 'args': 9}"
2025-05-27T08:47:07.967557,"{'address': '/hover', 'args': 18}"
2025-05-27T08:47:08.190798,"{'address': '/hover', 'args': 11}"
2025-05-27T08:47:08.239835,"{'address': '/hover', 'args': 9}"
2025-05-27T08:47:08.599454,"{'address': '/hover', 'args': 9}"
2025-05-27T08:47:08.866443,"{'address': '/hover', 'args': 18}"
2025-05-27T08:47:09.138772,"{'address': '/hover', 'args': 11}"
2025-05-27T08:47:09.415393,"{'address': '/hover', 'args': 9}"
2025-05-27T08:47:09.757955,"{'address': '/hover', 'args': 18}"
2025-05-27T08:47:10.040849,"{'address': '/hover', 'args': 11}"
2025-05-27T08:47:10.306856,"{'address': '/hover', 'args': 9}"
2025-05-27T08:47:10.658175,"{'address': '/hover', 'args': 18}"
2025-05-27T08:47:11.001230,"{'address': '/hover', 'args': 11}"
2025-05-27T08:47:11.098213,"{'address': '/hover', 'args': 9}"
2025-05-27T08:47:11.400008,"{'address': '/hover', 'args': 18}"
2025-05-27T08:47:11.573356,"{'address': '/hover', 'args': 11}"
2025-05-27T08:47:11.740366,"{'address': '/hover', 'args': 9}"
2025-05-27T08:47:11.981952,"{'address': '/hover', 'args': 18}"
2025-05-27T08:47:12.391961,"{'address': '/hover', 'args': 20}"
2025-05-27T08:47:18.823045,"{'address': '/hover', 'args': 10}"
2025-05-27T08:47:19.906458,"{'address': '/hover', 'args': 18}"
2025-05-27T08:47:20.532277,"{'address': '/hover', 'args': 9}"
2025-05-27T08:47:21.850126,"{'address': '/hover', 'args': 9}"
2025-05-27T08:47:22.340977,"{'address': '/hover', 'args': 18}"
2025-05-27T08:47:22.665390,"{'address': '/hover', 'args': 10}"
2025-05-27T08:47:23.050745,"{'address': '/hover', 'args': 18}"
2025-05-27T08:47:23.525272,"{'address': '/hover', 'args': 9}"
2025-05-27T08:47:23.940575,"{'address': '/hover', 'args': 8}"
2025-05-27T08:47:24.198767,"{'address': '/hover', 'args': 9}"
2025-05-27T08:47:24.365199,"{'address': '/hover', 'args': 18}"
2025-05-27T08:47:24.981137,"{'address': '/hover', 'args': 9}"
2025-05-27T08:47:25.189010,"{'address': '/hover', 'args': 18}"
2025-05-27T08:47:25.273569,"{'address': '/hover', 'args': 10}"
2025-05-27T08:47:25.691138,"{'address': '/hover', 'args': 24}"
2025-05-27T08:47:25.948844,"{'address': '/hover', 'args': 11}"
2025-05-27T08:47:26.498782,"{'address': '/hover', 'args': 18}"
2025-05-27T08:47:27.015112,"{'address': '/hover', 'args': 11}"
2025-05-27T08:47:27.756962,"{'address': '/hover', 'args': 9}"
2025-05-27T08:47:28.082216,"{'address': '/hover', 'args': 18}"
2025-05-27T08:47:28.425460,"{'address': '/hover', 'args': 10}"
2025-05-27T08:47:29.148641,"{'address': '/hover', 'args': 16}"
2025-05-27T08:47:29.456996,"{'address': '/hover', 'args': 24}"
2025-05-27T08:47:29.598868,"{'address': '/hover', 'args': 13}"
2025-05-27T08:47:29.799349,"{'address': '/hover', 'args': 11}"
2025-05-27T08:47:30.518911,"{'address': '/hover', 'args': 9}"
2025-05-27T08:47:31.482100,"{'address': '/hover', 'args': 9}"
2025-05-27T08:47:32.007141,"{'address': '/hover', 'args': 18}"
2025-05-27T08:47:32.424533,"{'address': '/hover', 'args': 11}"
2025-05-27T08:47:32.740486,"{'address': '/hover', 'args': 9}"
2025-05-27T08:47:33.192018,"{'address': '/hover', 'args': 18}"
2025-05-27T08:47:33.524893,"{'address': '/hover', 'args': 11}"
2025-05-27T08:47:33.782071,"{'address': '/hover', 'args': 9}"
2025-05-27T08:47:34.290627,"{'address': '/hover', 'args': 18}"
2025-05-27T08:47:34.639080,"{'address': '/hover', 'args': 11}"
2025-05-27T08:47:34.956971,"{'address': '/hover', 'args': 9}"
2025-05-27T08:47:39.408654,"{'address': '/hover', 'args': 18}"
2025-05-27T08:47:39.834358,"{'address': '/hover', 'args': 10}"
2025-05-27T08:47:40.183134,"{'address': '/hover', 'args': 18}"
2025-05-27T08:47:40.834940,"{'address': '/hover', 'args': 9}"
2025-05-27T08:47:41.165323,"{'address': '/hover', 'args': 11}"
2025-05-27T08:47:41.542696,"{'address': '/hover', 'args': 18}"
2025-05-27T08:47:41.874305,"{'address': '/hover', 'args': 9}"
2025-05-27T08:47:42.284490,"{'address': '/hover', 'args': 18}"
2025-05-27T08:47:42.649921,"{'address': '/hover', 'args': 9}"
2025-05-27T08:47:43.624861,"{'address': '/hover', 'args': 8}"
2025-05-27T08:47:54.312199,"{'address': '/effectPos', 'args': [0.48148148148148145, 0.5054678007290401]}"
2025-05-27T08:47:54.420367,"{'address': '/effectPos', 'args': [0.48148148148148145, 0.5054678007290401]}"
2025-05-27T08:47:54.448431,"{'address': '/effectPos', 'args': [0.47883597883597884, 0.5151883353584447]}"
2025-05-27T08:47:54.482689,"{'address': '/effectPos', 'args': [0.4695767195767196, 0.5455650060753341]}"
2025-05-27T08:47:54.518316,"{'address': '/effectPos', 'args': [0.4537037037037037, 0.5953827460510328]}"
2025-05-27T08:47:54.550082,"{'address': '/effectPos', 'args': [0.43915343915343913, 0.637910085054678]}"
2025-05-27T08:47:54.582507,"{'address': '/effectPos', 'args': [0.43253968253968256, 0.6634264884568651]}"
2025-05-27T08:47:54.615911,"{'address': '/effectPos', 'args': [0.4305555555555556, 0.6743620899149453]}"
2025-05-27T08:47:54.649362,"{'address': '/effectPos', 'args': [0.42923280423280424, 0.6816524908869988]}"
2025-05-27T08:47:54.682203,"{'address': '/effectPos', 'args': [0.42857142857142855, 0.68408262454435]}"
2025-05-27T08:47:56.448674,"{'address': '/hover', 'args': 21}"
2025-05-27T08:47:56.493064,"{'address': '/hover', 'args': 9}"
2025-05-27T08:47:56.890341,"{'address': '/hover', 'args': 9}"
2025-05-27T08:47:57.140730,"{'address': '/hover', 'args': 18}"
2025-05-27T08:47:57.541829,"{'address': '/hover', 'args': 11}"
2025-05-27T08:47:57.941614,"{'address': '/hover', 'args': 18}"
2025-05-27T08:47:58.475609,"{'address': '/hover', 'args': 10}"
2025-05-27T08:47:58.781969,"{'address': '/hover', 'args': 24}"
2025-05-27T08:47:59.114790,"{'address': '/hover', 'args': 10}"
2025-05-27T08:47:59.439737,"{'address': '/hover', 'args': 18}"
2025-05-27T08:47:59.892277,"{'address': '/hover', 'args': 11}"
2025-05-27T08:48:00.468112,"{'address': '/hover', 'args': 9}"
2025-05-27T08:48:01.090449,"{'address': '/hover', 'args': 11}"
2025-05-27T08:48:01.424006,"{'address': '/hover', 'args': 9}"
2025-05-27T08:48:01.960260,"{'address': '/hover', 'args': 18}"
2025-05-27T08:48:02.309132,"{'address': '/hover', 'args': 10}"
2025-05-27T08:48:02.883670,"{'address': '/hover', 'args': 16}"
2025-05-27T08:48:03.098963,"{'address': '/hover', 'args': 24}"
2025-05-27T08:48:03.215665,"{'address': '/hover', 'args': 13}"
2025-05-27T08:48:03.632397,"{'address': '/hover', 'args': 11}"
2025-05-27T08:48:04.047997,"{'address': '/hover', 'args': 6}"
2025-05-27T08:48:04.289897,"{'address': '/hover', 'args': 8}"
2025-05-27T08:48:04.742269,"{'address': '/hover', 'args': 9}"
2025-05-27T08:48:05.365933,"{'address': '/hover', 'args': 18}"
2025-05-27T08:48:05.749721,"{'address': '/hover', 'args': 10}"
2025-05-27T08:48:06.540765,"{'address': '/hover', 'args': 11}"
2025-05-27T08:48:06.773991,"{'address': '/hover', 'args': 9}"
2025-05-27T08:48:07.259320,"{'address': '/hover', 'args': 18}"
2025-05-27T08:48:07.634036,"{'address': '/hover', 'args': 10}"
2025-05-27T08:48:08.092108,"{'address': '/hover', 'args': 16}"
2025-05-27T08:48:08.540807,"{'address': '/hover', 'args': 24}"
2025-05-27T08:48:08.665441,"{'address': '/hover', 'args': 13}"
2025-05-27T08:48:08.782625,"{'address': '/hover', 'args': 11}"
2025-05-27T08:48:09.233963,"{'address': '/hover', 'args': 18}"
2025-05-27T08:48:09.590274,"{'address': '/hover', 'args': 10}"
2025-05-27T08:48:09.975200,"{'address': '/hover', 'args': 18}"
2025-05-27T08:48:10.165497,"{'address': '/hover', 'args': 11}"
2025-05-27T08:48:11.774124,"{'address': '/hover', 'args': 18}"
2025-05-27T08:48:12.015525,"{'address': '/hover', 'args': 9}"
2025-05-27T08:48:12.408347,"{'address': '/hover', 'args': 18}"
2025-05-27T08:48:12.557173,"{'address': '/hover', 'args': 10}"
2025-05-27T08:48:13.083926,"{'address': '/hover', 'args': 24}"
2025-05-27T08:48:14.141900,"{'address': '/hover', 'args': 13}"
2025-05-27T08:48:14.533138,"{'address': '/hover', 'args': 11}"
2025-05-27T08:48:16.124983,"{'address': '/hover', 'args': 6}"
2025-05-27T08:48:16.499668,"{'address': '/hover', 'args': 8}"
2025-05-27T08:48:17.082373,"{'address': '/hover', 'args': 21}"
2025-05-27T08:48:17.399143,"{'address': '/hover', 'args': 7}"
2025-05-27T08:48:17.448759,"{'address': '/hover', 'args': 20}"
2025-05-27T08:48:17.923976,"{'address': '/hover', 'args': 0}"
2025-05-27T08:48:38.582079,"{'address': '/hover', 'args': 11}"
2025-05-27T08:48:38.875005,"{'address': '/hover', 'args': 9}"
2025-05-27T08:48:39.164870,"{'address': '/hover', 'args': 21}"
2025-05-27T08:48:39.740810,"{'address': '/hover', 'args': 19}"
2025-05-27T08:48:40.674372,"{'address': '/hover', 'args': 21}"
2025-05-27T08:48:41.059546,"{'address': '/hover', 'args': 19}"
2025-05-27T08:48:42.626622,"{'address': '/hover', 'args': 23}"
2025-05-27T08:48:42.626151,"{'address': '/hover', 'args': 19}"
2025-05-27T08:48:43.584240,"{'address': '/hover', 'args': 21}"
2025-05-27T08:48:43.690365,"{'address': '/hover', 'args': 9}"
2025-05-27T08:48:43.991296,"{'address': '/hover', 'args': 11}"
2025-05-27T08:48:44.307506,"{'address': '/hover', 'args': 18}"
2025-05-27T08:48:44.599596,"{'address': '/hover', 'args': 13}"
2025-05-27T08:48:44.623649,"{'address': '/hover', 'args': 20}"
2025-05-27T08:48:44.924075,"{'address': '/hover', 'args': 13}"
2025-05-27T08:48:44.931944,"{'address': '/hover', 'args': 14}"
2025-05-27T08:48:44.999462,"{'address': '/hover', 'args': 35}"
2025-05-27T08:48:45.040594,"{'address': '/hover', 'args': 30}"
2025-05-27T08:48:45.149070,"{'address': '/hover', 'args': 11}"
2025-05-27T08:48:45.298803,"{'address': '/hover', 'args': 18}"
2025-05-27T08:48:45.340554,"{'address': '/hover', 'args': 13}"
2025-05-27T08:48:45.440461,"{'address': '/hover', 'args': 14}"
2025-05-27T08:48:45.507365,"{'address': '/hover', 'args': 28}"
2025-05-27T08:48:45.657282,"{'address': '/hover', 'args': 24}"
2025-05-27T08:48:45.673239,"{'address': '/hover', 'args': 20}"
2025-05-27T08:48:45.732058,"{'address': '/hover', 'args': 10}"
2025-05-27T08:48:45.993816,"{'address': '/hover', 'args': 34}"
2025-05-27T08:48:46.073469,"{'address': '/hover', 'args': 7}"
2025-05-27T08:48:46.123626,"{'address': '/hover', 'args': 9}"
2025-05-27T08:48:46.393078,"{'address': '/hover', 'args': 21}"
2025-05-27T08:49:01.695292,"{'address': '/hover', 'args': 8}"
2025-05-27T08:49:01.696341,"{'address': '/hover', 'args': 19}"
2025-05-27T08:54:56.184128,"{'address': '/hover', 'args': 57}"
2025-05-27T08:54:56.184085,"{'address': '/hover', 'args': 44}"
2025-06-11T12:48:17.702792,"{'address': '/hover', 'args': 23}"
2025-06-11T12:48:17.704018,"{'address': '/hover', 'args': 60}"
2025-06-11T12:48:17.759262,"{'address': '/hover', 'args': 7}"
2025-06-11T12:48:18.042830,"{'address': '/hover', 'args': 18}"
2025-06-11T12:48:18.184058,"{'address': '/hover', 'args': 11}"
2025-06-11T12:48:18.208432,"{'address': '/hover', 'args': 30}"
2025-06-11T12:48:20.018307,"{'address': '/hover', 'args': 9}"
2025-06-11T12:48:20.018415,"{'address': '/hover', 'args': 18}"
2025-06-11T12:48:20.059409,"{'address': '/hover', 'args': 7}"
2025-06-11T12:48:20.351197,"{'address': '/hover', 'args': 60}"
2025-06-11T12:48:21.392308,"{'address': '/hover', 'args': 60}"
2025-06-11T12:48:21.475617,"{'address': '/hover', 'args': 7}"
2025-06-11T12:48:21.525447,"{'address': '/hover', 'args': 36}"
2025-06-11T12:48:21.709683,"{'address': '/hover', 'args': 9}"
2025-06-11T12:48:21.968642,"{'address': '/hover', 'args': 18}"
2025-06-11T12:48:21.983886,"{'address': '/hover', 'args': 11}"
2025-06-11T12:48:21.992904,"{'address': '/hover', 'args': 30}"
2025-06-11T12:48:22.042373,"{'address': '/hover', 'args': 35}"
2025-06-11T12:48:22.068141,"{'address': '/hover', 'args': 59}"
2025-06-11T12:48:22.126783,"{'address': '/hover', 'args': 29}"
2025-06-11T12:48:23.784365,"{'address': '/hover', 'args': 35}"
2025-06-11T12:48:23.834294,"{'address': '/hover', 'args': 30}"
2025-06-11T12:48:23.867482,"{'address': '/hover', 'args': 18}"
2025-06-11T12:48:23.968887,"{'address': '/hover', 'args': 20}"
2025-06-11T12:48:23.968958,"{'address': '/hover', 'args': 34}"
2025-06-11T12:48:24.044250,"{'address': '/hover', 'args': 13}"
2025-06-11T12:48:24.075486,"{'address': '/hover', 'args': 14}"
2025-06-11T12:48:24.117615,"{'address': '/hover', 'args': 43}"
2025-06-11T12:48:24.133825,"{'address': '/hover', 'args': 35}"
2025-06-11T12:48:24.168085,"{'address': '/hover', 'args': 29}"
2025-06-11T12:48:24.183364,"{'address': '/hover', 'args': 59}"
2025-06-11T12:48:24.234105,"{'address': '/hover', 'args': 2}"
2025-06-11T12:48:24.276252,"{'address': '/hover', 'args': 11}"
2025-06-11T12:48:24.318507,"{'address': '/hover', 'args': 18}"
2025-06-11T12:48:24.368730,"{'address': '/hover', 'args': 34}"
2025-06-11T12:48:24.375724,"{'address': '/hover', 'args': 20}"
2025-06-11T12:48:24.434278,"{'address': '/hover', 'args': 10}"
2025-06-11T12:48:24.484691,"{'address': '/hover', 'args': 24}"
2025-06-11T12:48:24.576108,"{'address': '/hover', 'args': 28}"
2025-06-11T12:48:24.600997,"{'address': '/hover', 'args': 14}"
2025-06-11T12:48:24.659799,"{'address': '/hover', 'args': 13}"
2025-06-11T12:48:24.760406,"{'address': '/hover', 'args': 30}"
2025-06-11T12:48:24.775837,"{'address': '/hover', 'args': 18}"
2025-06-11T12:48:24.834512,"{'address': '/hover', 'args': 11}"
2025-06-11T12:48:25.067469,"{'address': '/hover', 'args': 9}"
2025-06-11T12:48:25.200100,"{'address': '/hover', 'args': 18}"
2025-06-11T12:48:25.676307,"{'address': '/hover', 'args': 34}"
2025-06-11T12:48:25.684074,"{'address': '/hover', 'args': 20}"
2025-06-11T12:48:25.976120,"{'address': '/hover', 'args': 13}"
2025-06-11T12:48:26.009979,"{'address': '/hover', 'args': 14}"
2025-06-11T12:48:26.129104,"{'address': '/hover', 'args': 30}"
2025-06-11T12:48:26.129312,"{'address': '/hover', 'args': 35}"
2025-06-11T12:48:26.236606,"{'address': '/hover', 'args': 59}"
2025-06-11T12:48:26.551492,"{'address': '/hover', 'args': 2}"
2025-06-11T12:48:26.551551,"{'address': '/hover', 'args': 11}"
2025-06-11T12:48:26.646046,"{'address': '/hover', 'args': 12}"
2025-06-11T12:48:27.339458,"{'address': '/hover', 'args': 18}"
2025-06-11T12:48:27.421689,"{'address': '/hover', 'args': 13}"
2025-06-11T12:48:27.604888,"{'address': '/hover', 'args': 35}"
2025-06-11T12:48:27.638514,"{'address': '/hover', 'args': 30}"
2025-06-11T12:48:27.672219,"{'address': '/hover', 'args': 59}"
2025-06-11T12:48:27.738387,"{'address': '/hover', 'args': 2}"
2025-06-11T12:48:27.868834,"{'address': '/hover', 'args': 12}"
2025-06-11T12:48:27.871683,"{'address': '/hover', 'args': 11}"
2025-06-11T12:48:27.962781,"{'address': '/hover', 'args': 9}"
2025-06-11T12:48:28.089179,"{'address': '/hover', 'args': 18}"
2025-06-11T12:48:28.155571,"{'address': '/hover', 'args': 34}"
2025-06-11T12:48:28.363673,"{'address': '/hover', 'args': 20}"
2025-06-11T12:48:28.388868,"{'address': '/hover', 'args': 13}"
2025-06-11T12:48:28.487318,"{'address': '/hover', 'args': 35}"
2025-06-11T12:48:28.521011,"{'address': '/hover', 'args': 30}"
2025-06-11T12:48:28.613685,"{'address': '/hover', 'args': 11}"
2025-06-11T12:48:28.696614,"{'address': '/hover', 'args': 9}"
2025-06-11T12:48:29.030214,"{'address': '/hover', 'args': 21}"
2025-06-11T12:48:29.073703,"{'address': '/hover', 'args': 23}"
2025-06-11T12:48:29.073648,"{'address': '/hover', 'args': 19}"
2025-06-11T12:49:05.200416,"{'address': '/effectPos', 'args': [0.49164345403899723, 0.5061058344640434]}"
2025-06-11T12:49:05.306766,"{'address': '/effectPos', 'args': [0.49164345403899723, 0.5061058344640434]}"
2025-06-11T12:49:05.334519,"{'address': '/effectPos', 'args': [0.49164345403899723, 0.5223880597014925]}"
2025-06-11T12:49:05.365446,"{'address': '/effectPos', 'args': [0.49164345403899723, 0.5685210312075983]}"
2025-06-11T12:49:05.398804,"{'address': '/effectPos', 'args': [0.49164345403899723, 0.621438263229308]}"
2025-06-11T12:49:05.430014,"{'address': '/effectPos', 'args': [0.49164345403899723, 0.6635006784260515]}"
2025-06-11T12:49:05.464016,"{'address': '/effectPos', 'args': [0.4923398328690808, 0.6879240162822252]}"
2025-06-11T12:49:05.496870,"{'address': '/effectPos', 'args': [0.49303621169916434, 0.6974219810040706]}"
2025-06-11T12:49:06.858945,"{'address': '/hover', 'args': 23}"
2025-06-11T12:49:06.883700,"{'address': '/hover', 'args': 60}"
2025-06-11T12:49:06.908269,"{'address': '/hover', 'args': 7}"
2025-06-11T12:49:06.916585,"{'address': '/hover', 'args': 36}"
2025-06-11T12:49:06.942344,"{'address': '/hover', 'args': 34}"
2025-06-11T12:49:07.259570,"{'address': '/hover', 'args': 18}"
2025-06-11T12:49:07.326361,"{'address': '/hover', 'args': 13}"
2025-06-11T12:49:07.342486,"{'address': '/hover', 'args': 30}"
2025-06-11T12:49:07.575735,"{'address': '/hover', 'args': 18}"
2025-06-11T12:49:07.684548,"{'address': '/hover', 'args': 34}"
2025-06-11T12:49:07.783944,"{'address': '/hover', 'args': 15}"
2025-06-11T12:49:07.824570,"{'address': '/hover', 'args': 10}"
2025-06-11T12:49:07.917769,"{'address': '/hover', 'args': 17}"
2025-06-11T12:49:07.934733,"{'address': '/hover', 'args': 24}"
2025-06-11T12:49:08.066538,"{'address': '/hover', 'args': 28}"
2025-06-11T12:49:08.143481,"{'address': '/hover', 'args': 14}"
2025-06-11T12:49:08.301394,"{'address': '/hover', 'args': 13}"
2025-06-11T12:49:08.409506,"{'address': '/hover', 'args': 30}"
2025-06-11T12:49:08.459105,"{'address': '/hover', 'args': 18}"
2025-06-11T12:49:08.592821,"{'address': '/hover', 'args': 11}"
2025-06-11T12:49:08.642922,"{'address': '/hover', 'args': 2}"
2025-06-11T12:49:08.658162,"{'address': '/hover', 'args': 59}"
2025-06-11T12:49:08.718063,"{'address': '/hover', 'args': 5}"
2025-06-11T12:49:08.868930,"{'address': '/hover', 'args': 33}"
2025-06-11T12:49:09.375839,"{'address': '/hover', 'args': 12}"
2025-06-11T12:49:09.601460,"{'address': '/hover', 'args': 6}"
2025-06-11T12:49:09.776457,"{'address': '/hover', 'args': 9}"
2025-06-11T12:49:09.908614,"{'address': '/hover', 'args': 11}"
2025-06-11T12:49:09.941830,"{'address': '/hover', 'args': 18}"
2025-06-11T12:49:10.225944,"{'address': '/hover', 'args': 2}"
2025-06-11T12:49:10.242132,"{'address': '/hover', 'args': 12}"
2025-06-11T12:49:10.317927,"{'address': '/hover', 'args': 33}"
2025-06-11T12:49:10.402307,"{'address': '/hover', 'args': 5}"
2025-06-11T12:49:10.767828,"{'address': '/hover', 'args': 59}"
2025-06-11T12:49:11.151900,"{'address': '/hover', 'args': 35}"
2025-06-11T12:49:11.451163,"{'address': '/hover', 'args': 14}"
2025-06-11T12:49:11.708927,"{'address': '/hover', 'args': 28}"
2025-06-11T12:49:11.900871,"{'address': '/hover', 'args': 13}"
2025-06-11T12:49:12.143305,"{'address': '/hover', 'args': 14}"
2025-06-11T12:49:12.260170,"{'address': '/hover', 'args': 43}"
2025-06-11T12:49:12.451532,"{'address': '/hover', 'args': 35}"
2025-06-11T12:49:12.501086,"{'address': '/hover', 'args': 29}"
2025-06-11T12:49:12.525360,"{'address': '/hover', 'args': 59}"
2025-06-11T12:49:12.600673,"{'address': '/hover', 'args': 5}"
2025-06-11T12:49:12.750808,"{'address': '/hover', 'args': 2}"
2025-06-11T12:49:12.992643,"{'address': '/hover', 'args': 30}"
2025-06-11T12:49:13.259815,"{'address': '/hover', 'args': 2}"
2025-06-11T12:49:13.417910,"{'address': '/hover', 'args': 33}"
2025-06-11T12:49:13.709684,"{'address': '/hover', 'args': 12}"
2025-06-11T12:49:13.783699,"{'address': '/hover', 'args': 11}"
2025-06-11T12:49:13.901850,"{'address': '/hover', 'args': 30}"
2025-06-11T12:49:14.185008,"{'address': '/hover', 'args': 59}"
2025-06-11T12:49:14.217357,"{'address': '/hover', 'args': 2}"
2025-06-11T12:49:14.351195,"{'address': '/hover', 'args': 33}"
2025-06-11T12:49:14.358540,"{'address': '/hover', 'args': 12}"
2025-06-11T12:49:14.742496,"{'address': '/hover', 'args': 2}"
2025-06-11T12:49:14.933704,"{'address': '/hover', 'args': 59}"
2025-06-11T12:49:14.958477,"{'address': '/hover', 'args': 5}"
2025-06-11T12:49:15.143046,"{'address': '/hover', 'args': 30}"
2025-06-11T12:49:15.634665,"{'address': '/hover', 'args': 59}"
2025-06-11T12:49:15.968119,"{'address': '/hover', 'args': 30}"
2025-06-11T12:49:16.243381,"{'address': '/hover', 'args': 35}"
2025-06-11T12:49:16.275762,"{'address': '/hover', 'args': 13}"
2025-06-11T12:49:16.574862,"{'address': '/hover', 'args': 14}"
2025-06-11T12:49:16.651260,"{'address': '/hover', 'args': 28}"
2025-06-11T12:49:16.809164,"{'address': '/hover', 'args': 35}"
2025-06-11T12:49:16.867865,"{'address': '/hover', 'args': 30}"
2025-06-11T12:49:16.884906,"{'address': '/hover', 'args': 59}"
2025-06-11T12:49:17.334367,"{'address': '/hover', 'args': 59}"
2025-06-11T12:49:17.350556,"{'address': '/hover', 'args': 35}"
2025-06-11T12:49:17.418400,"{'address': '/hover', 'args': 29}"
2025-06-11T12:49:17.667330,"{'address': '/hover', 'args': 30}"
2025-06-11T12:49:18.059044,"{'address': '/hover', 'args': 35}"
2025-06-11T12:49:18.067309,"{'address': '/hover', 'args': 29}"
2025-06-11T12:49:18.192964,"{'address': '/hover', 'args': 14}"
2025-06-11T12:49:18.234659,"{'address': '/hover', 'args': 28}"
2025-06-11T12:49:18.292849,"{'address': '/hover', 'args': 16}"
2025-06-11T12:49:18.384565,"{'address': '/hover', 'args': 17}"
2025-06-11T12:49:18.527011,"{'address': '/hover', 'args': 10}"
2025-06-11T12:49:18.634835,"{'address': '/hover', 'args': 20}"
2025-06-11T12:49:18.925940,"{'address': '/hover', 'args': 10}"
2025-06-11T12:49:19.326926,"{'address': '/hover', 'args': 34}"
2025-06-11T12:49:19.417019,"{'address': '/hover', 'args': 36}"
2025-06-11T12:49:19.484138,"{'address': '/hover', 'args': 7}"
2025-06-11T12:49:19.585012,"{'address': '/hover', 'args': 18}"
2025-06-11T12:49:19.892448,"{'address': '/hover', 'args': 34}"
2025-06-11T12:49:20.008657,"{'address': '/hover', 'args': 10}"
2025-06-11T12:49:20.075143,"{'address': '/hover', 'args': 24}"
2025-06-11T12:49:20.335705,"{'address': '/hover', 'args': 28}"
2025-06-11T12:49:20.368202,"{'address': '/hover', 'args': 14}"
2025-06-11T12:49:20.443055,"{'address': '/hover', 'args': 43}"
2025-06-11T12:49:20.943135,"{'address': '/hover', 'args': 1}"
2025-06-11T12:49:21.058798,"{'address': '/hover', 'args': 4}"
2025-06-11T12:49:21.410023,"{'address': '/hover', 'args': 4}"
2025-06-11T12:49:21.475064,"{'address': '/hover', 'args': 52}"
2025-06-11T12:49:21.508302,"{'address': '/hover', 'args': 3}"
2025-06-11T12:49:21.884755,"{'address': '/hover', 'args': 54}"
2025-06-11T12:49:22.434854,"{'address': '/hover', 'args': 50}"
2025-06-11T12:49:22.567209,"{'address': '/hover', 'args': 51}"
2025-06-11T12:49:22.809848,"{'address': '/hover', 'args': 45}"
2025-06-11T12:49:22.825420,"{'address': '/hover', 'args': 55}"
2025-06-11T12:49:22.934842,"{'address': '/hover', 'args': 3}"
2025-06-11T12:49:23.301400,"{'address': '/hover', 'args': 55}"
2025-06-11T12:49:23.426291,"{'address': '/hover', 'args': 43}"
2025-06-11T12:49:23.450754,"{'address': '/hover', 'args': 45}"
2025-06-11T12:49:23.934280,"{'address': '/hover', 'args': 43}"
2025-06-11T12:49:24.001516,"{'address': '/hover', 'args': 35}"
2025-06-11T12:49:24.060142,"{'address': '/hover', 'args': 14}"
2025-06-11T12:49:24.284977,"{'address': '/hover', 'args': 1}"
2025-06-11T12:49:25.125775,"{'address': '/hover', 'args': 4}"
2025-06-11T12:49:25.149868,"{'address': '/hover', 'args': 28}"
2025-06-11T12:49:25.226704,"{'address': '/hover', 'args': 16}"
2025-06-11T12:49:25.775820,"{'address': '/hover', 'args': 28}"
2025-06-11T12:49:25.808782,"{'address': '/hover', 'args': 4}"
2025-06-11T12:49:25.933942,"{'address': '/hover', 'args': 1}"
2025-06-11T12:49:25.966944,"{'address': '/hover', 'args': 3}"
2025-06-11T12:49:26.401306,"{'address': '/hover', 'args': 1}"
2025-06-11T12:49:26.450946,"{'address': '/hover', 'args': 4}"
2025-06-11T12:49:27.409600,"{'address': '/hover', 'args': 1}"
2025-06-11T12:49:28.059675,"{'address': '/hover', 'args': 4}"
2025-06-11T12:49:28.134825,"{'address': '/hover', 'args': 28}"
2025-06-11T12:49:28.617296,"{'address': '/hover', 'args': 14}"
2025-06-11T12:49:28.768706,"{'address': '/hover', 'args': 43}"
2025-06-11T12:49:29.034034,"{'address': '/hover', 'args': 45}"
2025-06-11T12:49:29.126984,"{'address': '/hover', 'args': 55}"
2025-06-11T12:49:29.317427,"{'address': '/hover', 'args': 1}"
2025-06-11T12:49:29.391891,"{'address': '/hover', 'args': 3}"
2025-06-11T12:49:29.701633,"{'address': '/hover', 'args': 55}"
2025-06-11T12:49:29.734586,"{'address': '/hover', 'args': 1}"
2025-06-11T12:49:30.160037,"{'address': '/hover', 'args': 43}"
2025-06-11T12:49:30.183498,"{'address': '/hover', 'args': 55}"
2025-06-11T12:49:30.242183,"{'address': '/hover', 'args': 45}"
2025-06-11T12:49:30.651462,"{'address': '/hover', 'args': 35}"
2025-06-11T12:49:31.050657,"{'address': '/hover', 'args': 13}"
2025-06-11T12:49:31.193164,"{'address': '/hover', 'args': 14}"
2025-06-11T12:49:31.218267,"{'address': '/hover', 'args': 28}"
2025-06-11T12:49:31.443110,"{'address': '/hover', 'args': 13}"
2025-06-11T12:49:31.450409,"{'address': '/hover', 'args': 20}"
2025-06-11T12:49:31.760065,"{'address': '/hover', 'args': 18}"
2025-06-11T12:49:31.809637,"{'address': '/hover', 'args': 34}"
2025-06-11T12:49:32.183755,"{'address': '/hover', 'args': 7}"
2025-06-11T12:49:32.301068,"{'address': '/hover', 'args': 36}"
2025-06-11T12:49:32.742256,"{'address': '/hover', 'args': 10}"
2025-06-11T12:49:32.768047,"{'address': '/hover', 'args': 20}"
2025-06-11T12:49:32.877151,"{'address': '/hover', 'args': 13}"
2025-06-11T12:49:32.892144,"{'address': '/hover', 'args': 18}"
2025-06-11T12:51:32.301424,"{'address': '/hover', 'args': 38}"
2025-06-11T12:51:32.301717,"{'address': '/hover', 'args': 56}"
2025-06-12T09:36:44.582667,"{'address': '/hover', 'args': 19}"
2025-06-12T09:36:44.612584,"{'address': '/hover', 'args': 21}"
2025-06-12T09:36:45.171011,"{'address': '/hover', 'args': 9}"
2025-06-12T09:36:45.230023,"{'address': '/hover', 'args': 7}"
2025-06-12T09:36:45.730357,"{'address': '/hover', 'args': 11}"
2025-06-12T09:36:46.330029,"{'address': '/hover', 'args': 30}"
2025-06-12T09:36:47.122096,"{'address': '/hover', 'args': 18}"
2025-06-12T09:36:47.513400,"{'address': '/hover', 'args': 13}"
2025-06-12T09:37:50.629599,"{'address': '/hover', 'args': 9}"
2025-06-12T09:37:50.745759,"{'address': '/hover', 'args': 11}"
2025-06-12T09:37:51.297168,"{'address': '/hover', 'args': 30}"
2025-06-12T09:37:51.304426,"{'address': '/hover', 'args': 18}"
2025-06-12T09:37:51.929876,"{'address': '/hover', 'args': 59}"
2025-06-12T09:37:51.945905,"{'address': '/hover', 'args': 35}"
2025-06-12T09:37:52.003833,"{'address': '/hover', 'args': 29}"
2025-06-12T09:37:52.262649,"{'address': '/hover', 'args': 58}"
2025-06-12T09:37:52.272456,"{'address': '/hover', 'args': 40}"
2025-06-12T09:37:52.287389,"{'address': '/hover', 'args': 39}"
2025-06-12T09:37:55.937327,"{'address': '/hover', 'args': 38}"
2025-06-12T09:37:55.957132,"{'address': '/hover', 'args': 41}"
2025-06-12T09:37:56.182187,"{'address': '/hover', 'args': 46}"
2025-06-12T09:37:56.213874,"{'address': '/hover', 'args': 44}"
2025-06-12T09:37:56.223072,"{'address': '/hover', 'args': 33}"
2025-06-12T09:37:58.190182,"{'address': '/hover', 'args': 56}"
2025-06-12T09:38:25.155119,"{'address': '/hover', 'args': 5}"
2025-06-12T09:38:25.155358,"{'address': '/hover', 'args': 46}"
2025-06-12T09:38:42.082708,"{'address': '/hover', 'args': 41}"
2025-06-12T09:40:27.866144,"{'address': '/hover', 'args': 6}"
2025-06-12T09:40:27.866822,"{'address': '/hover', 'args': 31}"
2025-06-12T09:40:27.990486,"{'address': '/hover', 'args': 8}"
2025-06-12T09:40:44.457844,"{'address': '/hover', 'args': 38}"
2025-06-12T09:40:44.481815,"{'address': '/hover', 'args': 41}"
2025-06-12T09:40:44.490036,"{'address': '/hover', 'args': 46}"
2025-06-12T09:40:44.549074,"{'address': '/hover', 'args': 5}"
2025-06-12T09:40:44.777184,"{'address': '/hover', 'args': 33}"
2025-06-12T09:40:45.241915,"{'address': '/hover', 'args': 46}"
2025-06-12T09:40:45.316073,"{'address': '/hover', 'args': 41}"
2025-06-12T09:40:47.942660,"{'address': '/hover', 'args': 5}"
2025-06-12T09:40:47.958122,"{'address': '/hover', 'args': 33}"
2025-06-12T09:40:48.023926,"{'address': '/hover', 'args': 2}"
2025-06-12T09:40:48.324071,"{'address': '/hover', 'args': 12}"
2025-06-12T09:40:48.482616,"{'address': '/hover', 'args': 11}"
2025-06-12T09:40:48.649210,"{'address': '/hover', 'args': 2}"
2025-06-12T09:40:48.876011,"{'address': '/hover', 'args': 33}"
2025-06-12T09:40:49.066128,"{'address': '/hover', 'args': 12}"
2025-06-12T09:40:50.548912,"{'address': '/hover', 'args': 11}"
2025-06-12T09:40:50.724231,"{'address': '/hover', 'args': 30}"
2025-06-12T09:40:50.915859,"{'address': '/hover', 'args': 2}"
2025-06-12T09:40:50.991311,"{'address': '/hover', 'args': 12}"
2025-06-12T09:40:51.993375,"{'address': '/hover', 'args': 6}"
2025-06-12T09:40:51.999435,"{'address': '/hover', 'args': 31}"
2025-06-12T09:40:52.242326,"{'address': '/hover', 'args': 8}"
2025-06-12T09:40:53.557330,"{'address': '/hover', 'args': 19}"
2025-06-12T09:40:53.565475,"{'address': '/hover', 'args': 21}"
2025-06-12T09:40:57.632307,"{'address': '/hover', 'args': 6}"
2025-06-12T09:40:57.640274,"{'address': '/hover', 'args': 9}"
2025-06-12T09:40:57.672648,"{'address': '/hover', 'args': 11}"
2025-06-12T09:40:57.891080,"{'address': '/hover', 'args': 2}"
2025-06-12T09:40:57.915583,"{'address': '/hover', 'args': 12}"
2025-06-12T09:40:58.207458,"{'address': '/hover', 'args': 33}"
2025-06-12T09:40:58.424105,"{'address': '/hover', 'args': 59}"
2025-06-12T09:40:58.457869,"{'address': '/hover', 'args': 30}"
2025-06-12T09:40:58.473832,"{'address': '/hover', 'args': 35}"
2025-06-12T09:40:58.791049,"{'address': '/hover', 'args': 30}"
2025-06-12T09:40:58.973880,"{'address': '/hover', 'args': 13}"
2025-06-12T09:40:59.098990,"{'address': '/hover', 'args': 14}"
2025-06-12T09:40:59.273849,"{'address': '/hover', 'args': 43}"
2025-06-12T09:40:59.357471,"{'address': '/hover', 'args': 1}"
2025-06-12T09:40:59.523947,"{'address': '/hover', 'args': 14}"
2025-06-12T09:40:59.651377,"{'address': '/hover', 'args': 35}"
2025-06-12T09:40:59.674205,"{'address': '/hover', 'args': 13}"
2025-06-12T09:40:59.741298,"{'address': '/hover', 'args': 30}"
2025-06-12T09:40:59.932579,"{'address': '/hover', 'args': 59}"
2025-06-12T09:41:00.066600,"{'address': '/hover', 'args': 2}"
2025-06-12T09:41:00.407598,"{'address': '/hover', 'args': 2}"
2025-06-12T09:41:00.491093,"{'address': '/hover', 'args': 33}"
2025-06-12T09:41:00.556383,"{'address': '/hover', 'args': 12}"
2025-06-12T09:41:00.775899,"{'address': '/hover', 'args': 11}"
2025-06-12T09:41:01.114942,"{'address': '/hover', 'args': 30}"
2025-06-12T09:41:01.324211,"{'address': '/hover', 'args': 35}"
2025-06-12T09:41:01.366109,"{'address': '/hover', 'args': 59}"
2025-06-12T09:41:01.549288,"{'address': '/hover', 'args': 13}"
2025-06-12T09:41:01.599177,"{'address': '/hover', 'args': 30}"
2025-06-12T09:41:01.673526,"{'address': '/hover', 'args': 18}"
2025-06-12T09:41:01.800444,"{'address': '/hover', 'args': 11}"
2025-06-12T09:41:02.049222,"{'address': '/hover', 'args': 30}"
2025-06-12T09:41:02.315632,"{'address': '/hover', 'args': 59}"
2025-06-12T09:41:02.432574,"{'address': '/hover', 'args': 2}"
2025-06-12T09:41:02.574022,"{'address': '/hover', 'args': 12}"
2025-06-12T09:41:02.890651,"{'address': '/hover', 'args': 33}"
2025-06-12T09:41:03.099449,"{'address': '/hover', 'args': 30}"
2025-06-12T09:41:03.174543,"{'address': '/hover', 'args': 35}"
2025-06-12T09:41:03.174438,"{'address': '/hover', 'args': 13}"
2025-06-12T09:41:03.207972,"{'address': '/hover', 'args': 14}"
2025-06-12T09:41:03.292294,"{'address': '/hover', 'args': 28}"
2025-06-12T09:41:03.324092,"{'address': '/hover', 'args': 1}"
2025-06-12T09:41:03.408008,"{'address': '/hover', 'args': 4}"
2025-06-12T09:41:04.026632,"{'address': '/hover', 'args': 3}"
2025-06-12T09:41:04.267646,"{'address': '/hover', 'args': 1}"
2025-06-12T09:41:04.315801,"{'address': '/hover', 'args': 43}"
2025-06-12T09:41:04.340582,"{'address': '/hover', 'args': 14}"
2025-06-12T09:41:04.382471,"{'address': '/hover', 'args': 35}"
2025-06-12T09:41:04.524229,"{'address': '/hover', 'args': 28}"
2025-06-12T09:41:04.565525,"{'address': '/hover', 'args': 4}"
2025-06-12T09:41:04.783002,"{'address': '/hover', 'args': 14}"
2025-06-12T09:41:04.832907,"{'address': '/hover', 'args': 13}"
2025-06-12T09:41:05.133617,"{'address': '/hover', 'args': 30}"
2025-06-12T09:41:05.156969,"{'address': '/hover', 'args': 18}"
2025-06-12T09:41:05.199661,"{'address': '/hover', 'args': 11}"
2025-06-12T09:41:05.491281,"{'address': '/hover', 'args': 30}"
2025-06-12T09:41:05.531430,"{'address': '/hover', 'args': 35}"
2025-06-12T09:41:05.606623,"{'address': '/hover', 'args': 43}"
2025-06-12T09:41:05.766649,"{'address': '/hover', 'args': 29}"
2025-06-12T09:41:05.782164,"{'address': '/hover', 'args': 59}"
2025-06-12T09:41:05.833664,"{'address': '/hover', 'args': 5}"
2025-06-12T09:41:05.916313,"{'address': '/hover', 'args': 2}"
2025-06-12T09:41:06.041704,"{'address': '/hover', 'args': 33}"
2025-06-12T09:41:06.398728,"{'address': '/hover', 'args': 59}"
2025-06-12T09:41:06.432910,"{'address': '/hover', 'args': 35}"
2025-06-12T09:41:06.524109,"{'address': '/hover', 'args': 43}"
2025-06-12T09:41:06.634347,"{'address': '/hover', 'args': 14}"
2025-06-12T09:41:06.666004,"{'address': '/hover', 'args': 1}"
2025-06-12T09:41:06.790786,"{'address': '/hover', 'args': 35}"
2025-06-12T09:41:06.808098,"{'address': '/hover', 'args': 13}"
2025-06-12T09:41:06.808194,"{'address': '/hover', 'args': 30}"
2025-06-12T09:41:06.833441,"{'address': '/hover', 'args': 11}"
2025-06-12T09:41:06.856966,"{'address': '/hover', 'args': 12}"
2025-06-12T09:41:06.875865,"{'address': '/hover', 'args': 6}"
2025-06-12T09:41:06.916741,"{'address': '/hover', 'args': 31}"
2025-06-12T09:41:07.208866,"{'address': '/hover', 'args': 30}"
2025-06-12T09:41:08.184485,"{'address': '/hover', 'args': 59}"
2025-06-12T09:41:09.749089,"{'address': '/hover', 'args': 30}"
2025-06-12T09:41:10.100764,"{'address': '/hover', 'args': 2}"
2025-06-12T09:41:21.240546,"{'address': '/hover', 'args': 58}"
2025-06-12T09:41:22.048777,"{'address': '/hover', 'args': 40}"
2025-06-12T09:43:55.014514,"{'address': '/hover', 'args': 41}"
2025-06-12T09:43:55.014706,"{'address': '/hover', 'args': 58}"
2025-06-12T09:56:12.466819,"{'address': '/hover', 'args': 9}"
2025-06-12T09:56:12.508399,"{'address': '/hover', 'args': 6}"
2025-06-12T09:56:12.752658,"{'address': '/hover', 'args': 8}"
2025-06-12T09:57:59.761978,"{'address': '/hover', 'args': 19}"
2025-06-12T09:57:59.778248,"{'address': '/hover', 'args': 21}"
2025-06-12T09:58:04.963738,"{'address': '/hover', 'args': 9}"
2025-06-12T09:58:05.403628,"{'address': '/hover', 'args': 11}"
2025-06-12T09:58:05.886824,"{'address': '/hover', 'args': 30}"
2025-06-12T09:58:06.303782,"{'address': '/hover', 'args': 59}"
2025-06-12T09:58:06.370527,"{'address': '/hover', 'args': 2}"
2025-06-12T09:58:06.502809,"{'address': '/hover', 'args': 33}"
2025-06-12T09:58:06.803555,"{'address': '/hover', 'args': 30}"
2025-06-12T09:58:07.504076,"{'address': '/hover', 'args': 35}"
2025-06-12T09:58:07.604163,"{'address': '/hover', 'args': 13}"
2025-06-12T09:58:07.621662,"{'address': '/hover', 'args': 14}"
2025-06-12T09:58:07.895005,"{'address': '/hover', 'args': 35}"
2025-06-12T09:58:07.978805,"{'address': '/hover', 'args': 43}"
2025-06-12T09:58:07.994629,"{'address': '/hover', 'args': 14}"
2025-06-12T09:58:08.353413,"{'address': '/hover', 'args': 1}"
2025-06-12T09:58:08.437094,"{'address': '/hover', 'args': 4}"
2025-06-12T09:58:08.638737,"{'address': '/hover', 'args': 3}"
2025-06-12T09:58:08.736429,"{'address': '/hover', 'args': 55}"
2025-06-12T09:58:08.796020,"{'address': '/hover', 'args': 43}"
2025-06-12T09:58:08.870372,"{'address': '/hover', 'args': 35}"
2025-06-12T09:58:11.813451,"{'address': '/hover', 'args': 13}"
2025-06-12T09:58:11.995038,"{'address': '/hover', 'args': 14}"
2025-06-12T09:58:12.069944,"{'address': '/hover', 'args': 28}"
2025-06-12T09:58:12.144929,"{'address': '/hover', 'args': 1}"
2025-06-12T09:58:12.204176,"{'address': '/hover', 'args': 4}"
2025-06-12T09:58:12.613526,"{'address': '/hover', 'args': 3}"
2025-06-12T09:58:12.911287,"{'address': '/hover', 'args': 43}"
2025-06-12T09:58:12.936435,"{'address': '/hover', 'args': 14}"
2025-06-12T09:58:12.953113,"{'address': '/hover', 'args': 35}"
2025-06-12T09:58:13.003430,"{'address': '/hover', 'args': 30}"
2025-06-12T09:58:13.222473,"{'address': '/hover', 'args': 59}"
2025-06-12T09:58:13.244477,"{'address': '/hover', 'args': 2}"
2025-06-12T09:58:13.296369,"{'address': '/hover', 'args': 12}"
2025-06-12T09:58:13.296841,"{'address': '/hover', 'args': 33}"
2025-06-12T09:58:13.661409,"{'address': '/hover', 'args': 11}"
2025-06-12T09:58:13.720195,"{'address': '/hover', 'args': 30}"
2025-06-12T09:58:13.769637,"{'address': '/hover', 'args': 35}"
2025-06-12T09:58:13.795084,"{'address': '/hover', 'args': 13}"
2025-06-12T09:58:13.845107,"{'address': '/hover', 'args': 14}"
2025-06-12T09:58:13.936952,"{'address': '/hover', 'args': 1}"
2025-06-12T09:58:14.094641,"{'address': '/hover', 'args': 43}"
2025-06-12T09:58:14.119801,"{'address': '/hover', 'args': 35}"
2025-06-12T09:58:14.153769,"{'address': '/hover', 'args': 30}"
2025-06-12T09:58:14.154159,"{'address': '/hover', 'args': 59}"
2025-06-12T09:58:14.177970,"{'address': '/hover', 'args': 2}"
2025-06-12T09:58:14.303423,"{'address': '/hover', 'args': 11}"
2025-06-12T09:58:14.327905,"{'address': '/hover', 'args': 12}"
2025-06-12T09:58:14.510583,"{'address': '/hover', 'args': 2}"
2025-06-12T09:58:14.536280,"{'address': '/hover', 'args': 30}"
2025-06-12T09:58:14.561588,"{'address': '/hover', 'args': 13}"
2025-06-12T09:58:14.595571,"{'address': '/hover', 'args': 14}"
2025-06-12T09:58:14.670766,"{'address': '/hover', 'args': 1}"
2025-06-12T09:58:15.037103,"{'address': '/hover', 'args': 43}"
2025-06-12T09:58:15.088017,"{'address': '/hover', 'args': 35}"
2025-06-12T09:58:15.203643,"{'address': '/hover', 'args': 14}"
2025-06-12T09:58:15.245901,"{'address': '/hover', 'args': 4}"
2025-06-12T09:58:15.277604,"{'address': '/hover', 'args': 52}"
2025-06-12T09:58:15.387477,"{'address': '/hover', 'args': 1}"
2025-06-12T09:58:15.769457,"{'address': '/hover', 'args': 35}"
2025-06-12T09:58:15.777577,"{'address': '/hover', 'args': 13}"
2025-06-12T09:58:15.795590,"{'address': '/hover', 'args': 30}"
2025-06-12T09:58:15.845110,"{'address': '/hover', 'args': 11}"
2025-06-12T09:58:16.904561,"{'address': '/hover', 'args': 9}"
2025-06-12T09:58:16.961782,"{'address': '/hover', 'args': 21}"
2025-06-12T09:58:17.239186,"{'address': '/hover', 'args': 23}"
2025-06-12T09:58:17.487603,"{'address': '/hover', 'args': 60}"
2025-06-12T10:00:39.728013,"{'address': '/hover', 'args': 41}"
2025-06-12T10:00:39.729665,"{'address': '/hover', 'args': 58}"
2025-06-12T10:04:45.796886,"{'address': '/hover', 'args': 37}"
2025-06-12T10:04:45.798992,"{'address': '/hover', 'args': 56}"
2025-06-12T10:04:45.804617,"{'address': '/hover', 'args': 38}"
2025-06-12T10:05:04.595585,"{'address': '/hover', 'args': 46}"
2025-06-12T10:06:54.854121,"{'address': '/hover', 'args': 23}"
2025-06-12T10:06:54.854701,"{'address': '/hover', 'args': 60}"
2025-06-12T10:06:55.152937,"{'address': '/hover', 'args': 19}"
2025-06-12T10:07:04.598031,"{'address': '/hover', 'args': 39}"
2025-06-12T10:07:04.627402,"{'address': '/hover', 'args': 58}"
2025-06-12T10:07:04.635259,"{'address': '/hover', 'args': 40}"
2025-06-12T10:07:04.878260,"{'address': '/hover', 'args': 29}"
2025-06-12T10:07:04.910122,"{'address': '/hover', 'args': 59}"
2025-06-12T10:07:04.927785,"{'address': '/hover', 'args': 35}"
2025-06-12T10:07:04.945022,"{'address': '/hover', 'args': 30}"
2025-06-12T10:07:05.246381,"{'address': '/hover', 'args': 11}"
2025-06-12T10:07:05.253040,"{'address': '/hover', 'args': 18}"
2025-06-12T10:07:05.514506,"{'address': '/hover', 'args': 9}"
2025-06-12T10:07:05.570188,"{'address': '/hover', 'args': 21}"
2025-06-12T10:07:07.919829,"{'address': '/hover', 'args': 9}"
2025-06-12T10:07:07.943865,"{'address': '/hover', 'args': 7}"
2025-06-12T10:07:08.002547,"{'address': '/hover', 'args': 18}"
2025-06-12T10:07:08.436420,"{'address': '/hover', 'args': 30}"
2025-06-12T10:07:08.778217,"{'address': '/hover', 'args': 11}"
2025-06-12T10:07:08.785955,"{'address': '/hover', 'args': 2}"
2025-06-12T10:07:08.828681,"{'address': '/hover', 'args': 12}"
2025-06-12T10:07:09.434835,"{'address': '/hover', 'args': 30}"
2025-06-12T10:07:09.468966,"{'address': '/hover', 'args': 18}"
2025-06-12T10:07:09.677653,"{'address': '/hover', 'args': 59}"
2025-06-12T10:07:09.794011,"{'address': '/hover', 'args': 2}"
2025-06-12T10:07:09.936249,"{'address': '/hover', 'args': 11}"
2025-06-12T10:07:10.020330,"{'address': '/hover', 'args': 13}"
2025-06-12T10:07:10.094856,"{'address': '/hover', 'args': 14}"
2025-06-12T10:07:10.404491,"{'address': '/hover', 'args': 28}"
2025-06-12T10:07:10.444527,"{'address': '/hover', 'args': 1}"
2025-06-12T10:07:10.570905,"{'address': '/hover', 'args': 35}"
2025-06-12T10:07:10.594442,"{'address': '/hover', 'args': 30}"
2025-06-12T10:07:10.602251,"{'address': '/hover', 'args': 59}"
2025-06-12T10:07:10.619229,"{'address': '/hover', 'args': 2}"
2025-06-12T10:07:10.819672,"{'address': '/hover', 'args': 14}"
2025-06-12T10:07:10.869849,"{'address': '/hover', 'args': 1}"
2025-06-12T10:07:10.985915,"{'address': '/hover', 'args': 4}"
2025-06-12T10:07:11.087520,"{'address': '/hover', 'args': 35}"
2025-06-12T10:07:11.087450,"{'address': '/hover', 'args': 13}"
2025-06-12T10:07:11.102985,"{'address': '/hover', 'args': 30}"
2025-06-12T10:07:11.313902,"{'address': '/hover', 'args': 14}"
2025-06-12T10:07:11.486243,"{'address': '/hover', 'args': 43}"
2025-06-12T10:07:11.503458,"{'address': '/hover', 'args': 35}"
2025-06-12T10:07:11.554297,"{'address': '/hover', 'args': 59}"
2025-06-12T10:07:11.586188,"{'address': '/hover', 'args': 29}"
2025-06-12T10:07:11.835286,"{'address': '/hover', 'args': 30}"
2025-06-12T10:07:11.977984,"{'address': '/hover', 'args': 18}"
2025-06-12T10:07:12.194704,"{'address': '/hover', 'args': 11}"
2025-06-12T10:07:12.237697,"{'address': '/hover', 'args': 6}"
2025-06-12T10:07:12.295191,"{'address': '/hover', 'args': 8}"
2025-06-12T10:07:15.045887,"{'address': '/hover', 'args': 11}"
2025-06-12T10:08:35.019238,"{'address': '/hover', 'args': 46}"
2025-06-12T10:08:54.312938,"{'address': '/hover', 'args': 41}"
2025-06-12T10:08:54.313103,"{'address': '/hover', 'args': 58}"
2025-06-12T10:13:54.992767,"{'address': '/hover', 'args': 8}"
2025-06-12T10:13:54.994359,"{'address': '/hover', 'args': 19}"
2025-06-12T10:13:55.005298,"{'address': '/hover', 'args': 21}"
2025-06-12T10:14:00.898841,"{'address': '/hover', 'args': 21}"
2025-06-12T10:14:02.516045,"{'address': '/hover', 'args': 9}"
2025-06-12T10:14:02.782651,"{'address': '/hover', 'args': 6}"
2025-06-12T10:14:02.856211,"{'address': '/hover', 'args': 11}"
2025-06-12T10:14:03.231142,"{'address': '/hover', 'args': 12}"
2025-06-12T10:14:03.273633,"{'address': '/hover', 'args': 2}"
2025-06-12T10:14:03.541259,"{'address': '/hover', 'args': 11}"
2025-06-12T10:14:06.297744,"{'address': '/hover', 'args': 30}"
2025-06-12T10:14:06.455509,"{'address': '/hover', 'args': 2}"
2025-06-12T10:14:06.489035,"{'address': '/hover', 'args': 12}"
2025-06-12T10:14:06.680461,"{'address': '/hover', 'args': 30}"
2025-06-12T10:14:06.982420,"{'address': '/hover', 'args': 13}"
2025-06-12T10:14:07.031133,"{'address': '/hover', 'args': 35}"
2025-06-12T10:14:07.047663,"{'address': '/hover', 'args': 14}"
2025-06-12T10:14:07.090015,"{'address': '/hover', 'args': 1}"
2025-06-12T10:14:07.222431,"{'address': '/hover', 'args': 43}"
2025-06-12T10:14:07.363318,"{'address': '/hover', 'args': 35}"
2025-06-12T10:14:07.523727,"{'address': '/hover', 'args': 13}"
2025-06-12T10:14:07.530646,"{'address': '/hover', 'args': 14}"
2025-06-12T10:14:07.572006,"{'address': '/hover', 'args': 28}"
2025-06-12T10:14:07.848254,"{'address': '/hover', 'args': 4}"
2025-06-12T10:14:07.956107,"{'address': '/hover', 'args': 28}"
2025-06-12T10:14:07.997778,"{'address': '/hover', 'args': 14}"
2025-06-12T10:14:08.047677,"{'address': '/hover', 'args': 13}"
2025-06-12T10:14:08.432857,"{'address': '/hover', 'args': 35}"
2025-06-12T10:14:08.446546,"{'address': '/hover', 'args': 30}"
2025-06-12T10:14:09.791406,"{'address': '/hover', 'args': 2}"
2025-06-12T10:14:10.131435,"{'address': '/hover', 'args': 12}"
2025-06-12T10:14:10.505678,"{'address': '/hover', 'args': 11}"
2025-06-12T13:07:37.069294,"{'address': '/hover', 'args': 60}"
2025-06-12T13:07:37.117996,"{'address': '/hover', 'args': 36}"
2025-06-12T13:07:37.133632,"{'address': '/hover', 'args': 7}"
2025-06-12T13:07:38.376985,"{'address': '/hover', 'args': 30}"
2025-06-12T13:07:38.774912,"{'address': '/hover', 'args': 59}"
2025-06-12T13:07:38.808259,"{'address': '/hover', 'args': 29}"
2025-06-12T13:07:38.824696,"{'address': '/hover', 'args': 58}"
2025-06-12T13:07:38.850346,"{'address': '/hover', 'args': 40}"
2025-06-12T13:07:38.874600,"{'address': '/hover', 'args': 39}"
2025-06-12T13:07:40.915882,"{'address': '/hover', 'args': 47}"
2025-06-12T13:07:40.951106,"{'address': '/hover', 'args': 41}"
2025-06-12T13:07:40.951038,"{'address': '/hover', 'args': 38}"
2025-06-12T13:07:41.008875,"{'address': '/hover', 'args': 46}"
2025-06-12T13:07:41.292767,"{'address': '/hover', 'args': 33}"
2025-06-12T13:07:41.575075,"{'address': '/hover', 'args': 46}"
2025-06-12T13:07:41.600175,"{'address': '/hover', 'args': 41}"
2025-06-12T13:07:41.834474,"{'address': '/hover', 'args': 38}"
2025-06-12T13:07:41.849594,"{'address': '/hover', 'args': 47}"
2025-06-12T13:07:42.300291,"{'address': '/hover', 'args': 41}"
2025-06-12T13:07:42.308689,"{'address': '/hover', 'args': 58}"
2025-06-12T13:07:42.535609,"{'address': '/hover', 'args': 5}"
2025-06-12T13:07:42.574931,"{'address': '/hover', 'args': 59}"
2025-06-12T13:07:42.591793,"{'address': '/hover', 'args': 2}"
2025-06-12T13:07:42.733624,"{'address': '/hover', 'args': 30}"
2025-06-12T13:07:42.817747,"{'address': '/hover', 'args': 35}"
2025-06-12T13:07:45.208775,"{'address': '/hover', 'args': 13}"
2025-06-12T13:07:45.309043,"{'address': '/hover', 'args': 14}"
2025-06-12T13:07:45.466970,"{'address': '/hover', 'args': 43}"
2025-06-12T13:07:45.500246,"{'address': '/hover', 'args': 45}"
2025-06-12T13:07:45.507702,"{'address': '/hover', 'args': 29}"
2025-06-12T13:07:45.550613,"{'address': '/hover', 'args': 59}"
2025-06-12T13:07:45.567019,"{'address': '/hover', 'args': 5}"
2025-06-12T13:07:45.625303,"{'address': '/hover', 'args': 33}"
2025-06-12T13:07:45.633369,"{'address': '/hover', 'args': 46}"
2025-06-12T13:07:46.083532,"{'address': '/hover', 'args': 2}"
2025-06-12T13:07:46.575107,"{'address': '/hover', 'args': 12}"
2025-06-12T13:07:47.000367,"{'address': '/hover', 'args': 31}"
2025-06-12T13:07:47.233265,"{'address': '/hover', 'args': 6}"
2025-06-12T13:08:00.897593,"{'address': '/hover', 'args': 57}"
2025-06-12T13:08:00.916314,"{'address': '/hover', 'args': 11}"
2025-06-12T13:08:00.915541,"{'address': '/hover', 'args': 12}"
2025-06-12T13:08:00.931018,"{'address': '/hover', 'args': 9}"
2025-06-12T13:08:01.112462,"{'address': '/hover', 'args': 18}"
2025-06-12T13:08:01.248912,"{'address': '/hover', 'args': 30}"
2025-06-12T13:08:01.248872,"{'address': '/hover', 'args': 13}"
2025-06-12T13:08:01.463122,"{'address': '/hover', 'args': 2}"
2025-06-12T13:08:01.612462,"{'address': '/hover', 'args': 13}"
2025-06-12T13:08:01.879774,"{'address': '/hover', 'args': 18}"
2025-06-12T13:08:01.904763,"{'address': '/hover', 'args': 20}"
2025-06-12T13:08:01.921798,"{'address': '/hover', 'args': 34}"
2025-06-12T13:08:02.221192,"{'address': '/hover', 'args': 7}"
2025-06-12T13:09:34.981314,"{'address': '/hover', 'args': 21}"
2025-06-12T13:09:35.195277,"{'address': '/hover', 'args': 9}"
2025-06-12T13:09:35.245301,"{'address': '/hover', 'args': 6}"
2025-06-12T13:09:35.538369,"{'address': '/hover', 'args': 21}"
2025-06-12T13:09:35.570152,"{'address': '/hover', 'args': 8}"
2025-06-12T13:16:51.055369,"{'address': '/hover', 'args': 38}"
2025-06-12T13:16:52.706172,"{'address': '/hover', 'args': 31}"
2025-06-12T13:16:52.706090,"{'address': '/hover', 'args': 12}"
2025-06-12T13:16:52.746361,"{'address': '/hover', 'args': 6}"
2025-06-16T14:21:55.567292,"{'address': '/hover', 'args': 6}"
2025-06-16T14:21:55.568118,"{'address': '/hover', 'args': 31}"
2025-06-16T14:21:55.639057,"{'address': '/hover', 'args': 11}"
2025-06-16T14:21:55.788100,"{'address': '/hover', 'args': 30}"
2025-06-16T14:21:55.855867,"{'address': '/hover', 'args': 2}"
2025-06-16T14:21:56.406220,"{'address': '/hover', 'args': 33}"
2025-06-16T14:21:56.498046,"{'address': '/hover', 'args': 12}"
2025-06-16T14:21:56.589232,"{'address': '/hover', 'args': 11}"
2025-06-16T14:21:56.647873,"{'address': '/hover', 'args': 30}"
2025-06-16T14:21:58.272676,"{'address': '/hover', 'args': 11}"
2025-06-16T14:21:58.338774,"{'address': '/hover', 'args': 6}"
2025-06-16T14:21:58.347119,"{'address': '/hover', 'args': 9}"
2025-06-16T14:21:58.623103,"{'address': '/hover', 'args': 21}"
2025-06-16T14:21:59.330856,"{'address': '/hover', 'args': 6}"
2025-06-16T14:21:59.372364,"{'address': '/hover', 'args': 9}"
2025-06-16T14:21:59.414611,"{'address': '/hover', 'args': 11}"
2025-06-16T14:21:59.464292,"{'address': '/hover', 'args': 30}"
2025-06-16T14:21:59.598253,"{'address': '/hover', 'args': 2}"
2025-06-16T14:21:59.647731,"{'address': '/hover', 'args': 12}"
2025-06-16T14:21:59.796716,"{'address': '/hover', 'args': 6}"
2025-06-16T14:21:59.839316,"{'address': '/hover', 'args': 9}"
2025-06-16T14:21:59.898519,"{'address': '/hover', 'args': 18}"
2025-06-16T14:21:59.980509,"{'address': '/hover', 'args': 30}"
2025-06-16T14:22:00.089239,"{'address': '/hover', 'args': 35}"
2025-06-16T14:22:00.172510,"{'address': '/hover', 'args': 14}"
2025-06-16T14:22:00.489580,"{'address': '/hover', 'args': 43}"
2025-06-16T14:22:00.506624,"{'address': '/hover', 'args': 35}"
2025-06-16T14:22:00.589727,"{'address': '/hover', 'args': 30}"
2025-06-16T14:22:00.781681,"{'address': '/hover', 'args': 13}"
2025-06-16T14:22:00.863361,"{'address': '/hover', 'args': 14}"
2025-06-16T14:22:00.947540,"{'address': '/hover', 'args': 35}"
2025-06-16T14:22:01.008262,"{'address': '/hover', 'args': 59}"
2025-06-16T14:22:01.007107,"{'address': '/hover', 'args': 30}"
2025-06-16T14:22:01.073058,"{'address': '/hover', 'args': 2}"
2025-06-16T14:22:01.273144,"{'address': '/hover', 'args': 13}"
2025-06-16T14:22:01.448387,"{'address': '/hover', 'args': 2}"
2025-06-16T14:22:01.481045,"{'address': '/hover', 'args': 11}"
2025-06-16T14:22:01.548375,"{'address': '/hover', 'args': 18}"
2025-06-16T14:22:01.639246,"{'address': '/hover', 'args': 13}"
2025-06-16T14:22:01.647309,"{'address': '/hover', 'args': 20}"
2025-06-16T14:22:01.731464,"{'address': '/hover', 'args': 14}"
2025-06-16T14:22:01.898624,"{'address': '/hover', 'args': 35}"
2025-06-16T14:22:01.898563,"{'address': '/hover', 'args': 30}"
2025-06-16T14:22:01.956137,"{'address': '/hover', 'args': 59}"
2025-06-16T14:22:02.165376,"{'address': '/hover', 'args': 2}"
2025-06-16T14:22:02.197644,"{'address': '/hover', 'args': 11}"
2025-06-16T14:22:02.498207,"{'address': '/hover', 'args': 35}"
2025-06-16T14:22:02.614139,"{'address': '/hover', 'args': 59}"
2025-06-16T14:22:02.663645,"{'address': '/hover', 'args': 2}"
2025-06-16T14:22:02.723918,"{'address': '/hover', 'args': 33}"
2025-06-16T14:22:02.723463,"{'address': '/hover', 'args': 5}"
2025-06-16T14:22:02.898214,"{'address': '/hover', 'args': 12}"
2025-06-16T14:22:02.948194,"{'address': '/hover', 'args': 11}"
2025-06-16T14:22:02.981109,"{'address': '/hover', 'args': 30}"
2025-06-16T14:22:03.049014,"{'address': '/hover', 'args': 35}"
2025-06-16T14:22:03.048491,"{'address': '/hover', 'args': 13}"
2025-06-16T14:22:03.106770,"{'address': '/hover', 'args': 14}"
2025-06-16T14:22:03.156234,"{'address': '/hover', 'args': 43}"
2025-06-16T14:22:03.189148,"{'address': '/hover', 'args': 1}"
2025-06-16T14:22:03.389259,"{'address': '/hover', 'args': 3}"
2025-06-16T14:22:03.505718,"{'address': '/hover', 'args': 55}"
2025-06-16T14:22:03.539085,"{'address': '/hover', 'args': 43}"
2025-06-16T14:22:03.622864,"{'address': '/hover', 'args': 35}"
2025-06-16T14:22:03.749105,"{'address': '/hover', 'args': 14}"
2025-06-16T14:22:03.897625,"{'address': '/hover', 'args': 13}"
2025-06-16T14:22:03.930920,"{'address': '/hover', 'args': 30}"
2025-06-16T14:22:03.972210,"{'address': '/hover', 'args': 59}"
2025-06-16T14:22:04.214399,"{'address': '/hover', 'args': 2}"
2025-06-16T14:22:04.247633,"{'address': '/hover', 'args': 11}"
2025-06-16T14:22:04.281291,"{'address': '/hover', 'args': 6}"
2025-06-16T14:22:04.281947,"{'address': '/hover', 'args': 9}"
2025-06-16T14:22:04.297419,"{'address': '/hover', 'args': 21}"
2025-06-16T14:22:04.315816,"{'address': '/hover', 'args': 23}"
2025-06-16T14:22:04.315898,"{'address': '/hover', 'args': 60}"
2025-06-16T14:22:05.415030,"{'address': '/hover', 'args': 34}"
2025-06-16T14:22:05.423740,"{'address': '/hover', 'args': 18}"
2025-06-16T14:22:05.423789,"{'address': '/hover', 'args': 20}"
2025-06-16T14:22:05.430819,"{'address': '/hover', 'args': 13}"
2025-06-16T14:22:05.447969,"{'address': '/hover', 'args': 35}"
2025-06-16T14:22:05.464706,"{'address': '/hover', 'args': 43}"
2025-06-16T14:22:05.481309,"{'address': '/hover', 'args': 45}"
2025-06-16T14:22:05.497436,"{'address': '/hover', 'args': 51}"
2025-06-16T14:22:05.565297,"{'address': '/hover', 'args': 42}"
2025-06-16T14:22:05.789672,"{'address': '/hover', 'args': 48}"
2025-06-16T14:22:05.798317,"{'address': '/hover', 'args': 40}"
2025-06-16T14:22:05.847758,"{'address': '/hover', 'args': 29}"
2025-06-16T14:22:05.980923,"{'address': '/hover', 'args': 59}"
2025-06-16T14:22:06.089452,"{'address': '/hover', 'args': 2}"
2025-06-16T14:22:06.106379,"{'address': '/hover', 'args': 30}"
2025-06-16T14:22:06.206312,"{'address': '/hover', 'args': 13}"
2025-06-16T14:22:06.264479,"{'address': '/hover', 'args': 14}"
2025-06-16T14:22:06.314843,"{'address': '/hover', 'args': 28}"
2025-06-16T14:22:06.365328,"{'address': '/hover', 'args': 1}"
2025-06-16T14:22:06.431547,"{'address': '/hover', 'args': 4}"
2025-06-16T14:22:06.614280,"{'address': '/hover', 'args': 14}"
2025-06-16T14:22:06.836748,"{'address': '/hover', 'args': 43}"
2025-06-16T14:22:06.893593,"{'address': '/hover', 'args': 55}"
2025-06-16T14:22:07.033613,"{'address': '/hover', 'args': 35}"
2025-06-16T14:22:07.100916,"{'address': '/hover', 'args': 30}"
2025-06-16T14:22:07.323110,"{'address': '/hover', 'args': 11}"
2025-06-16T14:22:07.514092,"{'address': '/hover', 'args': 9}"
2025-06-16T14:22:07.573307,"{'address': '/hover', 'args': 7}"
2025-06-16T14:22:07.868881,"{'address': '/hover', 'args': 18}"
2025-06-16T14:22:07.905848,"{'address': '/hover', 'args': 18}"
2025-06-16T14:22:07.932523,"{'address': '/hover', 'args': 18}"
2025-06-16T14:22:07.966762,"{'address': '/hover', 'args': 18}"
2025-06-16T14:22:08.256135,"{'address': '/hover', 'args': 20}"
2025-06-16T14:22:08.380240,"{'address': '/hover', 'args': 13}"
2025-06-16T14:22:08.497377,"{'address': '/hover', 'args': 30}"
2025-06-16T14:22:08.799800,"{'address': '/hover', 'args': 30}"
2025-06-16T14:22:09.240224,"{'address': '/hover', 'args': 13}"
2025-06-16T14:22:09.455974,"{'address': '/hover', 'args': 14}"
2025-06-16T14:22:09.683108,"{'address': '/hover', 'args': 43}"
2025-06-16T14:22:09.839750,"{'address': '/hover', 'args': 35}"
2025-06-16T14:22:10.298057,"{'address': '/hover', 'args': 30}"
2025-06-16T14:22:10.916909,"{'address': '/hover', 'args': 2}"
2025-06-16T14:22:11.182192,"{'address': '/hover', 'args': 30}"
2025-06-16T14:22:11.264725,"{'address': '/hover', 'args': 13}"
2025-06-16T14:22:11.364329,"{'address': '/hover', 'args': 14}"
2025-06-16T14:22:11.831642,"{'address': '/hover', 'args': 35}"
2025-06-16T14:22:12.215046,"{'address': '/hover', 'args': 14}"
2025-06-16T14:22:12.847164,"{'address': '/hover', 'args': 35}"
2025-06-16T14:22:13.340335,"{'address': '/hover', 'args': 30}"
2025-06-16T14:22:13.724308,"{'address': '/hover', 'args': 35}"
2025-06-16T14:22:13.999163,"{'address': '/hover', 'args': 30}"
2025-06-16T14:22:14.247848,"{'address': '/hover', 'args': 35}"
2025-06-16T14:22:14.491729,"{'address': '/hover', 'args': 30}"
2025-06-16T14:22:14.731896,"{'address': '/hover', 'args': 35}"
2025-06-16T14:22:14.856738,"{'address': '/hover', 'args': 29}"
2025-06-16T14:22:26.064319,"{'address': '/hover', 'args': 9}"
2025-06-16T14:22:26.105814,"{'address': '/hover', 'args': 7}"
2025-06-16T14:22:26.349326,"{'address': '/hover', 'args': 18}"
2025-06-16T14:22:26.424614,"{'address': '/hover', 'args': 30}"
2025-06-16T14:22:26.581589,"{'address': '/hover', 'args': 2}"
2025-06-16T14:22:26.631042,"{'address': '/hover', 'args': 11}"
2025-06-16T14:22:26.647505,"{'address': '/hover', 'args': 12}"
2025-06-16T14:22:26.813973,"{'address': '/hover', 'args': 18}"
2025-06-16T14:22:26.823677,"{'address': '/hover', 'args': 30}"
2025-06-16T14:22:26.864341,"{'address': '/hover', 'args': 13}"
2025-06-16T14:22:26.905987,"{'address': '/hover', 'args': 35}"
2025-06-16T14:22:27.089526,"{'address': '/hover', 'args': 59}"
2025-06-16T14:22:27.215353,"{'address': '/hover', 'args': 30}"
2025-06-16T14:22:27.398379,"{'address': '/hover', 'args': 11}"
2025-06-16T14:22:27.431275,"{'address': '/hover', 'args': 18}"
2025-06-16T14:22:27.472834,"{'address': '/hover', 'args': 9}"
2025-06-16T14:22:27.606366,"{'address': '/hover', 'args': 21}"
2025-06-16T14:22:27.681360,"{'address': '/hover', 'args': 6}"
2025-06-16T14:22:28.197823,"{'address': '/hover', 'args': 9}"
2025-06-16T14:22:28.306971,"{'address': '/hover', 'args': 18}"
2025-06-16T14:22:28.306887,"{'address': '/hover', 'args': 11}"
2025-06-16T14:22:28.364702,"{'address': '/hover', 'args': 30}"
2025-06-16T14:22:28.406129,"{'address': '/hover', 'args': 2}"
2025-06-16T14:22:28.455892,"{'address': '/hover', 'args': 12}"
2025-06-16T14:22:28.480908,"{'address': '/hover', 'args': 33}"
2025-06-16T14:22:28.680891,"{'address': '/hover', 'args': 30}"
2025-06-16T14:22:28.873517,"{'address': '/hover', 'args': 11}"
2025-06-16T14:22:29.098207,"{'address': '/hover', 'args': 9}"
2025-06-16T14:22:29.281841,"{'address': '/hover', 'args': 6}"
2025-06-16T14:22:29.382113,"{'address': '/hover', 'args': 12}"
2025-06-16T14:22:29.456209,"{'address': '/hover', 'args': 31}"
2025-06-16T14:22:30.039798,"{'address': '/hover', 'args': 6}"
2025-06-16T14:22:30.081193,"{'address': '/hover', 'args': 11}"
2025-06-16T14:22:30.097784,"{'address': '/hover', 'args': 9}"
2025-06-16T14:22:30.139826,"{'address': '/hover', 'args': 18}"
2025-06-16T14:22:30.298579,"{'address': '/hover', 'args': 30}"
2025-06-16T14:22:30.339874,"{'address': '/hover', 'args': 2}"
2025-06-16T14:22:30.389578,"{'address': '/hover', 'args': 12}"
2025-06-16T14:22:30.481305,"{'address': '/hover', 'args': 6}"
2025-06-16T14:22:30.531765,"{'address': '/hover', 'args': 9}"
2025-06-16T14:22:30.640354,"{'address': '/hover', 'args': 34}"
2025-06-16T14:22:30.672753,"{'address': '/hover', 'args': 18}"
2025-06-16T14:22:30.689108,"{'address': '/hover', 'args': 20}"
2025-06-16T14:22:31.058418,"{'address': '/hover', 'args': 9}"
2025-06-16T14:22:31.341264,"{'address': '/hover', 'args': 18}"
2025-06-16T14:22:31.607034,"{'address': '/hover', 'args': 20}"
2025-06-16T14:22:31.731093,"{'address': '/hover', 'args': 24}"
2025-06-16T14:22:31.905400,"{'address': '/hover', 'args': 28}"
2025-06-16T14:22:31.939812,"{'address': '/hover', 'args': 13}"
2025-06-16T14:22:31.939926,"{'address': '/hover', 'args': 14}"
2025-06-16T14:22:31.998651,"{'address': '/hover', 'args': 35}"
2025-06-16T14:22:32.039753,"{'address': '/hover', 'args': 30}"
2025-06-16T14:22:32.064674,"{'address': '/hover', 'args': 59}"
2025-06-16T14:22:32.147935,"{'address': '/hover', 'args': 2}"
2025-06-16T14:22:32.582013,"{'address': '/hover', 'args': 11}"
2025-06-16T14:22:32.614268,"{'address': '/hover', 'args': 12}"
2025-06-16T14:22:32.647639,"{'address': '/hover', 'args': 6}"
2025-06-16T14:22:32.764800,"{'address': '/hover', 'args': 9}"
2025-06-16T14:22:32.797727,"{'address': '/hover', 'args': 21}"
2025-06-16T14:22:32.997884,"{'address': '/hover', 'args': 6}"
2025-06-16T14:22:33.089545,"{'address': '/hover', 'args': 31}"
2025-06-16T14:22:42.261759,"{'address': '/effectPos', 'args': [0.48746518105849584, 0.5156037991858887]}"
2025-06-16T14:22:42.267328,"{'address': '/effectPos', 'args': [0.48746518105849584, 0.5156037991858887]}"
2025-06-16T14:22:42.297998,"{'address': '/effectPos', 'args': [0.4923398328690808, 0.5223880597014925]}"
2025-06-16T14:22:42.331267,"{'address': '/effectPos', 'args': [0.4979108635097493, 0.5332428765264586]}"
2025-06-16T14:22:42.362287,"{'address': '/effectPos', 'args': [0.504874651810585, 0.5522388059701493]}"
2025-06-16T14:22:42.389552,"{'address': '/effectPos', 'args': [0.5146239554317549, 0.5834464043419267]}"
2025-06-16T14:22:42.422710,"{'address': '/effectPos', 'args': [0.5264623955431755, 0.6377204884667571]}"
2025-06-16T14:22:42.453003,"{'address': '/effectPos', 'args': [0.5341225626740947, 0.6919945725915875]}"
2025-06-16T14:22:42.487094,"{'address': '/effectPos', 'args': [0.5403899721448467, 0.7354138398914518]}"
2025-06-16T14:22:42.519964,"{'address': '/effectPos', 'args': [0.5431754874651811, 0.757123473541384]}"
2025-06-16T14:22:42.546510,"{'address': '/effectPos', 'args': [0.5445682451253482, 0.7666214382632293]}"
2025-06-16T14:22:42.574164,"{'address': '/effectPos', 'args': [0.5452646239554317, 0.7747625508819539]}"
2025-06-16T14:22:42.607065,"{'address': '/effectPos', 'args': [0.5452646239554317, 0.7774762550881954]}"
2025-06-16T14:22:43.894121,"{'address': '/hover', 'args': 8}"
2025-06-16T14:22:43.894047,"{'address': '/hover', 'args': 6}"
2025-06-16T14:22:43.951781,"{'address': '/hover', 'args': 9}"
2025-06-16T14:22:43.968918,"{'address': '/hover', 'args': 11}"
2025-06-16T14:22:44.010498,"{'address': '/hover', 'args': 18}"
2025-06-16T14:22:44.027481,"{'address': '/hover', 'args': 30}"
2025-06-16T14:22:44.302521,"{'address': '/hover', 'args': 9}"
2025-06-16T14:22:44.485217,"{'address': '/hover', 'args': 34}"
2025-06-16T14:22:44.593775,"{'address': '/hover', 'args': 10}"
2025-06-16T14:22:44.727880,"{'address': '/hover', 'args': 24}"
2025-06-16T14:22:45.028410,"{'address': '/hover', 'args': 28}"
2025-06-16T14:22:45.127364,"{'address': '/hover', 'args': 14}"
2025-06-16T14:22:45.167886,"{'address': '/hover', 'args': 13}"
2025-06-16T14:22:45.251827,"{'address': '/hover', 'args': 18}"
2025-06-16T14:22:45.737702,"{'address': '/hover', 'args': 30}"
2025-06-16T14:22:46.051691,"{'address': '/hover', 'args': 13}"
2025-06-16T14:22:46.051930,"{'address': '/hover', 'args': 18}"
2025-06-16T14:22:46.110048,"{'address': '/hover', 'args': 20}"
2025-06-16T14:22:46.452523,"{'address': '/hover', 'args': 13}"
2025-06-16T14:22:46.485123,"{'address': '/hover', 'args': 30}"
2025-06-16T14:22:46.861042,"{'address': '/hover', 'args': 18}"
2025-06-16T14:22:47.211190,"{'address': '/hover', 'args': 13}"
2025-06-16T14:22:47.444250,"{'address': '/hover', 'args': 30}"
2025-06-16T14:22:47.719791,"{'address': '/hover', 'args': 18}"
2025-06-16T14:22:48.102614,"{'address': '/hover', 'args': 30}"
2025-06-16T14:22:48.151621,"{'address': '/hover', 'args': 13}"
2025-06-16T14:22:48.427675,"{'address': '/hover', 'args': 30}"
2025-06-16T14:22:48.753329,"{'address': '/hover', 'args': 11}"
2025-06-16T14:22:49.061905,"{'address': '/hover', 'args': 2}"
2025-06-16T14:22:49.076476,"{'address': '/hover', 'args': 12}"
2025-06-16T14:22:49.142490,"{'address': '/hover', 'args': 33}"
2025-06-16T14:22:49.235485,"{'address': '/hover', 'args': 44}"
2025-06-16T14:22:50.404621,"{'address': '/effectPos', 'args': [0.38440111420612816, 0.7856173677069199]}"
2025-06-16T14:22:50.404765,"{'address': '/effectPos', 'args': [0.38579387186629527, 0.7856173677069199]}"
2025-06-16T14:22:50.433892,"{'address': '/effectPos', 'args': [0.3892757660167131, 0.7869742198100407]}"
2025-06-16T14:22:50.464033,"{'address': '/effectPos', 'args': [0.3892757660167131, 0.7883310719131614]}"
2025-06-16T14:22:50.490243,"{'address': '/effectPos', 'args': [0.3906685236768802, 0.7964721845318861]}"
2025-06-16T14:22:50.523406,"{'address': '/effectPos', 'args': [0.38997214484679665, 0.8181818181818182]}"
2025-06-16T14:22:50.555392,"{'address': '/effectPos', 'args': [0.38091922005571033, 0.8371777476255088]}"
2025-06-16T14:22:50.590247,"{'address': '/effectPos', 'args': [0.35863509749303624, 0.8493894165535957]}"
2025-06-16T14:22:50.623308,"{'address': '/effectPos', 'args': [0.3224233983286908, 0.8521031207598372]}"
2025-06-16T14:22:50.653164,"{'address': '/effectPos', 'args': [0.2903899721448468, 0.8629579375848032]}"
2025-06-16T14:22:50.687068,"{'address': '/effectPos', 'args': [0.27158774373259054, 0.8724559023066486]}"
2025-06-16T14:22:50.720917,"{'address': '/effectPos', 'args': [0.26532033426183843, 0.8751696065128901]}"
2025-06-16T14:22:50.811975,"{'address': '/effectPos', 'args': [0.2646239554317549, 0.8765264586160109]}"
2025-06-16T14:22:51.661371,"{'address': '/hover', 'args': 6}"
2025-06-16T14:22:51.661423,"{'address': '/hover', 'args': 8}"
2025-06-16T14:22:51.693107,"{'address': '/hover', 'args': 9}"
2025-06-16T14:22:51.759171,"{'address': '/hover', 'args': 18}"
2025-06-16T14:22:52.035561,"{'address': '/hover', 'args': 20}"
2025-06-16T14:22:52.044175,"{'address': '/hover', 'args': 13}"
2025-06-16T14:22:52.226518,"{'address': '/hover', 'args': 30}"
2025-06-16T14:22:52.459800,"{'address': '/hover', 'args': 18}"
2025-06-16T14:22:52.468904,"{'address': '/hover', 'args': 13}"
2025-06-16T14:22:52.602691,"{'address': '/hover', 'args': 20}"
2025-06-16T14:22:53.061047,"{'address': '/hover', 'args': 30}"
2025-06-16T14:22:53.270133,"{'address': '/hover', 'args': 11}"
2025-06-16T14:22:53.335097,"{'address': '/hover', 'args': 18}"
2025-06-16T14:22:53.385639,"{'address': '/hover', 'args': 9}"
2025-06-16T14:22:53.485924,"{'address': '/hover', 'args': 7}"
2025-06-16T14:22:53.577192,"{'address': '/hover', 'args': 34}"
2025-06-16T14:22:53.735917,"{'address': '/hover', 'args': 36}"
2025-06-16T14:23:41.586501,"{'address': '/hover', 'args': 60}"
2025-06-16T14:23:45.653885,"{'address': '/hover', 'args': 38}"
2025-06-16T14:23:45.666888,"{'address': '/hover', 'args': 56}"
2025-06-16T14:23:45.677323,"{'address': '/hover', 'args': 37}"
2025-06-16T14:23:48.128761,"{'address': '/hover', 'args': 39}"
2025-06-16T14:23:48.129966,"{'address': '/hover', 'args': 47}"
2025-06-16T14:23:48.147292,"{'address': '/hover', 'args': 58}"
2025-06-16T14:23:48.194431,"{'address': '/hover', 'args': 29}"
2025-06-16T14:23:48.202800,"{'address': '/hover', 'args': 59}"
2025-06-16T14:23:48.278396,"{'address': '/hover', 'args': 30}"
2025-06-16T14:23:48.411832,"{'address': '/hover', 'args': 35}"
2025-06-16T14:23:48.544619,"{'address': '/hover', 'args': 2}"
2025-06-16T14:23:48.603447,"{'address': '/hover', 'args': 12}"
2025-06-16T14:23:48.652760,"{'address': '/hover', 'args': 11}"
2025-06-16T14:23:48.719142,"{'address': '/hover', 'args': 30}"
2025-06-16T14:23:48.802558,"{'address': '/hover', 'args': 13}"
2025-06-16T14:23:48.828274,"{'address': '/hover', 'args': 35}"
2025-06-16T14:23:48.894023,"{'address': '/hover', 'args': 59}"
2025-06-16T14:23:48.969142,"{'address': '/hover', 'args': 5}"
2025-06-16T14:23:49.028019,"{'address': '/hover', 'args': 58}"
2025-06-16T14:23:49.211433,"{'address': '/hover', 'args': 40}"
2025-06-16T14:23:49.244242,"{'address': '/hover', 'args': 39}"
2025-06-16T14:24:04.537142,"{'address': '/hover', 'args': 37}"
2025-06-16T14:24:04.539047,"{'address': '/hover', 'args': 56}"
2025-06-16T14:24:04.568873,"{'address': '/hover', 'args': 38}"
2025-06-16T14:24:04.660690,"{'address': '/hover', 'args': 47}"
2025-06-16T14:24:07.303135,"{'address': '/hover', 'args': 8}"
2025-06-16T14:24:07.304224,"{'address': '/hover', 'args': 19}"
2025-06-16T14:24:07.311095,"{'address': '/hover', 'args': 21}"
2025-06-16T14:24:08.168242,"{'address': '/hover', 'args': 6}"
2025-06-16T14:24:08.244456,"{'address': '/hover', 'args': 11}"
2025-06-16T14:24:08.311062,"{'address': '/hover', 'args': 2}"
2025-06-16T14:24:08.361474,"{'address': '/hover', 'args': 30}"
2025-06-16T14:24:08.620443,"{'address': '/hover', 'args': 33}"
2025-06-16T14:24:08.627838,"{'address': '/hover', 'args': 12}"
2025-06-16T14:24:08.728325,"{'address': '/hover', 'args': 11}"
2025-06-16T14:24:08.745931,"{'address': '/hover', 'args': 30}"
2025-06-16T14:24:09.027679,"{'address': '/hover', 'args': 2}"
2025-06-16T14:24:09.186598,"{'address': '/hover', 'args': 5}"
2025-06-16T14:24:09.227965,"{'address': '/hover', 'args': 41}"
2025-06-16T14:24:09.228017,"{'address': '/hover', 'args': 46}"
2025-06-16T14:24:09.285564,"{'address': '/hover', 'args': 47}"
2025-06-16T14:27:39.389004,"{'address': '/hover', 'args': 15}"
2025-06-16T14:27:39.389497,"{'address': '/hover', 'args': 22}"
2025-06-16T14:31:09.330087,"{'address': '/hover', 'args': 23}"
2025-06-16T14:35:14.909295,"{'address': '/hover', 'args': 6}"
2025-06-16T14:35:14.910831,"{'address': '/hover', 'args': 8}"
2025-06-16T14:35:15.056915,"{'address': '/hover', 'args': 11}"
2025-06-16T14:35:15.174145,"{'address': '/hover', 'args': 2}"
2025-06-16T14:35:15.348777,"{'address': '/hover', 'args': 12}"
2025-06-16T14:35:15.515548,"{'address': '/hover', 'args': 11}"
2025-06-16T14:35:15.699325,"{'address': '/hover', 'args': 12}"
2025-06-16T14:35:15.741282,"{'address': '/hover', 'args': 6}"
2025-06-16T14:35:16.099540,"{'address': '/hover', 'args': 21}"
2025-06-16T14:35:18.381574,"{'address': '/hover', 'args': 6}"
2025-06-16T14:35:18.540346,"{'address': '/hover', 'args': 12}"
2025-06-16T14:35:18.599530,"{'address': '/hover', 'args': 11}"
2025-06-16T14:35:18.690306,"{'address': '/hover', 'args': 2}"
2025-06-16T14:35:18.915478,"{'address': '/hover', 'args': 6}"
2025-06-16T14:35:19.157680,"{'address': '/hover', 'args': 21}"
2025-06-16T14:35:19.215463,"{'address': '/hover', 'args': 8}"
2025-06-16T14:35:19.673704,"{'address': '/hover', 'args': 37}"
2025-06-16T14:35:19.740025,"{'address': '/hover', 'args': 38}"
2025-06-16T14:35:28.115399,"{'address': '/hover', 'args': 47}"
2025-06-16T14:35:28.114829,"{'address': '/hover', 'args': 41}"
2025-06-16T14:35:28.146107,"{'address': '/hover', 'args': 5}"
2025-06-16T14:35:28.163287,"{'address': '/hover', 'args': 59}"
2025-06-16T14:35:28.173436,"{'address': '/hover', 'args': 2}"
2025-06-16T14:35:28.181065,"{'address': '/hover', 'args': 30}"
2025-06-16T14:35:28.206624,"{'address': '/hover', 'args': 18}"
2025-06-16T14:35:28.248913,"{'address': '/hover', 'args': 34}"
2025-06-16T14:35:28.333009,"{'address': '/hover', 'args': 15}"
2025-06-16T14:38:17.542037,"{'address': '/hover', 'args': 36}"
2025-06-16T14:38:22.576662,"{'address': '/hover', 'args': 47}"
2025-06-16T14:38:22.583100,"{'address': '/hover', 'args': 41}"
2025-06-16T14:38:22.591373,"{'address': '/hover', 'args': 58}"
2025-06-16T14:38:22.599133,"{'address': '/hover', 'args': 5}"
2025-06-16T14:38:22.624781,"{'address': '/hover', 'args': 59}"
2025-06-16T14:38:22.649675,"{'address': '/hover', 'args': 30}"
2025-06-16T14:38:22.708512,"{'address': '/hover', 'args': 13}"
2025-06-16T14:38:22.925984,"{'address': '/hover', 'args': 14}"
2025-06-16T14:38:23.001958,"{'address': '/hover', 'args': 35}"
2025-06-16T14:38:23.042455,"{'address': '/hover', 'args': 30}"
2025-06-16T14:38:23.378406,"{'address': '/hover', 'args': 35}"
2025-06-16T14:38:23.387161,"{'address': '/hover', 'args': 30}"
2025-06-16T14:38:23.446117,"{'address': '/hover', 'args': 11}"
2025-06-16T14:38:23.445981,"{'address': '/hover', 'args': 2}"
2025-06-16T14:38:23.478372,"{'address': '/hover', 'args': 12}"
2025-06-16T14:38:23.494578,"{'address': '/hover', 'args': 6}"
2025-06-16T14:38:23.776724,"{'address': '/hover', 'args': 21}"
2025-06-16T14:38:24.425543,"{'address': '/hover', 'args': 9}"
2025-06-16T14:38:24.499128,"{'address': '/hover', 'args': 6}"
2025-06-16T14:38:24.608275,"{'address': '/hover', 'args': 12}"
2025-06-16T14:38:24.758658,"{'address': '/hover', 'args': 11}"
2025-06-16T14:38:24.758557,"{'address': '/hover', 'args': 2}"
2025-06-16T14:38:24.816902,"{'address': '/hover', 'args': 18}"
2025-06-16T14:38:24.858602,"{'address': '/hover', 'args': 13}"
2025-06-16T14:38:24.925488,"{'address': '/hover', 'args': 30}"
2025-06-16T14:38:24.957268,"{'address': '/hover', 'args': 35}"
2025-06-16T14:38:24.984770,"{'address': '/hover', 'args': 59}"
2025-06-16T14:38:25.232395,"{'address': '/hover', 'args': 5}"
2025-06-16T14:38:25.291751,"{'address': '/hover', 'args': 41}"
2025-06-16T14:38:25.424762,"{'address': '/hover', 'args': 58}"
2025-06-16T14:38:25.608753,"{'address': '/hover', 'args': 47}"
2025-06-16T14:38:25.640645,"{'address': '/hover', 'args': 41}"
2025-06-16T14:38:25.716593,"{'address': '/hover', 'args': 38}"
2025-06-16T14:41:57.110509,"{'address': '/hover', 'args': 60}"
2025-06-16T14:41:57.110031,"{'address': '/hover', 'args': 23}"
2025-06-16T16:52:23.364170,"{'address': '/effectPos', 'args': [0.498015873015873, 0.5042527339003645]}"
2025-06-16T16:52:23.364234,"{'address': '/effectPos', 'args': [0.498015873015873, 0.5042527339003645]}"
2025-06-16T16:52:23.411246,"{'address': '/effectPos', 'args': [0.4973544973544973, 0.5042527339003645]}"
2025-06-16T16:52:23.439852,"{'address': '/effectPos', 'args': [0.4966931216931217, 0.5042527339003645]}"
2025-06-16T16:52:23.471078,"{'address': '/effectPos', 'args': [0.4914021164021164, 0.5091130012150669]}"
2025-06-16T16:52:23.502947,"{'address': '/effectPos', 'args': [0.47023809523809523, 0.534629404617254]}"
2025-06-16T16:52:23.535724,"{'address': '/effectPos', 'args': [0.44312169312169314, 0.56865127582017]}"
2025-06-16T16:52:23.569091,"{'address': '/effectPos', 'args': [0.416005291005291, 0.6051032806804374]}"
2025-06-16T16:52:23.602911,"{'address': '/effectPos', 'args': [0.3888888888888889, 0.637910085054678]}"
2025-06-16T16:52:23.631420,"{'address': '/effectPos', 'args': [0.36706349206349204, 0.6658566221142163]}"
2025-06-16T16:52:23.663725,"{'address': '/effectPos', 'args': [0.3505291005291005, 0.6877278250303767]}"
2025-06-16T16:52:23.690474,"{'address': '/effectPos', 'args': [0.34325396825396826, 0.6962332928311057]}"
2025-06-16T16:52:23.718594,"{'address': '/effectPos', 'args': [0.3392857142857143, 0.7023086269744836]}"
2025-06-16T16:52:23.750999,"{'address': '/effectPos', 'args': [0.3333333333333333, 0.7083839611178615]}"
2025-06-16T16:52:23.787171,"{'address': '/effectPos', 'args': [0.3273809523809524, 0.7120291616038882]}"
2025-06-16T16:52:23.814608,"{'address': '/effectPos', 'args': [0.32142857142857145, 0.7095990279465371]}"
2025-06-16T16:52:23.846996,"{'address': '/effectPos', 'args': [0.30886243386243384, 0.6852976913730255]}"
2025-06-16T16:52:23.874991,"{'address': '/effectPos', 'args': [0.294973544973545, 0.637910085054678]}"
2025-06-16T16:52:23.902763,"{'address': '/effectPos', 'args': [0.28835978835978837, 0.6002430133657352]}"
2025-06-16T16:52:23.934822,"{'address': '/effectPos', 'args': [0.28703703703703703, 0.5783718104495748]}"
2025-06-16T16:52:23.985264,"{'address': '/effectPos', 'args': [0.2876984126984127, 0.5771567436208992]}"
2025-06-16T16:52:24.018112,"{'address': '/effectPos', 'args': [0.2923280423280423, 0.5844471445929527]}"
2025-06-16T16:52:24.047130,"{'address': '/effectPos', 'args': [0.30423280423280424, 0.6123936816524909]}"
2025-06-16T16:52:24.079371,"{'address': '/effectPos', 'args': [0.31547619047619047, 0.6500607533414338]}"
2025-06-16T16:52:24.110831,"{'address': '/effectPos', 'args': [0.32407407407407407, 0.6877278250303767]}"
2025-06-16T16:52:24.138724,"{'address': '/effectPos', 'args': [0.3253968253968254, 0.7144592952612394]}"
2025-06-16T16:52:24.173277,"{'address': '/effectPos', 'args': [0.32341269841269843, 0.7278250303766707]}"
2025-06-16T16:52:24.200850,"{'address': '/effectPos', 'args': [0.3201058201058201, 0.7339003645200486]}"
2025-06-16T16:52:24.231152,"{'address': '/effectPos', 'args': [0.3148148148148148, 0.7375455650060754]}"
2025-06-16T16:52:24.262907,"{'address': '/effectPos', 'args': [0.30753968253968256, 0.7375455650060754]}"
2025-06-16T16:52:24.301764,"{'address': '/effectPos', 'args': [0.2923280423280423, 0.7278250303766707]}"
2025-06-16T16:52:24.334990,"{'address': '/effectPos', 'args': [0.26785714285714285, 0.701093560145808]}"
2025-06-16T16:52:24.368679,"{'address': '/effectPos', 'args': [0.2466931216931217, 0.6792223572296476]}"
2025-06-16T16:52:24.402848,"{'address': '/effectPos', 'args': [0.23082010582010581, 0.6682867557715675]}"
2025-06-16T16:52:24.431720,"{'address': '/effectPos', 'args': [0.21957671957671956, 0.6585662211421628]}"
2025-06-16T16:52:24.463663,"{'address': '/effectPos', 'args': [0.21626984126984128, 0.6537059538274606]}"
2025-06-16T16:52:24.495540,"{'address': '/effectPos', 'args': [0.21494708994708994, 0.6512758201701093]}"
2025-06-16T16:52:24.536294,"{'address': '/effectPos', 'args': [0.21494708994708994, 0.6500607533414338]}"
2025-06-16T16:52:24.569462,"{'address': '/effectPos', 'args': [0.21362433862433863, 0.6476306196840826]}"
2025-06-16T16:52:24.607742,"{'address': '/effectPos', 'args': [0.21362433862433863, 0.6476306196840826]}"
2025-06-16T16:52:28.116699,"{'address': '/effectPos', 'args': [0.2123015873015873, 0.6731470230862697]}"
2025-06-16T16:52:28.132342,"{'address': '/effectPos', 'args': [0.2123015873015873, 0.6731470230862697]}"
2025-06-16T16:52:28.162534,"{'address': '/effectPos', 'args': [0.21494708994708994, 0.675577156743621]}"
2025-06-16T16:52:28.194503,"{'address': '/effectPos', 'args': [0.22288359788359788, 0.6780072904009721]}"
2025-06-16T16:52:28.231320,"{'address': '/effectPos', 'args': [0.2447089947089947, 0.6889428918590522]}"
2025-06-16T16:52:28.264909,"{'address': '/effectPos', 'args': [0.2671957671957672, 0.6998784933171325]}"
2025-06-16T16:52:28.294836,"{'address': '/effectPos', 'args': [0.2830687830687831, 0.7083839611178615]}"
2025-06-16T16:52:28.327526,"{'address': '/effectPos', 'args': [0.29563492063492064, 0.7205346294046172]}"
2025-06-16T16:52:28.359517,"{'address': '/effectPos', 'args': [0.30886243386243384, 0.7363304981773997]}"
2025-06-16T16:52:28.391417,"{'address': '/effectPos', 'args': [0.32275132275132273, 0.7533414337788579]}"
2025-06-16T16:52:28.423359,"{'address': '/effectPos', 'args': [0.333994708994709, 0.7667071688942891]}"
2025-06-16T16:52:28.455330,"{'address': '/effectPos', 'args': [0.335978835978836, 0.7715674362089915]}"
2025-06-16T16:52:28.487766,"{'address': '/effectPos', 'args': [0.33664021164021163, 0.7739975698663426]}"
2025-06-16T16:52:28.520416,"{'address': '/effectPos', 'args': [0.335978835978836, 0.7752126366950183]}"
2025-06-16T16:52:28.551855,"{'address': '/effectPos', 'args': [0.33134920634920634, 0.7800729040097205]}"
2025-06-16T16:52:28.584627,"{'address': '/effectPos', 'args': [0.3201058201058201, 0.7800729040097205]}"
2025-06-16T16:52:28.618399,"{'address': '/effectPos', 'args': [0.29365079365079366, 0.7800729040097205]}"
2025-06-16T16:52:28.651427,"{'address': '/effectPos', 'args': [0.2605820105820106, 0.7691373025516404]}"
2025-06-16T16:52:28.679039,"{'address': '/effectPos', 'args': [0.23214285714285715, 0.7545565006075334]}"
2025-06-16T16:52:28.711051,"{'address': '/effectPos', 'args': [0.21031746031746032, 0.7339003645200486]}"
2025-06-16T16:52:28.746874,"{'address': '/effectPos', 'args': [0.1917989417989418, 0.6974483596597812]}"
2025-06-16T16:52:28.774461,"{'address': '/effectPos', 'args': [0.18121693121693122, 0.6512758201701093]}"
2025-06-16T16:52:28.807326,"{'address': '/effectPos', 'args': [0.18121693121693122, 0.6208991494532199]}"
2025-06-16T16:52:28.852280,"{'address': '/effectPos', 'args': [0.18253968253968253, 0.6172539489671932]}"
2025-06-16T16:52:28.870619,"{'address': '/effectPos', 'args': [0.18518518518518517, 0.6172539489671932]}"
2025-06-16T16:52:28.903185,"{'address': '/effectPos', 'args': [0.19246031746031747, 0.6208991494532199]}"
2025-06-16T16:52:28.935891,"{'address': '/effectPos', 'args': [0.21957671957671956, 0.6488456865127582]}"
2025-06-16T16:52:28.963359,"{'address': '/effectPos', 'args': [0.24933862433862433, 0.6865127582017011]}"
2025-06-16T16:52:28.995488,"{'address': '/effectPos', 'args': [0.2665343915343915, 0.7168894289185905]}"
2025-06-16T16:52:29.027425,"{'address': '/effectPos', 'args': [0.27116402116402116, 0.7314702308626975]}"
2025-06-16T16:52:29.055383,"{'address': '/effectPos', 'args': [0.27116402116402116, 0.7375455650060754]}"
2025-06-16T16:52:29.087968,"{'address': '/effectPos', 'args': [0.2705026455026455, 0.7387606318347509]}"
2025-06-16T16:52:29.119149,"{'address': '/effectPos', 'args': [0.26455026455026454, 0.7375455650060754]}"
2025-06-16T16:52:29.147442,"{'address': '/effectPos', 'args': [0.24537037037037038, 0.7278250303766707]}"
2025-06-16T16:52:29.175096,"{'address': '/effectPos', 'args': [0.22883597883597884, 0.7132442284325637]}"
2025-06-16T16:52:29.202728,"{'address': '/effectPos', 'args': [0.2156084656084656, 0.6962332928311057]}"
2025-06-16T16:52:29.231605,"{'address': '/effectPos', 'args': [0.20171957671957672, 0.675577156743621]}"
2025-06-16T16:52:29.259277,"{'address': '/effectPos', 'args': [0.19444444444444445, 0.6573511543134872]}"
2025-06-16T16:52:29.285712,"{'address': '/effectPos', 'args': [0.19378306878306878, 0.6524908869987849]}"
2025-06-16T16:52:29.317854,"{'address': '/effectPos', 'args': [0.1931216931216931, 0.6403402187120292]}"
2025-06-16T16:52:29.347092,"{'address': '/effectPos', 'args': [0.19378306878306878, 0.6330498177399757]}"
2025-06-16T16:52:29.375187,"{'address': '/effectPos', 'args': [0.19510582010582012, 0.6233292831105711]}"
2025-06-16T16:52:29.407612,"{'address': '/effectPos', 'args': [0.1970899470899471, 0.6123936816524909]}"
2025-06-16T16:52:29.439140,"{'address': '/effectPos', 'args': [0.1984126984126984, 0.6026731470230863]}"
2025-06-16T16:52:29.467440,"{'address': '/effectPos', 'args': [0.20171957671957672, 0.5795868772782503]}"
2025-06-16T16:52:29.499276,"{'address': '/effectPos', 'args': [0.20436507936507936, 0.5455650060753341]}"
2025-06-16T16:52:29.531630,"{'address': '/effectPos', 'args': [0.20436507936507936, 0.5139732685297691]}"
2025-06-16T16:52:29.563458,"{'address': '/effectPos', 'args': [0.20436507936507936, 0.49696233292831105]}"
2025-06-16T16:52:29.591013,"{'address': '/effectPos', 'args': [0.20436507936507936, 0.4945321992709599]}"
2025-06-16T16:52:29.618402,"{'address': '/effectPos', 'args': [0.20304232804232805, 0.488456865127582]}"
2025-06-16T16:52:29.647249,"{'address': '/effectPos', 'args': [0.19775132275132276, 0.47630619684082626]}"
2025-06-16T16:52:29.678598,"{'address': '/effectPos', 'args': [0.18584656084656084, 0.44349939246658565]}"
2025-06-16T16:52:29.711049,"{'address': '/effectPos', 'args': [0.17328042328042328, 0.41433778857837184]}"
2025-06-16T16:52:29.743086,"{'address': '/effectPos', 'args': [0.16335978835978837, 0.393681652490887]}"
2025-06-16T16:52:29.775106,"{'address': '/effectPos', 'args': [0.15608465608465608, 0.38031591737545567]}"
2025-06-16T16:52:29.816305,"{'address': '/effectPos', 'args': [0.15542328042328044, 0.3778857837181045]}"
2025-06-16T16:52:29.842385,"{'address': '/effectPos', 'args': [0.15674603174603174, 0.3827460510328068]}"
2025-06-16T16:52:29.871392,"{'address': '/effectPos', 'args': [0.164021164021164, 0.40704738760631837]}"
2025-06-16T16:52:29.902761,"{'address': '/effectPos', 'args': [0.1712962962962963, 0.4507897934386391]}"
2025-06-16T16:52:29.934824,"{'address': '/effectPos', 'args': [0.17195767195767195, 0.4993924665856622]}"
2025-06-16T16:52:29.968505,"{'address': '/effectPos', 'args': [0.17261904761904762, 0.5443499392466585]}"
2025-06-16T16:52:30.001335,"{'address': '/effectPos', 'args': [0.17394179894179895, 0.560145808019441]}"
2025-06-16T16:52:30.031360,"{'address': '/effectPos', 'args': [0.17063492063492064, 0.5637910085054678]}"
2025-06-16T16:52:30.063793,"{'address': '/effectPos', 'args': [0.16137566137566137, 0.5637910085054678]}"
2025-06-16T16:52:30.103643,"{'address': '/effectPos', 'args': [0.13558201058201058, 0.560145808019441]}"
2025-06-16T16:52:30.131416,"{'address': '/effectPos', 'args': [0.10978835978835978, 0.5407047387606319]}"
2025-06-16T16:52:30.163277,"{'address': '/effectPos', 'args': [0.08002645502645503, 0.4993924665856622]}"
2025-06-16T16:52:30.202770,"{'address': '/effectPos', 'args': [0.056878306878306875, 0.45443499392466585]}"
2025-06-16T16:52:30.239759,"{'address': '/effectPos', 'args': [0.04894179894179894, 0.42162818955042525]}"
2025-06-16T16:52:30.271144,"{'address': '/effectPos', 'args': [0.051587301587301584, 0.4082624544349939]}"
2025-06-16T16:52:30.302706,"{'address': '/effectPos', 'args': [0.057539682539682536, 0.40097205346294046]}"
2025-06-16T16:52:30.332053,"{'address': '/effectPos', 'args': [0.06944444444444445, 0.3985419198055893]}"
2025-06-16T16:52:30.363405,"{'address': '/effectPos', 'args': [0.08796296296296297, 0.40704738760631837]}"
2025-06-16T16:52:30.392545,"{'address': '/effectPos', 'args': [0.10912698412698413, 0.43377885783718106]}"
2025-06-16T16:52:30.419104,"{'address': '/effectPos', 'args': [0.12962962962962962, 0.4690157958687728]}"
2025-06-16T16:52:30.447588,"{'address': '/effectPos', 'args': [0.14351851851851852, 0.511543134872418]}"
2025-06-16T16:52:30.479467,"{'address': '/effectPos', 'args': [0.1455026455026455, 0.5394896719319563]}"
2025-06-16T16:52:30.511150,"{'address': '/effectPos', 'args': [0.14351851851851852, 0.5552855407047388]}"
2025-06-16T16:52:30.543004,"{'address': '/effectPos', 'args': [0.13690476190476192, 0.5613608748481167]}"
2025-06-16T16:52:30.575086,"{'address': '/effectPos', 'args': [0.11904761904761904, 0.5565006075334143]}"
2025-06-16T16:52:30.607116,"{'address': '/effectPos', 'args': [0.09391534391534391, 0.534629404617254]}"
2025-06-16T16:52:30.639812,"{'address': '/effectPos', 'args': [0.07208994708994709, 0.5018226002430134]}"
2025-06-16T16:52:30.671653,"{'address': '/effectPos', 'args': [0.057539682539682536, 0.4690157958687728]}"
2025-06-16T16:52:30.703572,"{'address': '/effectPos', 'args': [0.051587301587301584, 0.44349939246658565]}"
2025-06-16T16:52:30.735579,"{'address': '/effectPos', 'args': [0.05026455026455026, 0.43377885783718106]}"
2025-06-16T16:52:31.223408,"{'address': '/effectPos', 'args': [0.05092592592592592, 0.43377885783718106]}"
2025-06-16T16:52:31.251305,"{'address': '/effectPos', 'args': [0.052248677248677246, 0.4459295261239368]}"
2025-06-16T16:52:31.278671,"{'address': '/effectPos', 'args': [0.05489417989417989, 0.4641555285540705]}"
2025-06-16T16:52:31.310927,"{'address': '/effectPos', 'args': [0.05489417989417989, 0.479951397326853]}"
2025-06-16T16:52:31.342857,"{'address': '/effectPos', 'args': [0.05489417989417989, 0.4957472660996355]}"
2025-06-16T16:52:31.374904,"{'address': '/effectPos', 'args': [0.051587301587301584, 0.5066828675577156]}"
2025-06-16T16:52:31.403652,"{'address': '/effectPos', 'args': [0.046957671957671955, 0.5188335358444714]}"
2025-06-16T16:52:31.431678,"{'address': '/effectPos', 'args': [0.04034391534391534, 0.5309842041312273]}"
2025-06-16T16:52:31.459195,"{'address': '/effectPos', 'args': [0.03306878306878307, 0.5382746051032807]}"
2025-06-16T16:52:31.491274,"{'address': '/effectPos', 'args': [0.02447089947089947, 0.5407047387606319]}"
2025-06-16T16:52:31.518274,"{'address': '/effectPos', 'args': [0.013888888888888888, 0.5407047387606319]}"
2025-06-16T16:52:31.552022,"{'address': '/effectPos', 'args': [0, 0.534629404617254]}"
2025-06-16T16:52:31.585021,"{'address': '/effectPos', 'args': [0, 0.5261239368165249]}"
2025-06-16T16:52:31.615281,"{'address': '/effectPos', 'args': [0, 0.5091130012150669]}"
2025-06-16T16:52:31.656959,"{'address': '/effectPos', 'args': [0, 0.479951397326853]}"
2025-06-16T16:52:31.687739,"{'address': '/effectPos', 'args': [0, 0.47023086269744835]}"
2025-06-16T16:52:31.719872,"{'address': '/effectPos', 'args': [0, 0.4580801944106926]}"
2025-06-16T16:52:31.752123,"{'address': '/effectPos', 'args': [0, 0.4289185905224787]}"
2025-06-16T16:52:31.785706,"{'address': '/effectPos', 'args': [0, 0.402187120291616]}"
2025-06-16T16:52:31.814470,"{'address': '/effectPos', 'args': [0, 0.3973268529769137]}"
2025-06-16T16:52:31.842178,"{'address': '/effectPos', 'args': [0, 0.39125151883353587]}"
2025-06-16T16:52:31.875215,"{'address': '/effectPos', 'args': [0, 0.38517618469015796]}"
2025-06-16T16:52:31.902125,"{'address': '/effectPos', 'args': [0, 0.38517618469015796]}"
2025-06-16T16:52:31.939749,"{'address': '/effectPos', 'args': [0, 0.3839611178614824]}"
2025-06-16T16:52:31.985860,"{'address': '/effectPos', 'args': [0, 0.3827460510328068]}"
2025-06-16T16:52:32.450961,"{'address': '/effectPos', 'args': [0, 0.3827460510328068]}"
2025-06-16T16:52:32.489442,"{'address': '/effectPos', 'args': [0, 0.3863912515188335]}"
2025-06-16T16:52:32.522827,"{'address': '/effectPos', 'args': [0, 0.3888213851761847]}"
2025-06-16T16:52:32.551984,"{'address': '/effectPos', 'args': [0, 0.39003645200486026]}"
2025-06-16T16:52:32.584915,"{'address': '/effectPos', 'args': [0, 0.39125151883353587]}"
2025-06-16T16:52:32.614777,"{'address': '/effectPos', 'args': [0, 0.393681652490887]}"
2025-06-16T16:52:32.646846,"{'address': '/effectPos', 'args': [0, 0.3973268529769137]}"
2025-06-16T16:52:32.678879,"{'address': '/effectPos', 'args': [0.001984126984126984, 0.402187120291616]}"
2025-06-16T16:52:32.710612,"{'address': '/effectPos', 'args': [0.011904761904761904, 0.4131227217496962]}"
2025-06-16T16:52:32.739253,"{'address': '/effectPos', 'args': [0.021164021164021163, 0.4289185905224787]}"
2025-06-16T16:52:32.771031,"{'address': '/effectPos', 'args': [0.02447089947089947, 0.43863912515188336]}"
2025-06-16T16:52:32.803677,"{'address': '/effectPos', 'args': [0.025793650793650792, 0.4459295261239368]}"
2025-06-16T16:52:32.839471,"{'address': '/effectPos', 'args': [0.025793650793650792, 0.4532199270959903]}"
2025-06-16T16:52:32.871229,"{'address': '/effectPos', 'args': [0.02513227513227513, 0.4556500607533414]}"
2025-06-16T16:52:32.903251,"{'address': '/effectPos', 'args': [0.023809523809523808, 0.456865127582017]}"
2025-06-16T16:52:32.935544,"{'address': '/effectPos', 'args': [0.023148148148148147, 0.4580801944106926]}"
2025-06-16T16:52:32.969216,"{'address': '/effectPos', 'args': [0.023148148148148147, 0.45929526123936815]}"
2025-06-16T16:52:33.008135,"{'address': '/effectPos', 'args': [0.021825396825396824, 0.46051032806804376]}"
2025-06-16T16:52:33.057656,"{'address': '/effectPos', 'args': [0.021825396825396824, 0.4617253948967193]}"
2025-06-16T16:52:33.095446,"{'address': '/effectPos', 'args': [0.021825396825396824, 0.4617253948967193]}"
2025-06-16T16:55:46.092154,"{'address': '/hover', 'args': 8}"
2025-06-16T16:55:46.099620,"{'address': '/hover', 'args': 6}"
2025-06-16T16:55:46.108067,"{'address': '/hover', 'args': 12}"
2025-06-16T16:55:46.124436,"{'address': '/hover', 'args': 2}"
2025-06-16T16:55:46.149952,"{'address': '/hover', 'args': 5}"
2025-06-16T16:55:46.150539,"{'address': '/hover', 'args': 59}"
2025-06-16T16:55:46.157891,"{'address': '/hover', 'args': 58}"
2025-06-16T16:55:46.175039,"{'address': '/hover', 'args': 39}"
2025-06-16T16:55:52.943581,"{'address': '/hover', 'args': 41}"
2025-06-16T16:55:52.943482,"{'address': '/hover', 'args': 38}"
2025-06-16T16:55:52.957665,"{'address': '/hover', 'args': 5}"
2025-06-16T16:55:52.982689,"{'address': '/hover', 'args': 2}"
2025-06-16T16:55:52.991254,"{'address': '/hover', 'args': 11}"
2025-06-16T16:55:52.992066,"{'address': '/hover', 'args': 30}"
2025-06-16T16:55:52.999483,"{'address': '/hover', 'args': 18}"
2025-06-16T16:55:53.017067,"{'address': '/hover', 'args': 7}"
2025-06-16T16:55:53.017346,"{'address': '/hover', 'args': 34}"
2025-06-16T16:55:53.025229,"{'address': '/hover', 'args': 36}"
2025-06-16T17:01:54.371647,"{'address': '/hover', 'args': 0}"
2025-06-16T17:11:08.132484,"{'address': '/hover', 'args': 44}"
2025-06-16T17:11:08.146928,"{'address': '/hover', 'args': 37}"
2025-06-16T17:11:08.163364,"{'address': '/hover', 'args': 56}"
2025-06-16T17:11:11.638048,"{'address': '/hover', 'args': 19}"
2025-06-16T17:11:11.680007,"{'address': '/hover', 'args': 23}"
2025-06-16T17:11:11.755001,"{'address': '/hover', 'args': 21}"
2025-06-16T17:11:12.005466,"{'address': '/hover', 'args': 19}"
2025-06-16T17:11:13.163527,"{'address': '/hover', 'args': 57}"
2025-06-16T17:11:13.197288,"{'address': '/hover', 'args': 33}"
2025-06-16T17:11:13.239285,"{'address': '/hover', 'args': 2}"
2025-06-16T17:11:13.512400,"{'address': '/hover', 'args': 5}"
2025-06-16T17:11:13.521804,"{'address': '/hover', 'args': 33}"
2025-06-16T17:11:13.613664,"{'address': '/hover', 'args': 12}"
2025-06-16T17:11:13.704619,"{'address': '/hover', 'args': 11}"
2025-06-16T17:11:13.788297,"{'address': '/hover', 'args': 30}"
2025-06-16T17:11:13.930383,"{'address': '/hover', 'args': 2}"
2025-06-16T17:11:15.980696,"{'address': '/hover', 'args': 12}"
2025-06-16T17:11:16.241997,"{'address': '/hover', 'args': 11}"
2025-06-16T17:11:16.365410,"{'address': '/hover', 'args': 57}"
2025-06-16T17:11:18.601716,"{'address': '/hover', 'args': 19}"
2025-06-16T17:11:18.603677,"{'address': '/hover', 'args': 23}"
2025-06-16T17:11:23.314857,"{'address': '/hover', 'args': 31}"
2025-06-16T17:11:23.346819,"{'address': '/hover', 'args': 12}"
2025-06-16T17:11:23.405080,"{'address': '/hover', 'args': 6}"
2025-06-16T17:11:23.413144,"{'address': '/hover', 'args': 11}"
2025-06-16T17:11:23.713367,"{'address': '/hover', 'args': 12}"
2025-06-16T17:11:23.939545,"{'address': '/hover', 'args': 30}"
2025-06-16T17:11:23.970664,"{'address': '/hover', 'args': 18}"
2025-06-16T17:11:24.013754,"{'address': '/hover', 'args': 13}"
2025-06-16T17:11:24.114921,"{'address': '/hover', 'args': 35}"
2025-06-16T17:11:24.163014,"{'address': '/hover', 'args': 14}"
2025-06-16T17:11:24.422157,"{'address': '/hover', 'args': 43}"
2025-06-16T17:11:24.487194,"{'address': '/hover', 'args': 35}"
2025-06-16T17:11:24.537356,"{'address': '/hover', 'args': 29}"
2025-06-16T17:11:24.580388,"{'address': '/hover', 'args': 59}"
2025-06-16T17:11:24.654915,"{'address': '/hover', 'args': 2}"
2025-06-16T17:11:24.849608,"{'address': '/hover', 'args': 11}"
2025-06-16T17:11:24.914449,"{'address': '/hover', 'args': 30}"
2025-06-16T17:11:25.021529,"{'address': '/hover', 'args': 2}"
2025-06-16T17:11:25.030619,"{'address': '/hover', 'args': 59}"
2025-06-16T17:11:25.080797,"{'address': '/hover', 'args': 5}"
2025-06-16T17:11:25.114207,"{'address': '/hover', 'args': 46}"
2025-06-16T17:11:25.204562,"{'address': '/hover', 'args': 37}"
2025-06-16T17:11:25.330651,"{'address': '/hover', 'args': 33}"
2025-06-16T17:11:25.346886,"{'address': '/hover', 'args': 2}"
2025-06-16T17:11:25.371543,"{'address': '/hover', 'args': 11}"
2025-06-16T17:11:25.430417,"{'address': '/hover', 'args': 18}"
2025-06-16T17:11:25.505386,"{'address': '/hover', 'args': 20}"
2025-06-16T17:11:25.512919,"{'address': '/hover', 'args': 13}"
2025-06-16T17:11:25.696883,"{'address': '/hover', 'args': 11}"
2025-06-16T17:11:25.780540,"{'address': '/hover', 'args': 18}"
2025-06-16T17:11:26.007573,"{'address': '/hover', 'args': 11}"
2025-06-16T17:11:26.030077,"{'address': '/hover', 'args': 9}"
2025-06-16T17:11:26.198892,"{'address': '/hover', 'args': 18}"
2025-06-16T17:11:26.213188,"{'address': '/hover', 'args': 34}"
2025-06-16T17:11:26.246770,"{'address': '/hover', 'args': 20}"
2025-06-16T17:11:26.525177,"{'address': '/hover', 'args': 24}"
2025-06-16T17:11:26.674401,"{'address': '/hover', 'args': 13}"
2025-06-16T17:11:26.713763,"{'address': '/hover', 'args': 18}"
2025-06-16T17:11:26.829955,"{'address': '/hover', 'args': 11}"
2025-06-16T17:11:27.479816,"{'address': '/hover', 'args': 9}"
2025-06-16T17:11:27.539188,"{'address': '/hover', 'args': 18}"
2025-06-16T17:11:27.638272,"{'address': '/hover', 'args': 13}"
2025-06-16T17:11:27.655168,"{'address': '/hover', 'args': 20}"
2025-06-16T17:11:27.772211,"{'address': '/hover', 'args': 35}"
2025-06-16T17:11:27.838702,"{'address': '/hover', 'args': 59}"
2025-06-16T17:11:27.906068,"{'address': '/hover', 'args': 2}"
2025-06-16T17:11:27.962402,"{'address': '/hover', 'args': 33}"
2025-06-16T17:11:28.029125,"{'address': '/hover', 'args': 12}"
2025-06-16T17:11:28.680001,"{'address': '/hover', 'args': 57}"
2025-06-16T17:11:28.821934,"{'address': '/hover', 'args': 31}"
2025-06-16T17:11:28.871545,"{'address': '/hover', 'args': 6}"
2025-06-16T17:11:28.921712,"{'address': '/hover', 'args': 11}"
2025-06-16T17:11:29.048310,"{'address': '/hover', 'args': 30}"
2025-06-16T17:11:29.048253,"{'address': '/hover', 'args': 18}"
2025-06-16T17:11:29.164286,"{'address': '/hover', 'args': 2}"
2025-06-16T17:11:29.221056,"{'address': '/hover', 'args': 12}"
2025-06-16T17:11:29.550041,"{'address': '/hover', 'args': 31}"
2025-06-16T17:11:29.550684,"{'address': '/hover', 'args': 57}"
2025-06-16T17:11:30.961853,"{'address': '/effectPos', 'args': [0.15806878306878308, 0.7193195625759417]}"
2025-06-16T17:11:30.961978,"{'address': '/effectPos', 'args': [0.15806878306878308, 0.7193195625759417]}"
2025-06-16T17:11:31.008622,"{'address': '/effectPos', 'args': [0.15806878306878308, 0.7193195625759417]}"
2025-06-16T17:11:31.041921,"{'address': '/effectPos', 'args': [0.17857142857142858, 0.7253948967193196]}"
2025-06-16T17:11:31.068916,"{'address': '/effectPos', 'args': [0.22288359788359788, 0.7484811664641555]}"
2025-06-16T17:11:31.097598,"{'address': '/effectPos', 'args': [0.26256613756613756, 0.7764277035236938]}"
2025-06-16T17:11:31.123911,"{'address': '/effectPos', 'args': [0.29894179894179895, 0.8068043742405833]}"
2025-06-16T17:11:31.158727,"{'address': '/effectPos', 'args': [0.32936507936507936, 0.8371810449574727]}"
2025-06-16T17:11:31.200620,"{'address': '/effectPos', 'args': [0.34325396825396826, 0.8699878493317132]}"
2025-06-16T17:11:31.233038,"{'address': '/effectPos', 'args': [0.34523809523809523, 0.8894289185905225]}"
2025-06-16T17:11:31.261150,"{'address': '/effectPos', 'args': [0.34523809523809523, 0.8942891859052248]}"
2025-06-16T17:11:32.630749,"{'address': '/hover', 'args': 19}"
2025-06-16T17:11:32.630703,"{'address': '/hover', 'args': 8}"
2025-06-16T17:11:32.663960,"{'address': '/hover', 'args': 21}"
2025-06-16T17:11:32.713323,"{'address': '/hover', 'args': 9}"
2025-06-16T17:11:32.847942,"{'address': '/hover', 'args': 11}"
2025-06-16T17:11:33.338757,"{'address': '/hover', 'args': 2}"
2025-06-16T17:11:33.613827,"{'address': '/hover', 'args': 30}"
2025-06-16T17:11:33.704479,"{'address': '/hover', 'args': 13}"
2025-06-16T17:11:33.931133,"{'address': '/hover', 'args': 2}"
2025-06-16T17:11:33.946662,"{'address': '/hover', 'args': 11}"
2025-06-16T17:11:34.122249,"{'address': '/hover', 'args': 13}"
2025-06-16T17:11:34.163830,"{'address': '/hover', 'args': 35}"
2025-06-16T17:11:34.238422,"{'address': '/hover', 'args': 59}"
2025-06-16T17:11:34.364393,"{'address': '/hover', 'args': 29}"
2025-06-16T17:11:34.397011,"{'address': '/hover', 'args': 58}"
2025-06-16T17:11:34.421774,"{'address': '/hover', 'args': 39}"
2025-06-16T17:12:27.431004,"{'address': '/hover', 'args': 44}"
2025-06-16T17:12:27.433291,"{'address': '/hover', 'args': 57}"
2025-06-16T17:12:27.730977,"{'address': '/hover', 'args': 37}"
2025-06-16T17:12:27.731467,"{'address': '/hover', 'args': 46}"
2025-06-16T17:12:27.755112,"{'address': '/hover', 'args': 56}"
2025-06-16T17:12:27.763366,"{'address': '/hover', 'args': 38}"
2025-06-16T17:15:08.948120,"{'address': '/hover', 'args': 23}"
2025-06-16T17:15:11.648056,"{'address': '/hover', 'args': 56}"
2025-06-16T17:15:20.981144,"{'address': '/hover', 'args': 38}"
2025-06-16T17:15:20.988115,"{'address': '/hover', 'args': 41}"
2025-06-16T17:15:21.004865,"{'address': '/hover', 'args': 5}"
2025-06-16T17:15:21.021235,"{'address': '/hover', 'args': 2}"
2025-06-16T17:15:21.038257,"{'address': '/hover', 'args': 11}"
2025-06-16T17:15:21.038626,"{'address': '/hover', 'args': 18}"
2025-06-16T17:15:21.046454,"{'address': '/hover', 'args': 9}"
2025-06-16T17:15:21.054589,"{'address': '/hover', 'args': 7}"
2025-06-16T17:15:21.055054,"{'address': '/hover', 'args': 34}"
2025-06-16T17:15:21.063186,"{'address': '/hover', 'args': 36}"
2025-06-16T17:18:06.165150,"{'address': '/hover', 'args': 60}"
2025-06-16T17:18:17.048109,"{'address': '/hover', 'args': 56}"
2025-06-16T17:18:17.055201,"{'address': '/hover', 'args': 37}"
2025-06-16T17:21:11.222937,"{'address': '/hover', 'args': 60}"
2025-06-16T17:21:11.222810,"{'address': '/hover', 'args': 23}"
2025-06-16T17:21:14.216047,"{'address': '/hover', 'args': 25}"
2025-06-16T17:21:14.232143,"{'address': '/hover', 'args': 0}"
2025-06-16T17:21:14.254998,"{'address': '/hover', 'args': 27}"
2025-06-16T17:21:14.286734,"{'address': '/hover', 'args': 17}"
2025-06-16T17:21:14.315424,"{'address': '/hover', 'args': 16}"
2025-06-16T17:21:14.361746,"{'address': '/hover', 'args': 24}"
2025-06-16T17:21:14.366970,"{'address': '/hover', 'args': 28}"
2025-06-16T17:21:14.656653,"{'address': '/hover', 'args': 14}"
2025-06-16T17:21:14.723102,"{'address': '/hover', 'args': 13}"
2025-06-16T17:21:14.752812,"{'address': '/hover', 'args': 30}"
2025-06-16T17:21:14.788852,"{'address': '/hover', 'args': 11}"
2025-06-16T17:21:14.840426,"{'address': '/hover', 'args': 6}"
2025-06-16T17:21:14.841457,"{'address': '/hover', 'args': 12}"
2025-06-16T17:21:14.888899,"{'address': '/hover', 'args': 31}"
2025-06-16T17:21:14.922484,"{'address': '/hover', 'args': 57}"
2025-06-16T17:21:15.022066,"{'address': '/hover', 'args': 44}"
2025-06-16T17:21:15.280758,"{'address': '/hover', 'args': 56}"
2025-06-16T17:22:49.973876,"{'address': '/hover', 'args': 19}"
2025-06-16T17:22:49.973787,"{'address': '/hover', 'args': 8}"
2025-06-16T17:22:53.075788,"{'address': '/hover', 'args': 47}"
2025-06-16T17:22:53.089691,"{'address': '/hover', 'args': 41}"
2025-06-16T17:22:53.105220,"{'address': '/hover', 'args': 58}"
2025-06-16T17:22:53.121909,"{'address': '/hover', 'args': 5}"
2025-06-16T17:22:53.155355,"{'address': '/hover', 'args': 59}"
2025-06-16T17:22:53.163568,"{'address': '/hover', 'args': 29}"
2025-06-16T17:22:53.188737,"{'address': '/hover', 'args': 35}"
2025-06-16T17:22:53.613962,"{'address': '/hover', 'args': 59}"
2025-06-16T17:22:55.191963,"{'address': '/hover', 'args': 30}"
2025-06-16T17:22:55.205681,"{'address': '/hover', 'args': 59}"
2025-06-16T17:22:55.439361,"{'address': '/hover', 'args': 13}"
2025-06-16T17:22:55.622149,"{'address': '/hover', 'args': 2}"
2025-06-16T17:22:55.638701,"{'address': '/hover', 'args': 11}"
2025-06-16T17:22:55.663576,"{'address': '/hover', 'args': 12}"
2025-06-16T17:22:55.738762,"{'address': '/hover', 'args': 6}"
2025-06-16T17:22:55.872214,"{'address': '/hover', 'args': 8}"
2025-06-16T17:22:55.922451,"{'address': '/hover', 'args': 21}"
2025-06-16T17:22:56.190411,"{'address': '/hover', 'args': 19}"
2025-06-16T17:22:56.931363,"{'address': '/hover', 'args': 9}"
2025-06-16T17:22:56.955949,"{'address': '/hover', 'args': 6}"
2025-06-16T17:22:57.055792,"{'address': '/hover', 'args': 11}"
2025-06-16T17:22:57.196328,"{'address': '/hover', 'args': 2}"
2025-06-16T17:22:57.197048,"{'address': '/hover', 'args': 12}"
2025-06-16T17:22:57.380734,"{'address': '/hover', 'args': 11}"
2025-06-16T17:22:58.099912,"{'address': '/hover', 'args': 30}"
2025-06-16T17:22:58.247677,"{'address': '/hover', 'args': 59}"
2025-06-16T17:22:58.264090,"{'address': '/hover', 'args': 2}"
2025-06-16T17:22:58.380386,"{'address': '/hover', 'args': 12}"
2025-06-16T17:22:58.432044,"{'address': '/hover', 'args': 11}"
2025-06-16T17:22:58.605695,"{'address': '/hover', 'args': 30}"
2025-06-16T17:22:58.747218,"{'address': '/hover', 'args': 2}"
2025-06-16T17:22:58.780404,"{'address': '/hover', 'args': 12}"
2025-06-16T17:22:58.805787,"{'address': '/hover', 'args': 33}"
2025-06-16T17:22:58.997436,"{'address': '/hover', 'args': 30}"
2025-06-16T17:22:59.005922,"{'address': '/hover', 'args': 18}"
2025-06-16T17:22:59.171046,"{'address': '/hover', 'args': 2}"
2025-06-16T17:22:59.247671,"{'address': '/hover', 'args': 33}"
2025-06-16T17:22:59.280979,"{'address': '/hover', 'args': 5}"
2025-06-16T17:22:59.306026,"{'address': '/hover', 'args': 46}"
2025-06-16T17:22:59.330667,"{'address': '/hover', 'args': 41}"
2025-06-16T17:22:59.363202,"{'address': '/hover', 'args': 47}"
2025-06-16T17:23:10.056929,"{'address': '/hover', 'args': 38}"
2025-06-16T17:23:10.072293,"{'address': '/hover', 'args': 41}"
2025-06-16T17:23:10.105003,"{'address': '/hover', 'args': 5}"
2025-06-16T17:23:10.129637,"{'address': '/hover', 'args': 2}"
2025-06-16T17:23:10.180563,"{'address': '/hover', 'args': 30}"
2025-06-16T17:23:10.347334,"{'address': '/hover', 'args': 35}"
2025-06-16T17:23:10.630896,"{'address': '/hover', 'args': 11}"
2025-06-16T17:23:10.650341,"{'address': '/hover', 'args': 18}"
2025-06-16T17:23:10.721609,"{'address': '/hover', 'args': 9}"
2025-06-16T17:23:10.772412,"{'address': '/hover', 'args': 7}"
2025-06-16T17:23:11.166090,"{'address': '/hover', 'args': 18}"
2025-06-16T17:23:11.218124,"{'address': '/hover', 'args': 18}"
2025-06-16T17:23:11.255608,"{'address': '/hover', 'args': 18}"
2025-06-16T17:23:11.289429,"{'address': '/hover', 'args': 18}"
2025-06-16T17:23:11.321763,"{'address': '/hover', 'args': 18}"
2025-06-16T17:23:11.356027,"{'address': '/hover', 'args': 18}"
2025-06-16T17:23:11.382855,"{'address': '/hover', 'args': 18}"
2025-06-16T17:23:11.755726,"{'address': '/hover', 'args': 13}"
2025-06-16T17:23:11.821558,"{'address': '/hover', 'args': 30}"
2025-06-16T17:23:12.490424,"{'address': '/hover', 'args': 13}"
2025-06-16T17:23:12.907241,"{'address': '/hover', 'args': 35}"
2025-06-16T17:23:13.697447,"{'address': '/hover', 'args': 30}"
2025-06-16T17:23:14.630937,"{'address': '/hover', 'args': 35}"
2025-06-16T17:23:14.805666,"{'address': '/hover', 'args': 59}"
2025-06-16T17:23:15.181215,"{'address': '/hover', 'args': 30}"
2025-06-16T17:23:15.630918,"{'address': '/hover', 'args': 2}"
2025-06-16T17:23:16.105473,"{'address': '/hover', 'args': 30}"
2025-06-16T17:23:16.688995,"{'address': '/hover', 'args': 13}"
2025-06-16T17:23:17.089111,"{'address': '/hover', 'args': 35}"
2025-06-16T17:23:17.573277,"{'address': '/hover', 'args': 30}"
2025-06-16T17:23:17.949461,"{'address': '/hover', 'args': 13}"
2025-06-16T17:23:18.415643,"{'address': '/hover', 'args': 35}"
2025-06-16T17:23:18.765488,"{'address': '/hover', 'args': 30}"
2025-06-16T17:23:18.805986,"{'address': '/hover', 'args': 2}"
2025-06-16T17:23:20.122285,"{'address': '/effectPos', 'args': [0.32671957671957674, 0.8639125151883353]}"
2025-06-16T17:23:20.122481,"{'address': '/effectPos', 'args': [0.3273809523809524, 0.8639125151883353]}"
2025-06-16T17:23:20.147671,"{'address': '/effectPos', 'args': [0.3333333333333333, 0.8663426488456865]}"
2025-06-16T17:23:20.177438,"{'address': '/effectPos', 'args': [0.3392857142857143, 0.8687727825030377]}"
2025-06-16T17:23:20.211561,"{'address': '/effectPos', 'args': [0.3644179894179894, 0.8687727825030377]}"
2025-06-16T17:23:20.243717,"{'address': '/effectPos', 'args': [0.3968253968253968, 0.8651275820170109]}"
2025-06-16T17:23:20.277084,"{'address': '/effectPos', 'args': [0.42394179894179895, 0.8566221142162819]}"
2025-06-16T17:23:20.311640,"{'address': '/effectPos', 'args': [0.43452380952380953, 0.8517618469015796]}"
2025-06-16T17:23:20.340811,"{'address': '/effectPos', 'args': [0.43452380952380953, 0.8493317132442284]}"
2025-06-16T17:23:20.381535,"{'address': '/effectPos', 'args': [0.42658730158730157, 0.8238153098420413]}"
2025-06-16T17:23:20.415884,"{'address': '/effectPos', 'args': [0.4113756613756614, 0.7825030376670717]}"
2025-06-16T17:23:20.446105,"{'address': '/effectPos', 'args': [0.39616402116402116, 0.741190765492102]}"
2025-06-16T17:23:20.482097,"{'address': '/effectPos', 'args': [0.38955026455026454, 0.7120291616038882]}"
2025-06-16T17:23:20.512388,"{'address': '/effectPos', 'args': [0.38955026455026454, 0.7059538274605103]}"
2025-06-16T17:23:20.556686,"{'address': '/effectPos', 'args': [0.38955026455026454, 0.7059538274605103]}"
2025-06-16T17:23:20.590219,"{'address': '/effectPos', 'args': [0.3955026455026455, 0.707168894289186]}"
2025-06-16T17:23:20.620298,"{'address': '/effectPos', 'args': [0.40343915343915343, 0.7120291616038882]}"
2025-06-16T17:23:20.653382,"{'address': '/effectPos', 'args': [0.41335978835978837, 0.715674362089915]}"
2025-06-16T17:23:20.689465,"{'address': '/effectPos', 'args': [0.4146825396825397, 0.7168894289185905]}"
2025-06-16T17:23:20.716455,"{'address': '/effectPos', 'args': [0.41534391534391535, 0.7168894289185905]}"
2025-06-16T17:23:20.813012,"{'address': '/effectPos', 'args': [0.4146825396825397, 0.715674362089915]}"
2025-06-16T17:23:21.914165,"{'address': '/hover', 'args': 11}"
2025-06-16T17:23:22.005390,"{'address': '/hover', 'args': 30}"
2025-06-16T17:23:22.531494,"{'address': '/hover', 'args': 2}"
2025-06-16T17:23:22.714403,"{'address': '/hover', 'args': 30}"
2025-06-16T17:23:23.265215,"{'address': '/hover', 'args': 13}"
2025-06-16T17:23:23.564274,"{'address': '/hover', 'args': 35}"
2025-06-16T17:23:23.990879,"{'address': '/hover', 'args': 59}"
2025-06-16T17:23:24.022650,"{'address': '/hover', 'args': 29}"
2025-06-16T17:23:25.830866,"{'address': '/hover', 'args': 5}"
2025-06-16T17:23:27.859327,"{'address': '/hover', 'args': 19}"
2025-06-16T17:23:35.997402,"{'address': '/hover', 'args': 23}"
2025-06-16T17:23:36.172415,"{'address': '/hover', 'args': 21}"
2025-06-16T17:23:36.916986,"{'address': '/hover', 'args': 6}"
2025-06-16T17:23:36.921404,"{'address': '/hover', 'args': 9}"
2025-06-16T17:23:36.981624,"{'address': '/hover', 'args': 11}"
2025-06-16T17:23:37.054986,"{'address': '/hover', 'args': 12}"
2025-06-16T17:23:37.256952,"{'address': '/hover', 'args': 18}"
2025-06-16T17:23:37.288439,"{'address': '/hover', 'args': 30}"
2025-06-16T17:23:37.314213,"{'address': '/hover', 'args': 13}"
2025-06-16T17:23:37.346924,"{'address': '/hover', 'args': 35}"
2025-06-16T17:23:37.706807,"{'address': '/hover', 'args': 59}"
2025-06-16T17:23:38.592589,"{'address': '/hover', 'args': 2}"
2025-06-16T17:23:38.772373,"{'address': '/hover', 'args': 11}"
2025-06-16T17:23:38.898070,"{'address': '/hover', 'args': 12}"
2025-06-16T17:23:39.448255,"{'address': '/hover', 'args': 6}"
2025-06-16T17:23:39.781986,"{'address': '/hover', 'args': 9}"
2025-06-16T17:23:39.856370,"{'address': '/hover', 'args': 18}"
2025-06-16T17:23:39.988830,"{'address': '/hover', 'args': 13}"
2025-06-16T17:23:40.106579,"{'address': '/hover', 'args': 14}"
2025-06-16T17:23:40.205175,"{'address': '/hover', 'args': 35}"
2025-06-16T17:23:40.263817,"{'address': '/hover', 'args': 59}"
2025-06-16T17:23:40.363923,"{'address': '/hover', 'args': 2}"
2025-06-16T17:23:40.431001,"{'address': '/hover', 'args': 33}"
2025-06-16T17:23:41.197420,"{'address': '/hover', 'args': 12}"
2025-06-16T17:23:41.305533,"{'address': '/hover', 'args': 11}"
2025-06-16T17:23:41.875879,"{'address': '/hover', 'args': 30}"
2025-06-16T17:23:41.972104,"{'address': '/hover', 'args': 13}"
2025-06-16T17:23:42.030774,"{'address': '/hover', 'args': 35}"
2025-06-16T17:23:42.298004,"{'address': '/hover', 'args': 59}"
2025-06-16T17:23:42.297861,"{'address': '/hover', 'args': 30}"
2025-06-16T17:23:43.080475,"{'address': '/hover', 'args': 59}"
2025-06-16T17:23:43.130398,"{'address': '/hover', 'args': 2}"
2025-06-16T17:23:43.355857,"{'address': '/hover', 'args': 11}"
2025-06-16T17:23:43.680950,"{'address': '/hover', 'args': 30}"
2025-06-16T17:23:43.730538,"{'address': '/hover', 'args': 18}"
2025-06-16T17:23:43.773682,"{'address': '/hover', 'args': 13}"
2025-06-16T17:23:44.030017,"{'address': '/hover', 'args': 59}"
2025-06-16T17:23:44.089889,"{'address': '/hover', 'args': 2}"
2025-06-16T17:23:44.272345,"{'address': '/hover', 'args': 11}"
2025-06-16T17:23:44.389935,"{'address': '/hover', 'args': 9}"
2025-06-16T17:23:44.397087,"{'address': '/hover', 'args': 18}"
2025-06-16T17:23:44.430398,"{'address': '/hover', 'args': 7}"
2025-06-16T17:23:44.463755,"{'address': '/hover', 'args': 36}"
2025-06-16T17:23:44.463865,"{'address': '/hover', 'args': 60}"
2025-06-16T17:26:37.731227,"{'address': '/effectPos', 'args': [0.4603174603174603, 0.741190765492102]}"
2025-06-16T17:26:37.744202,"{'address': '/effectPos', 'args': [0.45965608465608465, 0.741190765492102]}"
2025-06-16T17:26:37.771405,"{'address': '/effectPos', 'args': [0.45965608465608465, 0.741190765492102]}"
2025-06-16T17:26:37.799290,"{'address': '/effectPos', 'args': [0.45436507936507936, 0.7351154313487241]}"
2025-06-16T17:26:37.832335,"{'address': '/effectPos', 'args': [0.45105820105820105, 0.732685297691373]}"
2025-06-16T17:26:37.861073,"{'address': '/effectPos', 'args': [0.4470899470899471, 0.7278250303766707]}"
2025-06-16T17:26:37.893554,"{'address': '/effectPos', 'args': [0.4417989417989418, 0.7217496962332929]}"
2025-06-16T17:26:37.925175,"{'address': '/effectPos', 'args': [0.43716931216931215, 0.715674362089915]}"
2025-06-16T17:26:37.957166,"{'address': '/effectPos', 'args': [0.4332010582010582, 0.7120291616038882]}"
2025-06-16T17:26:37.989515,"{'address': '/effectPos', 'args': [0.43187830687830686, 0.7108140947752126]}"
2025-06-16T17:26:38.015621,"{'address': '/effectPos', 'args': [0.4279100529100529, 0.7083839611178615]}"
2025-06-16T17:26:38.045391,"{'address': '/effectPos', 'args': [0.416005291005291, 0.7035236938031592]}"
2025-06-16T17:26:38.077249,"{'address': '/effectPos', 'args': [0.38822751322751325, 0.6962332928311057]}"
2025-06-16T17:26:38.108978,"{'address': '/effectPos', 'args': [0.35648148148148145, 0.6938031591737546]}"
2025-06-16T17:26:38.141591,"{'address': '/effectPos', 'args': [0.3273809523809524, 0.6804374240583232]}"
2025-06-16T17:26:38.173523,"{'address': '/effectPos', 'args': [0.3048941798941799, 0.6670716889428918]}"
2025-06-16T17:26:38.201902,"{'address': '/effectPos', 'args': [0.29298941798941797, 0.6573511543134872]}"
2025-06-16T17:26:38.234836,"{'address': '/effectPos', 'args': [0.2830687830687831, 0.6452004860267315]}"
2025-06-16T17:26:38.263025,"{'address': '/effectPos', 'args': [0.27976190476190477, 0.6281895504252734]}"
2025-06-16T17:26:38.294638,"{'address': '/effectPos', 'args': [0.2810846560846561, 0.606318347509113]}"
2025-06-16T17:26:38.326276,"{'address': '/effectPos', 'args': [0.2863756613756614, 0.5929526123936817]}"
2025-06-16T17:26:38.358126,"{'address': '/effectPos', 'args': [0.29563492063492064, 0.5820170109356014]}"
2025-06-16T17:26:38.390225,"{'address': '/effectPos', 'args': [0.3055555555555556, 0.5783718104495748]}"
2025-06-16T17:26:38.417748,"{'address': '/effectPos', 'args': [0.3115079365079365, 0.5808019441069259]}"
2025-06-16T17:26:38.445963,"{'address': '/effectPos', 'args': [0.32275132275132273, 0.6051032806804374]}"
2025-06-16T17:26:38.477712,"{'address': '/effectPos', 'args': [0.335978835978836, 0.6512758201701093]}"
2025-06-16T17:26:38.509840,"{'address': '/effectPos', 'args': [0.33994708994708994, 0.6804374240583232]}"
2025-06-16T17:26:38.541745,"{'address': '/effectPos', 'args': [0.335978835978836, 0.7047387606318347]}"
2025-06-16T17:26:38.570327,"{'address': '/effectPos', 'args': [0.32605820105820105, 0.724179829890644]}"
2025-06-16T17:26:38.599425,"{'address': '/effectPos', 'args': [0.31547619047619047, 0.7363304981773997]}"
2025-06-16T17:26:38.634019,"{'address': '/effectPos', 'args': [0.30357142857142855, 0.7424058323207776]}"
2025-06-16T17:26:38.666446,"{'address': '/effectPos', 'args': [0.294973544973545, 0.741190765492102]}"
2025-06-16T17:26:38.696657,"{'address': '/effectPos', 'args': [0.289021164021164, 0.7278250303766707]}"
2025-06-16T17:26:38.725666,"{'address': '/effectPos', 'args': [0.2857142857142857, 0.7023086269744836]}"
2025-06-16T17:26:38.757084,"{'address': '/effectPos', 'args': [0.2876984126984127, 0.6622114216281896]}"
2025-06-16T17:26:38.789391,"{'address': '/effectPos', 'args': [0.29894179894179895, 0.6281895504252734]}"
2025-06-16T17:26:38.821486,"{'address': '/effectPos', 'args': [0.31746031746031744, 0.5965978128797084]}"
2025-06-16T17:26:38.849832,"{'address': '/effectPos', 'args': [0.3306878306878307, 0.5795868772782503]}"
2025-06-16T17:26:38.876782,"{'address': '/effectPos', 'args': [0.34523809523809523, 0.5662211421628189]}"
2025-06-16T17:26:38.909088,"{'address': '/effectPos', 'args': [0.35185185185185186, 0.5650060753341434]}"
2025-06-16T17:26:38.941514,"{'address': '/effectPos', 'args': [0.3584656084656085, 0.5735115431348724]}"
2025-06-16T17:26:38.973479,"{'address': '/effectPos', 'args': [0.37037037037037035, 0.6014580801944107]}"
2025-06-16T17:26:39.001279,"{'address': '/effectPos', 'args': [0.376984126984127, 0.6294046172539489]}"
2025-06-16T17:26:39.032931,"{'address': '/effectPos', 'args': [0.3776455026455027, 0.6670716889428918]}"
2025-06-16T17:26:39.066862,"{'address': '/effectPos', 'args': [0.36706349206349204, 0.6998784933171325]}"
2025-06-16T17:26:39.093691,"{'address': '/effectPos', 'args': [0.35714285714285715, 0.7278250303766707]}"
2025-06-16T17:26:39.126635,"{'address': '/effectPos', 'args': [0.3492063492063492, 0.7484811664641555]}"
2025-06-16T17:26:39.157396,"{'address': '/effectPos', 'args': [0.3445767195767196, 0.7569866342648846]}"
2025-06-16T17:26:39.189824,"{'address': '/effectPos', 'args': [0.3412698412698413, 0.7594167679222357]}"
2025-06-16T17:26:39.217722,"{'address': '/effectPos', 'args': [0.33994708994708994, 0.7606318347509113]}"
2025-06-16T17:26:39.267781,"{'address': '/effectPos', 'args': [0.3392857142857143, 0.7606318347509113]}"
2025-06-16T17:26:39.302742,"{'address': '/effectPos', 'args': [0.3392857142857143, 0.7594167679222357]}"
2025-06-16T17:26:39.340516,"{'address': '/effectPos', 'args': [0.3353174603174603, 0.7521263669501823]}"
2025-06-16T17:26:39.373979,"{'address': '/effectPos', 'args': [0.33201058201058203, 0.74726609963548]}"
2025-06-16T17:26:39.874796,"{'address': '/effectPos', 'args': [0.33201058201058203, 0.74726609963548]}"
2025-06-16T17:26:39.937983,"{'address': '/effectPos', 'args': [0.33201058201058203, 0.74726609963548]}"
2025-06-16T17:26:39.965223,"{'address': '/effectPos', 'args': [0.3273809523809524, 0.7399756986634265]}"
2025-06-16T17:26:39.992923,"{'address': '/effectPos', 'args': [0.3148148148148148, 0.7266099635479951]}"
2025-06-16T17:26:40.021200,"{'address': '/effectPos', 'args': [0.2962962962962963, 0.7083839611178615]}"
2025-06-16T17:26:40.053206,"{'address': '/effectPos', 'args': [0.2777777777777778, 0.6852976913730255]}"
2025-06-16T17:26:40.085267,"{'address': '/effectPos', 'args': [0.2638888888888889, 0.6634264884568651]}"
2025-06-16T17:26:40.117337,"{'address': '/effectPos', 'args': [0.2585978835978836, 0.6464155528554071]}"
2025-06-16T17:26:40.149625,"{'address': '/effectPos', 'args': [0.25793650793650796, 0.6294046172539489]}"
2025-06-16T17:26:40.182084,"{'address': '/effectPos', 'args': [0.2605820105820106, 0.6160388821385177]}"
2025-06-16T17:26:40.217282,"{'address': '/effectPos', 'args': [0.2638888888888889, 0.6111786148238153]}"
2025-06-16T17:26:40.270665,"{'address': '/effectPos', 'args': [0.26521164021164023, 0.6087484811664642]}"
2025-06-16T17:26:40.302579,"{'address': '/effectPos', 'args': [0.26851851851851855, 0.6196840826245443]}"
2025-06-16T17:26:40.334811,"{'address': '/effectPos', 'args': [0.2718253968253968, 0.6537059538274606]}"
2025-06-16T17:26:40.366679,"{'address': '/effectPos', 'args': [0.26851851851851855, 0.6962332928311057]}"
2025-06-16T17:26:40.399874,"{'address': '/effectPos', 'args': [0.2566137566137566, 0.7290400972053463]}"
2025-06-16T17:26:40.429711,"{'address': '/effectPos', 'args': [0.25, 0.7399756986634265]}"
2025-06-16T17:26:40.558014,"{'address': '/effectPos', 'args': [0.25, 0.741190765492102]}"
2025-06-16T17:26:40.589986,"{'address': '/effectPos', 'args': [0.24933862433862433, 0.741190765492102]}"
2025-06-16T17:26:46.457547,"{'address': '/hover', 'args': 8}"
2025-06-16T17:26:46.457635,"{'address': '/hover', 'args': 31}"
2025-06-16T17:26:46.483670,"{'address': '/hover', 'args': 6}"
2025-06-16T17:26:46.538312,"{'address': '/hover', 'args': 11}"
2025-06-16T17:26:46.773022,"{'address': '/hover', 'args': 2}"
2025-06-16T17:26:46.839899,"{'address': '/hover', 'args': 33}"
2025-06-16T17:26:46.864213,"{'address': '/hover', 'args': 12}"
2025-06-16T17:26:47.006478,"{'address': '/hover', 'args': 6}"
2025-06-16T17:26:47.223498,"{'address': '/hover', 'args': 11}"
2025-06-16T17:26:47.356596,"{'address': '/hover', 'args': 30}"
2025-06-16T17:26:47.623487,"{'address': '/hover', 'args': 35}"
2025-06-16T17:26:47.732541,"{'address': '/hover', 'args': 13}"
2025-06-16T17:26:48.057425,"{'address': '/hover', 'args': 2}"
2025-06-16T17:26:48.057527,"{'address': '/hover', 'args': 11}"
2025-06-16T17:26:48.189780,"{'address': '/hover', 'args': 12}"
2025-06-16T17:26:48.339918,"{'address': '/hover', 'args': 30}"
2025-06-16T17:26:48.440477,"{'address': '/hover', 'args': 13}"
2025-06-16T17:26:48.524042,"{'address': '/hover', 'args': 35}"
2025-06-16T17:26:48.606408,"{'address': '/hover', 'args': 59}"
2025-06-16T17:26:48.656534,"{'address': '/hover', 'args': 2}"
2025-06-16T17:26:48.797841,"{'address': '/hover', 'args': 11}"
2025-06-16T17:26:48.914255,"{'address': '/hover', 'args': 18}"
2025-06-16T17:26:49.106549,"{'address': '/hover', 'args': 2}"
2025-06-16T17:26:49.247763,"{'address': '/hover', 'args': 30}"
2025-06-16T17:26:49.365046,"{'address': '/hover', 'args': 59}"
2025-06-16T17:26:49.530981,"{'address': '/hover', 'args': 2}"
2025-06-16T17:26:49.598194,"{'address': '/hover', 'args': 11}"
2025-06-16T17:26:49.698237,"{'address': '/hover', 'args': 9}"
2025-06-16T17:26:49.939982,"{'address': '/hover', 'args': 2}"
2025-06-16T17:26:50.031501,"{'address': '/hover', 'args': 59}"
2025-06-16T17:26:50.223750,"{'address': '/hover', 'args': 33}"
2025-06-16T17:26:50.231541,"{'address': '/hover', 'args': 12}"
2025-06-16T17:26:50.339882,"{'address': '/hover', 'args': 11}"
2025-06-16T17:26:50.389748,"{'address': '/hover', 'args': 30}"
2025-06-16T17:26:50.564884,"{'address': '/hover', 'args': 12}"
2025-06-16T17:26:50.631649,"{'address': '/hover', 'args': 2}"
2025-06-16T17:26:50.715376,"{'address': '/hover', 'args': 59}"
2025-06-16T17:26:50.788590,"{'address': '/hover', 'args': 30}"
2025-06-16T17:26:50.806431,"{'address': '/hover', 'args': 35}"
2025-06-16T17:26:50.922568,"{'address': '/hover', 'args': 13}"
2025-06-16T17:26:51.189842,"{'address': '/hover', 'args': 14}"
2025-06-16T17:26:51.823049,"{'address': '/hover', 'args': 1}"
2025-06-16T17:26:51.939904,"{'address': '/hover', 'args': 4}"
2025-06-16T17:26:52.039727,"{'address': '/hover', 'args': 28}"
2025-06-16T17:26:52.106572,"{'address': '/hover', 'args': 14}"
2025-06-16T17:26:52.223896,"{'address': '/hover', 'args': 35}"
2025-06-16T17:26:52.239859,"{'address': '/hover', 'args': 13}"
2025-06-16T17:26:52.289753,"{'address': '/hover', 'args': 30}"
2025-06-16T17:26:52.548470,"{'address': '/hover', 'args': 18}"
2025-06-16T17:26:52.599164,"{'address': '/hover', 'args': 7}"
2025-06-16T17:26:52.600346,"{'address': '/hover', 'args': 34}"
2025-06-16T17:26:52.600439,"{'address': '/hover', 'args': 36}"
2025-06-16T17:28:49.940482,"{'address': '/hover', 'args': 19}"
2025-06-16T17:28:49.948167,"{'address': '/hover', 'args': 23}"
2025-06-16T17:28:50.039838,"{'address': '/hover', 'args': 21}"
2025-06-16T17:28:50.490583,"{'address': '/hover', 'args': 19}"
2025-06-16T17:28:51.000070,"{'address': '/hover', 'args': 8}"
2025-06-16T17:28:51.048169,"{'address': '/hover', 'args': 6}"
2025-06-16T17:28:51.107629,"{'address': '/hover', 'args': 31}"
2025-06-16T17:28:51.465415,"{'address': '/hover', 'args': 11}"
2025-06-16T17:28:51.564774,"{'address': '/hover', 'args': 30}"
2025-06-16T17:28:51.656863,"{'address': '/hover', 'args': 59}"
2025-06-16T17:28:51.664809,"{'address': '/hover', 'args': 35}"
2025-06-16T17:28:51.889527,"{'address': '/hover', 'args': 2}"
2025-06-16T17:28:52.224961,"{'address': '/hover', 'args': 33}"
2025-06-16T17:28:52.923096,"{'address': '/hover', 'args': 5}"
2025-06-16T17:28:52.973108,"{'address': '/hover', 'args': 59}"
2025-06-16T17:28:53.049888,"{'address': '/hover', 'args': 35}"
2025-06-16T17:28:53.049824,"{'address': '/hover', 'args': 29}"
2025-06-16T17:28:53.158258,"{'address': '/hover', 'args': 43}"
2025-06-16T17:28:53.222475,"{'address': '/hover', 'args': 14}"
2025-06-16T17:28:53.540427,"{'address': '/hover', 'args': 28}"
2025-06-16T17:28:53.875539,"{'address': '/hover', 'args': 13}"
2025-06-16T17:28:54.841797,"{'address': '/hover', 'args': 30}"
2025-06-16T17:28:55.190689,"{'address': '/hover', 'args': 13}"
2025-06-16T17:28:55.281832,"{'address': '/hover', 'args': 14}"
2025-06-16T17:28:55.640085,"{'address': '/hover', 'args': 43}"
2025-06-16T17:28:55.656620,"{'address': '/hover', 'args': 1}"
2025-06-16T17:28:56.074876,"{'address': '/hover', 'args': 14}"
2025-06-16T17:28:56.123677,"{'address': '/hover', 'args': 1}"
2025-06-16T17:28:56.181505,"{'address': '/hover', 'args': 28}"
2025-06-16T17:28:56.800891,"{'address': '/hover', 'args': 14}"
2025-06-16T17:28:57.207933,"{'address': '/hover', 'args': 43}"
2025-06-16T17:28:57.231094,"{'address': '/hover', 'args': 35}"
2025-06-16T17:28:57.239969,"{'address': '/hover', 'args': 29}"
2025-06-16T17:28:57.264540,"{'address': '/hover', 'args': 58}"
2025-06-16T17:28:57.289584,"{'address': '/hover', 'args': 41}"
2025-06-16T17:28:57.356685,"{'address': '/hover', 'args': 46}"
2025-06-16T17:28:57.406802,"{'address': '/hover', 'args': 37}"
2025-06-16T17:28:57.440400,"{'address': '/hover', 'args': 44}"
2025-06-16T17:28:58.562092,"{'address': '/effectPos', 'args': [0.25727513227513227, 0.764277035236938]}"
2025-06-16T17:28:58.562485,"{'address': '/effectPos', 'args': [0.25595238095238093, 0.7630619684082625]}"
2025-06-16T17:28:58.595654,"{'address': '/effectPos', 'args': [0.2533068783068783, 0.7484811664641555]}"
2025-06-16T17:28:58.622229,"{'address': '/effectPos', 'args': [0.25, 0.7266099635479951]}"
2025-06-16T17:28:58.653588,"{'address': '/effectPos', 'args': [0.2447089947089947, 0.6877278250303767]}"
2025-06-16T17:28:58.685883,"{'address': '/effectPos', 'args': [0.2400793650793651, 0.6391251518833536]}"
2025-06-16T17:28:58.718237,"{'address': '/effectPos', 'args': [0.23875661375661375, 0.5844471445929527]}"
2025-06-16T17:28:58.750758,"{'address': '/effectPos', 'args': [0.2361111111111111, 0.5309842041312273]}"
2025-06-16T17:28:58.783622,"{'address': '/effectPos', 'args': [0.23743386243386244, 0.4726609963547995]}"
2025-06-16T17:28:58.809989,"{'address': '/effectPos', 'args': [0.24074074074074073, 0.4374240583232078]}"
2025-06-16T17:28:58.838400,"{'address': '/effectPos', 'args': [0.24404761904761904, 0.3973268529769137]}"
2025-06-16T17:28:58.869679,"{'address': '/effectPos', 'args': [0.24404761904761904, 0.36087484811664644]}"
2025-06-16T17:28:58.902363,"{'address': '/effectPos', 'args': [0.24404761904761904, 0.33292831105710813]}"
2025-06-16T17:28:58.933887,"{'address': '/effectPos', 'args': [0.24206349206349206, 0.30984204131227217]}"
2025-06-16T17:28:58.961881,"{'address': '/effectPos', 'args': [0.24272486772486773, 0.28797083839611176]}"
2025-06-16T17:28:58.989922,"{'address': '/effectPos', 'args': [0.24338624338624337, 0.26852976913730253]}"
2025-06-16T17:28:59.023188,"{'address': '/effectPos', 'args': [0.24338624338624337, 0.2503037667071689]}"
2025-06-16T17:28:59.054431,"{'address': '/effectPos', 'args': [0.24206349206349206, 0.23693803159173754]}"
2025-06-16T17:29:00.511198,"{'address': '/hover', 'args': 8}"
2025-06-16T17:29:00.529524,"{'address': '/hover', 'args': 6}"
2025-06-16T17:29:00.568632,"{'address': '/hover', 'args': 9}"
2025-06-16T17:29:00.577778,"{'address': '/hover', 'args': 11}"
2025-06-16T17:29:00.627075,"{'address': '/hover', 'args': 30}"
2025-06-16T17:29:00.727057,"{'address': '/hover', 'args': 35}"
2025-06-16T17:29:00.885004,"{'address': '/hover', 'args': 2}"
2025-06-16T17:29:01.019431,"{'address': '/hover', 'args': 12}"
2025-06-16T17:29:01.288212,"{'address': '/hover', 'args': 30}"
2025-06-16T17:29:01.719612,"{'address': '/hover', 'args': 2}"
2025-06-16T17:29:02.394827,"{'address': '/hover', 'args': 11}"
2025-06-16T17:29:03.269645,"{'address': '/hover', 'args': 30}"
2025-06-16T17:29:03.335438,"{'address': '/hover', 'args': 13}"
2025-06-16T17:29:03.427305,"{'address': '/hover', 'args': 14}"
2025-06-16T17:29:03.668912,"{'address': '/hover', 'args': 35}"
2025-06-16T17:29:03.713491,"{'address': '/hover', 'args': 59}"
2025-06-16T17:29:03.713426,"{'address': '/hover', 'args': 29}"
2025-06-16T17:29:03.743938,"{'address': '/hover', 'args': 5}"
2025-06-16T17:29:03.795656,"{'address': '/hover', 'args': 33}"
2025-06-16T17:29:03.802080,"{'address': '/hover', 'args': 46}"
2025-06-16T17:29:03.844844,"{'address': '/hover', 'args': 44}"
2025-06-16T17:29:03.893518,"{'address': '/hover', 'args': 57}"
2025-06-16T17:29:05.639507,"{'address': '/effectPos', 'args': [0.25, 0.2770352369380316]}"
2025-06-16T17:29:05.639882,"{'address': '/effectPos', 'args': [0.25, 0.2770352369380316]}"
2025-06-16T17:29:05.676859,"{'address': '/effectPos', 'args': [0.24735449735449735, 0.27217496962332927]}"
2025-06-16T17:29:05.703595,"{'address': '/effectPos', 'args': [0.2414021164021164, 0.27217496962332927]}"
2025-06-16T17:29:05.733884,"{'address': '/effectPos', 'args': [0.22420634920634921, 0.2733900364520049]}"
2025-06-16T17:29:05.766831,"{'address': '/effectPos', 'args': [0.20105820105820105, 0.28311057108140947]}"
2025-06-16T17:29:05.800058,"{'address': '/effectPos', 'args': [0.1693121693121693, 0.29526123936816523]}"
2025-06-16T17:29:05.831151,"{'address': '/effectPos', 'args': [0.13558201058201058, 0.30741190765492105]}"
2025-06-16T17:29:05.863390,"{'address': '/effectPos', 'args': [0.10648148148148148, 0.32077764277035237]}"
2025-06-16T17:29:05.901801,"{'address': '/effectPos', 'args': [0.08333333333333333, 0.330498177399757]}"
2025-06-16T17:29:05.935229,"{'address': '/effectPos', 'args': [0.06547619047619048, 0.3402187120291616]}"
2025-06-16T17:29:05.968664,"{'address': '/effectPos', 'args': [0.06349206349206349, 0.34264884568651277]}"
2025-06-16T17:29:06.002457,"{'address': '/effectPos', 'args': [0.06349206349206349, 0.3462940461725395]}"
2025-06-16T17:29:06.030714,"{'address': '/effectPos', 'args': [0.06349206349206349, 0.3572296476306197]}"
2025-06-16T17:29:06.063011,"{'address': '/effectPos', 'args': [0.062169312169312166, 0.3730255164034022]}"
2025-06-16T17:29:06.095655,"{'address': '/effectPos', 'args': [0.062169312169312166, 0.40340218712029163]}"
2025-06-16T17:29:06.127113,"{'address': '/effectPos', 'args': [0.06084656084656084, 0.4349939246658566]}"
2025-06-16T17:29:06.158476,"{'address': '/effectPos', 'args': [0.05886243386243386, 0.4556500607533414]}"
2025-06-16T17:29:06.190767,"{'address': '/effectPos', 'args': [0.05886243386243386, 0.48602673147023084]}"
2025-06-16T17:29:06.222913,"{'address': '/effectPos', 'args': [0.05291005291005291, 0.5188335358444714]}"
2025-06-16T17:29:06.255005,"{'address': '/effectPos', 'args': [0.047619047619047616, 0.5625759416767923]}"
2025-06-16T17:29:06.286217,"{'address': '/effectPos', 'args': [0.041005291005291, 0.6026731470230863]}"
2025-06-16T17:29:06.319555,"{'address': '/effectPos', 'args': [0.036375661375661374, 0.6403402187120292]}"
2025-06-16T17:29:06.350640,"{'address': '/effectPos', 'args': [0.03306878306878307, 0.6634264884568651]}"
2025-06-16T17:29:06.387579,"{'address': '/effectPos', 'args': [0.03042328042328042, 0.6780072904009721]}"
2025-06-16T17:29:06.417007,"{'address': '/effectPos', 'args': [0.0291005291005291, 0.6901579586877278]}"
2025-06-16T17:29:06.494701,"{'address': '/effectPos', 'args': [0.027777777777777776, 0.6938031591737546]}"
2025-06-16T17:29:06.526048,"{'address': '/effectPos', 'args': [0.02513227513227513, 0.6828675577156743]}"
2025-06-16T17:29:06.558270,"{'address': '/effectPos', 'args': [0.022486772486772486, 0.675577156743621]}"
2025-06-16T17:29:06.601489,"{'address': '/effectPos', 'args': [0.021825396825396824, 0.6731470230862697]}"
2025-06-16T17:29:06.635379,"{'address': '/effectPos', 'args': [0.0205026455026455, 0.6658566221142163]}"
2025-06-16T17:29:06.663122,"{'address': '/effectPos', 'args': [0.0205026455026455, 0.6366950182260024]}"
2025-06-16T17:29:06.694738,"{'address': '/effectPos', 'args': [0.0205026455026455, 0.5893074119076549]}"
2025-06-16T17:29:06.727137,"{'address': '/effectPos', 'args': [0.0205026455026455, 0.5455650060753341]}"
2025-06-16T17:29:06.758835,"{'address': '/effectPos', 'args': [0.021164021164021163, 0.49696233292831105]}"
2025-06-16T17:29:06.791144,"{'address': '/effectPos', 'args': [0.027116402116402115, 0.44835965978128794]}"
2025-06-16T17:29:06.822842,"{'address': '/effectPos', 'args': [0.031084656084656083, 0.4046172539489672]}"
2025-06-16T17:29:06.855418,"{'address': '/effectPos', 'args': [0.028439153439153438, 0.3669501822600243]}"
2025-06-16T17:29:06.889536,"{'address': '/effectPos', 'args': [0.027777777777777776, 0.330498177399757]}"
2025-06-16T17:29:06.923998,"{'address': '/effectPos', 'args': [0.02513227513227513, 0.29526123936816523]}"
2025-06-16T17:29:06.951340,"{'address': '/effectPos', 'args': [0.01984126984126984, 0.26123936816524906]}"
2025-06-16T17:29:06.984630,"{'address': '/effectPos', 'args': [0.016534391534391533, 0.23207776427703525]}"
2025-06-16T17:29:07.018390,"{'address': '/effectPos', 'args': [0.013227513227513227, 0.20291616038882138]}"
2025-06-16T17:29:07.047347,"{'address': '/effectPos', 'args': [0.011243386243386243, 0.18347509113001215]}"
2025-06-16T17:29:07.078864,"{'address': '/effectPos', 'args': [0.010582010582010581, 0.16889428918590524]}"
2025-06-16T17:29:07.110666,"{'address': '/effectPos', 'args': [0.010582010582010581, 0.15188335358444716]}"
2025-06-16T17:29:07.142721,"{'address': '/effectPos', 'args': [0.011904761904761904, 0.14094775212636695]}"
2025-06-16T17:29:07.174474,"{'address': '/effectPos', 'args': [0.011904761904761904, 0.13730255164034022]}"
2025-06-16T17:29:07.206573,"{'address': '/effectPos', 'args': [0.011904761904761904, 0.13487241798298907]}"
2025-06-16T17:29:07.262571,"{'address': '/effectPos', 'args': [0.011904761904761904, 0.13487241798298907]}"
2025-06-16T17:29:08.507463,"{'address': '/hover', 'args': 8}"
2025-06-16T17:29:08.515221,"{'address': '/hover', 'args': 31}"
2025-06-16T17:29:08.533275,"{'address': '/hover', 'args': 6}"
2025-06-16T17:29:08.573460,"{'address': '/hover', 'args': 12}"
2025-06-16T17:29:08.598275,"{'address': '/hover', 'args': 11}"
2025-06-16T17:29:08.832386,"{'address': '/hover', 'args': 2}"
2025-06-16T17:29:09.124014,"{'address': '/hover', 'args': 6}"
2025-06-16T17:29:09.206823,"{'address': '/hover', 'args': 8}"
2025-06-16T17:29:09.265855,"{'address': '/hover', 'args': 19}"
2025-06-16T17:29:09.390463,"{'address': '/hover', 'args': 23}"
2025-06-16T17:29:19.918271,"{'address': '/hover', 'args': 19}"
2025-06-16T17:29:19.939893,"{'address': '/hover', 'args': 23}"
2025-06-16T17:29:19.990087,"{'address': '/hover', 'args': 21}"
2025-06-16T17:29:20.489923,"{'address': '/hover', 'args': 8}"
2025-06-16T17:29:20.523235,"{'address': '/hover', 'args': 6}"
2025-06-16T17:29:20.556241,"{'address': '/hover', 'args': 31}"
2025-06-16T17:29:20.590432,"{'address': '/hover', 'args': 12}"
2025-06-16T17:29:20.698830,"{'address': '/hover', 'args': 2}"
2025-06-16T17:29:20.698894,"{'address': '/hover', 'args': 11}"
2025-06-16T17:29:20.958530,"{'address': '/hover', 'args': 12}"
2025-06-16T17:29:21.281473,"{'address': '/hover', 'args': 6}"
2025-06-16T17:29:21.290753,"{'address': '/hover', 'args': 31}"
2025-06-16T17:29:22.691335,"{'address': '/effectPos', 'args': [0.09457671957671958, 0.2648845686512758]}"
2025-06-16T17:29:22.718648,"{'address': '/effectPos', 'args': [0.09457671957671958, 0.2648845686512758]}"
2025-06-16T17:29:22.774340,"{'address': '/effectPos', 'args': [0.09523809523809523, 0.2648845686512758]}"
2025-06-16T17:29:22.809679,"{'address': '/effectPos', 'args': [0.10912698412698413, 0.2709599027946537]}"
2025-06-16T17:29:22.838440,"{'address': '/effectPos', 'args': [0.14814814814814814, 0.2891859052247874]}"
2025-06-16T17:29:22.870606,"{'address': '/effectPos', 'args': [0.19378306878306878, 0.3025516403402187]}"
2025-06-16T17:29:22.902349,"{'address': '/effectPos', 'args': [0.2328042328042328, 0.3025516403402187]}"
2025-06-16T17:29:22.934555,"{'address': '/effectPos', 'args': [0.2612433862433862, 0.3001215066828676]}"
2025-06-16T17:29:22.967243,"{'address': '/effectPos', 'args': [0.2810846560846561, 0.2916160388821385]}"
2025-06-16T17:29:23.000891,"{'address': '/effectPos', 'args': [0.2876984126984127, 0.284325637910085]}"
2025-06-16T17:29:23.030478,"{'address': '/effectPos', 'args': [0.2896825396825397, 0.27946537059538273]}"
2025-06-16T17:29:23.062586,"{'address': '/effectPos', 'args': [0.294973544973545, 0.2733900364520049]}"
2025-06-16T17:29:23.094393,"{'address': '/effectPos', 'args': [0.2976190476190476, 0.2709599027946537]}"
2025-06-16T17:29:23.126683,"{'address': '/effectPos', 'args': [0.30423280423280424, 0.2709599027946537]}"
2025-06-16T17:29:23.158547,"{'address': '/effectPos', 'args': [0.31084656084656087, 0.27217496962332927]}"
2025-06-16T17:29:23.192679,"{'address': '/effectPos', 'args': [0.31746031746031744, 0.2782503037667072]}"
2025-06-16T17:29:23.222754,"{'address': '/effectPos', 'args': [0.3247354497354497, 0.2867557715674362]}"
2025-06-16T17:29:23.254728,"{'address': '/effectPos', 'args': [0.330026455026455, 0.29404617253948967]}"
2025-06-16T17:29:23.287687,"{'address': '/effectPos', 'args': [0.33664021164021163, 0.3001215066828676]}"
2025-06-16T17:29:23.318517,"{'address': '/effectPos', 'args': [0.3406084656084656, 0.3086269744835966]}"
2025-06-16T17:29:23.350108,"{'address': '/effectPos', 'args': [0.33994708994708994, 0.3292831105710814]}"
2025-06-16T17:29:24.437185,"{'address': '/hover', 'args': 19}"
2025-06-16T17:29:24.437084,"{'address': '/hover', 'args': 8}"
2025-06-16T17:29:24.468638,"{'address': '/hover', 'args': 21}"
2025-06-16T17:29:24.520145,"{'address': '/hover', 'args': 9}"
2025-06-16T17:29:24.602736,"{'address': '/hover', 'args': 18}"
2025-06-16T17:29:24.644578,"{'address': '/hover', 'args': 30}"
2025-06-16T17:29:24.894587,"{'address': '/hover', 'args': 9}"
2025-06-16T17:29:24.909989,"{'address': '/hover', 'args': 7}"
2025-06-16T17:29:24.926822,"{'address': '/hover', 'args': 60}"
2025-06-16T17:34:48.404236,"{'address': '/hover', 'args': 23}"
2025-06-16T17:35:02.204848,"{'address': '/hover', 'args': 39}"
2025-06-16T17:35:02.228454,"{'address': '/hover', 'args': 40}"
2025-06-16T17:35:02.262234,"{'address': '/hover', 'args': 29}"
2025-06-16T17:35:02.262297,"{'address': '/hover', 'args': 45}"
2025-06-16T17:35:02.286551,"{'address': '/hover', 'args': 43}"
2025-06-16T17:35:02.294089,"{'address': '/hover', 'args': 35}"
2025-06-16T17:35:02.311487,"{'address': '/hover', 'args': 14}"
2025-06-16T17:35:02.328095,"{'address': '/hover', 'args': 13}"
2025-06-16T17:35:02.353228,"{'address': '/hover', 'args': 20}"
2025-06-16T17:35:02.353962,"{'address': '/hover', 'args': 24}"
2025-06-16T17:35:02.386748,"{'address': '/hover', 'args': 10}"
2025-06-16T17:35:02.544778,"{'address': '/hover', 'args': 15}"
2025-06-16T17:36:57.487898,"{'address': '/hover', 'args': 23}"
2025-06-16T17:36:58.880329,"{'address': '/hover', 'args': 8}"
2025-06-16T17:36:58.895767,"{'address': '/hover', 'args': 31}"
2025-06-16T17:36:58.912486,"{'address': '/hover', 'args': 6}"
2025-06-16T17:36:59.003995,"{'address': '/hover', 'args': 11}"
2025-06-16T17:36:59.095409,"{'address': '/hover', 'args': 18}"
2025-06-16T17:36:59.112772,"{'address': '/hover', 'args': 30}"
2025-06-16T17:36:59.262042,"{'address': '/hover', 'args': 59}"
2025-06-16T17:36:59.286794,"{'address': '/hover', 'args': 2}"
2025-06-16T17:36:59.512484,"{'address': '/hover', 'args': 11}"
2025-06-16T17:36:59.547007,"{'address': '/hover', 'args': 30}"
2025-06-16T17:37:00.915197,"{'address': '/hover', 'args': 2}"
2025-06-16T17:37:00.961960,"{'address': '/hover', 'args': 11}"
2025-06-16T17:37:01.012417,"{'address': '/hover', 'args': 12}"
2025-06-16T17:37:01.028729,"{'address': '/hover', 'args': 6}"
2025-06-16T17:37:01.095666,"{'address': '/hover', 'args': 21}"
2025-06-16T17:37:01.461962,"{'address': '/hover', 'args': 19}"
2025-06-16T17:37:01.828762,"{'address': '/hover', 'args': 8}"
2025-06-16T17:37:01.920114,"{'address': '/hover', 'args': 6}"
2025-06-16T17:37:01.980611,"{'address': '/hover', 'args': 31}"
2025-06-16T17:37:02.128604,"{'address': '/hover', 'args': 12}"
2025-06-16T17:37:02.162709,"{'address': '/hover', 'args': 11}"
2025-06-16T17:37:02.237043,"{'address': '/hover', 'args': 30}"
2025-06-16T17:37:02.320847,"{'address': '/hover', 'args': 59}"
2025-06-16T17:37:02.362759,"{'address': '/hover', 'args': 2}"
2025-06-16T17:37:02.445377,"{'address': '/hover', 'args': 33}"
2025-06-16T17:37:02.503554,"{'address': '/hover', 'args': 12}"
2025-06-16T17:37:02.562090,"{'address': '/hover', 'args': 11}"
2025-06-16T17:37:02.646161,"{'address': '/hover', 'args': 30}"
2025-06-16T17:37:02.992024,"{'address': '/hover', 'args': 2}"
2025-06-16T17:37:03.087933,"{'address': '/hover', 'args': 33}"
2025-06-16T17:37:03.187443,"{'address': '/hover', 'args': 12}"
2025-06-16T17:37:03.270951,"{'address': '/hover', 'args': 11}"
2025-06-16T17:37:03.355154,"{'address': '/hover', 'args': 30}"
2025-06-16T17:37:03.428653,"{'address': '/hover', 'args': 59}"
2025-06-16T17:37:03.510818,"{'address': '/hover', 'args': 2}"
2025-06-16T17:37:03.586340,"{'address': '/hover', 'args': 33}"
2025-06-16T17:37:03.645443,"{'address': '/hover', 'args': 12}"
2025-06-16T17:37:03.729018,"{'address': '/hover', 'args': 11}"
2025-06-16T17:37:03.770109,"{'address': '/hover', 'args': 30}"
2025-06-16T17:37:03.820794,"{'address': '/hover', 'args': 18}"
2025-06-16T17:37:03.979191,"{'address': '/hover', 'args': 12}"
2025-06-16T17:37:03.999602,"{'address': '/hover', 'args': 6}"
2025-06-16T17:37:04.062065,"{'address': '/hover', 'args': 8}"
2025-06-16T17:37:04.078659,"{'address': '/hover', 'args': 19}"
2025-06-16T17:37:04.111934,"{'address': '/hover', 'args': 23}"
2025-06-16T17:44:07.715832,"{'address': '/hover', 'args': 36}"
2025-06-16T17:44:07.715775,"{'address': '/hover', 'args': 15}"
2025-06-16T17:44:11.590421,"{'address': '/hover', 'args': 56}"
2025-06-16T17:44:13.321689,"{'address': '/hover', 'args': 19}"
2025-06-16T17:44:13.363444,"{'address': '/hover', 'args': 23}"
2025-06-16T17:44:13.604945,"{'address': '/hover', 'args': 21}"
2025-06-16T17:44:13.945911,"{'address': '/hover', 'args': 8}"
2025-06-16T17:44:13.972065,"{'address': '/hover', 'args': 6}"
2025-06-16T17:44:14.038051,"{'address': '/hover', 'args': 31}"
2025-06-16T17:44:14.321814,"{'address': '/hover', 'args': 11}"
2025-06-16T17:44:14.363600,"{'address': '/hover', 'args': 9}"
2025-06-16T17:44:14.398688,"{'address': '/hover', 'args': 18}"
2025-06-16T17:44:14.438570,"{'address': '/hover', 'args': 13}"
2025-06-16T17:44:14.521523,"{'address': '/hover', 'args': 14}"
2025-06-16T17:44:14.563507,"{'address': '/hover', 'args': 35}"
2025-06-16T17:44:14.613648,"{'address': '/hover', 'args': 59}"
2025-06-16T17:44:14.679928,"{'address': '/hover', 'args': 5}"
2025-06-16T17:44:14.696955,"{'address': '/hover', 'args': 2}"
2025-06-16T17:44:14.721625,"{'address': '/hover', 'args': 33}"
2025-06-16T17:44:14.888235,"{'address': '/hover', 'args': 12}"
2025-06-16T17:44:15.306620,"{'address': '/hover', 'args': 57}"
2025-06-16T17:44:15.555489,"{'address': '/hover', 'args': 2}"
2025-06-16T17:44:15.612810,"{'address': '/hover', 'args': 11}"
2025-06-16T17:44:15.679711,"{'address': '/hover', 'args': 30}"
2025-06-16T17:44:15.930166,"{'address': '/hover', 'args': 59}"
2025-06-16T17:44:15.955039,"{'address': '/hover', 'args': 5}"
2025-06-16T17:44:16.022123,"{'address': '/hover', 'args': 58}"
2025-06-16T17:44:16.022043,"{'address': '/hover', 'args': 41}"
2025-06-16T17:44:16.054580,"{'address': '/hover', 'args': 47}"
2025-06-16T17:46:20.530736,"{'address': '/hover', 'args': 36}"
2025-06-16T17:46:22.784139,"{'address': '/hover', 'args': 19}"
2025-06-16T17:46:22.830082,"{'address': '/hover', 'args': 8}"
2025-06-16T17:46:22.871904,"{'address': '/hover', 'args': 21}"
2025-06-16T17:46:22.930978,"{'address': '/hover', 'args': 6}"
2025-06-16T17:46:23.131091,"{'address': '/hover', 'args': 12}"
2025-06-16T17:46:23.147508,"{'address': '/hover', 'args': 11}"
2025-06-16T17:46:24.132679,"{'address': '/hover', 'args': 33}"
2025-06-16T17:46:24.163435,"{'address': '/hover', 'args': 46}"
2025-06-16T17:46:24.188713,"{'address': '/hover', 'args': 38}"
2025-06-16T17:46:29.743578,"{'address': '/hover', 'args': 21}"
2025-06-16T17:46:30.214125,"{'address': '/hover', 'args': 6}"
2025-06-16T17:46:31.532791,"{'address': '/hover', 'args': 12}"
2025-06-16T17:46:32.105711,"{'address': '/hover', 'args': 6}"
2025-06-16T17:46:32.555722,"{'address': '/hover', 'args': 11}"
2025-06-16T17:46:32.630952,"{'address': '/hover', 'args': 2}"
2025-06-16T17:46:32.896865,"{'address': '/hover', 'args': 33}"
2025-06-16T17:46:33.431905,"{'address': '/hover', 'args': 57}"
2025-06-16T17:46:33.596574,"{'address': '/hover', 'args': 12}"
2025-06-16T17:46:33.738759,"{'address': '/hover', 'args': 31}"
2025-06-16T17:46:34.080313,"{'address': '/hover', 'args': 6}"
2025-06-16T17:46:34.163962,"{'address': '/hover', 'args': 11}"
2025-06-16T17:46:34.163872,"{'address': '/hover', 'args': 9}"
2025-06-16T17:46:34.263478,"{'address': '/hover', 'args': 18}"
2025-06-16T17:46:34.371936,"{'address': '/hover', 'args': 30}"
2025-06-16T17:46:34.514043,"{'address': '/hover', 'args': 11}"
2025-06-16T17:46:34.606905,"{'address': '/hover', 'args': 2}"
2025-06-16T17:46:34.712544,"{'address': '/hover', 'args': 12}"
2025-06-16T17:46:35.264377,"{'address': '/hover', 'args': 30}"
2025-06-16T17:46:35.797560,"{'address': '/hover', 'args': 35}"
2025-06-16T17:46:36.116550,"{'address': '/hover', 'args': 59}"
2025-06-16T17:46:36.356750,"{'address': '/hover', 'args': 30}"
2025-06-16T17:46:36.356578,"{'address': '/hover', 'args': 2}"
2025-06-16T17:46:36.413638,"{'address': '/hover', 'args': 11}"
2025-06-16T17:46:36.663181,"{'address': '/hover', 'args': 30}"
2025-06-16T17:46:36.746574,"{'address': '/hover', 'args': 18}"
2025-06-16T17:46:37.015419,"{'address': '/hover', 'args': 13}"
2025-06-16T17:46:37.239565,"{'address': '/hover', 'args': 35}"
2025-06-16T17:46:37.447006,"{'address': '/hover', 'args': 13}"
2025-06-16T17:46:37.455708,"{'address': '/hover', 'args': 14}"
2025-06-16T17:46:37.514180,"{'address': '/hover', 'args': 28}"
2025-06-16T17:46:37.613603,"{'address': '/hover', 'args': 1}"
2025-06-16T17:46:37.874658,"{'address': '/hover', 'args': 14}"
2025-06-16T17:46:37.939323,"{'address': '/hover', 'args': 28}"
2025-06-16T17:46:38.006286,"{'address': '/hover', 'args': 4}"
2025-06-16T17:46:38.131645,"{'address': '/hover', 'args': 52}"
2025-06-16T17:46:38.172662,"{'address': '/hover', 'args': 3}"
2025-06-16T17:46:38.205558,"{'address': '/hover', 'args': 1}"
2025-06-16T17:46:38.229939,"{'address': '/hover', 'args': 55}"
2025-06-16T17:46:38.313653,"{'address': '/hover', 'args': 43}"
2025-06-16T17:46:38.397175,"{'address': '/hover', 'args': 14}"
2025-06-16T17:46:38.647195,"{'address': '/hover', 'args': 13}"
2025-06-16T17:46:38.721999,"{'address': '/hover', 'args': 30}"
2025-06-16T17:46:38.846984,"{'address': '/hover', 'args': 14}"
2025-06-16T17:46:38.888796,"{'address': '/hover', 'args': 28}"
2025-06-16T17:46:38.939520,"{'address': '/hover', 'args': 1}"
2025-06-16T17:46:39.071989,"{'address': '/hover', 'args': 43}"
2025-06-16T17:46:39.139715,"{'address': '/hover', 'args': 35}"
2025-06-16T17:46:39.171860,"{'address': '/hover', 'args': 13}"
2025-06-16T17:46:39.205331,"{'address': '/hover', 'args': 30}"
2025-06-16T17:46:39.280313,"{'address': '/hover', 'args': 20}"
2025-06-16T17:46:39.297645,"{'address': '/hover', 'args': 18}"
2025-06-16T17:46:39.488830,"{'address': '/hover', 'args': 11}"
2025-06-16T17:46:39.539285,"{'address': '/hover', 'args': 2}"
2025-06-16T17:46:39.723094,"{'address': '/hover', 'args': 12}"
2025-06-16T17:46:39.847312,"{'address': '/hover', 'args': 30}"
2025-06-16T17:46:39.897434,"{'address': '/hover', 'args': 13}"
2025-06-16T17:46:39.922005,"{'address': '/hover', 'args': 35}"
2025-06-16T17:46:39.947136,"{'address': '/hover', 'args': 59}"
2025-06-16T17:46:40.005157,"{'address': '/hover', 'args': 2}"
2025-06-16T17:46:40.055416,"{'address': '/hover', 'args': 33}"
2025-06-16T17:46:40.238654,"{'address': '/hover', 'args': 12}"
2025-06-16T17:46:40.473920,"{'address': '/hover', 'args': 2}"
2025-06-16T17:46:40.488567,"{'address': '/hover', 'args': 11}"
2025-06-16T17:46:40.555580,"{'address': '/hover', 'args': 18}"
2025-06-16T17:46:40.605548,"{'address': '/hover', 'args': 13}"
2025-06-16T17:46:40.663322,"{'address': '/hover', 'args': 20}"
2025-06-16T17:46:40.763682,"{'address': '/hover', 'args': 14}"
2025-06-16T17:46:40.897224,"{'address': '/hover', 'args': 1}"
2025-06-16T17:46:41.171090,"{'address': '/hover', 'args': 43}"
2025-06-16T17:46:41.262821,"{'address': '/hover', 'args': 35}"
2025-06-16T17:46:41.447370,"{'address': '/hover', 'args': 13}"
2025-06-16T17:46:41.473598,"{'address': '/hover', 'args': 14}"
2025-06-16T17:46:41.563589,"{'address': '/hover', 'args': 24}"
2025-06-16T17:46:41.596314,"{'address': '/hover', 'args': 20}"
2025-06-16T17:46:41.680116,"{'address': '/hover', 'args': 18}"
2025-06-16T17:46:41.931854,"{'address': '/hover', 'args': 30}"
2025-06-16T17:46:41.931979,"{'address': '/hover', 'args': 35}"
2025-06-16T17:46:42.063976,"{'address': '/hover', 'args': 13}"
2025-06-16T17:46:42.139050,"{'address': '/hover', 'args': 24}"
2025-06-16T17:46:42.155288,"{'address': '/hover', 'args': 28}"
2025-06-16T17:46:42.221786,"{'address': '/hover', 'args': 4}"
2025-06-16T17:46:42.238644,"{'address': '/hover', 'args': 1}"
2025-06-16T17:46:42.363695,"{'address': '/hover', 'args': 43}"
2025-06-16T17:46:42.581678,"{'address': '/hover', 'args': 4}"
2025-06-16T17:46:42.622237,"{'address': '/hover', 'args': 52}"
2025-06-16T17:46:42.780152,"{'address': '/hover', 'args': 3}"
2025-06-16T17:46:42.948375,"{'address': '/hover', 'args': 4}"
2025-06-16T17:46:42.948433,"{'address': '/hover', 'args': 28}"
2025-06-16T17:46:43.006081,"{'address': '/hover', 'args': 16}"
2025-06-16T17:46:43.180604,"{'address': '/hover', 'args': 1}"
2025-06-16T17:46:43.197403,"{'address': '/hover', 'args': 14}"
2025-06-16T17:46:43.373331,"{'address': '/hover', 'args': 4}"
2025-06-16T17:46:43.538600,"{'address': '/hover', 'args': 14}"
2025-06-16T17:46:43.688836,"{'address': '/hover', 'args': 24}"
2025-06-16T17:46:43.780686,"{'address': '/hover', 'args': 4}"
2025-06-16T17:46:43.847606,"{'address': '/hover', 'args': 1}"
2025-06-16T17:46:43.888207,"{'address': '/hover', 'args': 14}"
2025-06-16T17:46:44.222026,"{'address': '/hover', 'args': 24}"
2025-06-16T17:46:44.238978,"{'address': '/hover', 'args': 10}"
2025-06-16T17:46:44.254960,"{'address': '/hover', 'args': 15}"
2025-06-16T17:48:05.988326,"{'address': '/hover', 'args': 35}"
2025-06-16T17:48:06.090223,"{'address': '/hover', 'args': 59}"
2025-06-16T17:48:06.114115,"{'address': '/hover', 'args': 30}"
2025-06-16T17:48:06.155822,"{'address': '/hover', 'args': 2}"
2025-06-16T17:48:06.314001,"{'address': '/hover', 'args': 13}"
2025-06-16T17:48:06.414027,"{'address': '/hover', 'args': 14}"
2025-06-16T17:48:06.622868,"{'address': '/hover', 'args': 35}"
2025-06-16T17:48:06.722199,"{'address': '/hover', 'args': 30}"
2025-06-16T17:48:06.789954,"{'address': '/hover', 'args': 13}"
2025-06-16T17:48:06.888646,"{'address': '/hover', 'args': 14}"
2025-06-16T17:48:07.088905,"{'address': '/hover', 'args': 35}"
2025-06-16T17:48:07.130305,"{'address': '/hover', 'args': 30}"
2025-06-16T17:48:07.196826,"{'address': '/hover', 'args': 11}"
2025-06-16T17:48:07.405305,"{'address': '/hover', 'args': 18}"
2025-06-16T17:48:07.447606,"{'address': '/hover', 'args': 13}"
2025-06-16T17:48:07.530534,"{'address': '/hover', 'args': 14}"
2025-06-16T17:48:07.696522,"{'address': '/hover', 'args': 35}"
2025-06-16T17:48:07.789140,"{'address': '/hover', 'args': 59}"
2025-06-16T17:48:07.858879,"{'address': '/hover', 'args': 30}"
2025-06-16T17:48:07.931175,"{'address': '/hover', 'args': 13}"
2025-06-16T17:48:08.048561,"{'address': '/hover', 'args': 14}"
2025-06-16T17:48:08.205767,"{'address': '/hover', 'args': 30}"
2025-06-16T17:48:08.305525,"{'address': '/hover', 'args': 11}"
2025-06-16T17:48:08.355759,"{'address': '/hover', 'args': 18}"
2025-06-16T17:48:08.522260,"{'address': '/hover', 'args': 9}"
2025-06-16T17:48:08.597249,"{'address': '/hover', 'args': 6}"
2025-06-16T17:48:08.805741,"{'address': '/hover', 'args': 31}"
2025-06-16T17:48:09.422149,"{'address': '/hover', 'args': 57}"
2025-06-16T17:48:10.047762,"{'address': '/hover', 'args': 31}"
2025-06-16T17:48:10.115219,"{'address': '/hover', 'args': 6}"
2025-06-16T17:48:10.122281,"{'address': '/hover', 'args': 8}"
2025-06-16T17:48:10.147477,"{'address': '/hover', 'args': 21}"
2025-06-16T17:48:10.188802,"{'address': '/hover', 'args': 9}"
2025-06-16T17:48:10.205169,"{'address': '/hover', 'args': 7}"
2025-06-16T17:48:10.280379,"{'address': '/hover', 'args': 34}"
2025-06-16T17:48:10.300040,"{'address': '/hover', 'args': 18}"
2025-06-16T17:48:10.323049,"{'address': '/hover', 'args': 20}"
2025-06-16T17:48:10.363792,"{'address': '/hover', 'args': 13}"
2025-06-16T17:48:10.421059,"{'address': '/hover', 'args': 14}"
2025-06-16T17:48:10.488388,"{'address': '/hover', 'args': 43}"
2025-06-16T17:48:10.572127,"{'address': '/hover', 'args': 45}"
2025-06-16T17:48:10.663901,"{'address': '/hover', 'args': 40}"
2025-06-16T17:48:10.688895,"{'address': '/hover', 'args': 29}"
2025-06-16T17:48:10.705484,"{'address': '/hover', 'args': 58}"
2025-06-16T17:48:10.772179,"{'address': '/hover', 'args': 5}"
2025-06-16T17:48:10.814092,"{'address': '/hover', 'args': 59}"
2025-06-16T17:48:10.855565,"{'address': '/hover', 'args': 35}"
2025-06-16T17:48:10.888983,"{'address': '/hover', 'args': 14}"
2025-06-16T17:48:10.897436,"{'address': '/hover', 'args': 13}"
2025-06-16T17:48:10.938651,"{'address': '/hover', 'args': 28}"
2025-06-16T17:48:10.955565,"{'address': '/hover', 'args': 24}"
2025-06-16T17:48:11.022776,"{'address': '/hover', 'args': 20}"
2025-06-16T17:48:11.105546,"{'address': '/hover', 'args': 18}"
2025-06-16T17:48:11.197806,"{'address': '/hover', 'args': 11}"
2025-06-16T17:48:11.213931,"{'address': '/hover', 'args': 30}"
2025-06-16T17:48:11.264160,"{'address': '/hover', 'args': 2}"
2025-06-16T17:48:11.471895,"{'address': '/hover', 'args': 12}"
2025-06-16T17:48:11.806969,"{'address': '/hover', 'args': 33}"
2025-06-16T17:48:12.047626,"{'address': '/hover', 'args': 2}"
2025-06-16T17:48:12.105405,"{'address': '/hover', 'args': 11}"
2025-06-16T17:48:12.114124,"{'address': '/hover', 'args': 30}"
2025-06-16T17:48:12.182422,"{'address': '/hover', 'args': 13}"
2025-06-16T17:48:12.647838,"{'address': '/hover', 'args': 20}"
2025-06-16T17:48:12.714440,"{'address': '/hover', 'args': 34}"
2025-06-16T17:48:12.764662,"{'address': '/hover', 'args': 7}"
2025-06-16T17:48:12.814248,"{'address': '/hover', 'args': 9}"
2025-06-16T17:48:12.947616,"{'address': '/hover', 'args': 18}"
2025-06-16T17:48:12.989751,"{'address': '/hover', 'args': 20}"
2025-06-16T17:48:13.022516,"{'address': '/hover', 'args': 13}"
2025-06-16T17:48:13.105369,"{'address': '/hover', 'args': 14}"
2025-06-16T17:48:13.121994,"{'address': '/hover', 'args': 28}"
2025-06-16T17:48:13.239084,"{'address': '/hover', 'args': 43}"
2025-06-16T17:48:13.297522,"{'address': '/hover', 'args': 45}"
2025-06-16T17:48:13.364452,"{'address': '/hover', 'args': 51}"
2025-06-16T17:48:13.431379,"{'address': '/hover', 'args': 55}"
2025-06-16T17:48:13.547931,"{'address': '/hover', 'args': 3}"
2025-06-16T17:48:13.547861,"{'address': '/hover', 'args': 1}"
2025-06-16T17:48:13.613873,"{'address': '/hover', 'args': 4}"
2025-06-16T17:48:13.631011,"{'address': '/hover', 'args': 28}"
2025-06-16T17:48:13.780809,"{'address': '/hover', 'args': 13}"
2025-06-16T17:48:13.872346,"{'address': '/hover', 'args': 30}"
2025-06-16T17:48:13.880550,"{'address': '/hover', 'args': 18}"
2025-06-16T17:48:13.988842,"{'address': '/hover', 'args': 7}"
2025-06-16T17:48:14.022166,"{'address': '/hover', 'args': 34}"
2025-06-16T17:48:14.088806,"{'address': '/hover', 'args': 10}"
2025-06-16T17:48:14.247731,"{'address': '/hover', 'args': 20}"
2025-06-16T17:48:14.297262,"{'address': '/hover', 'args': 18}"
2025-06-16T17:48:14.346538,"{'address': '/hover', 'args': 7}"
2025-06-16T17:48:14.430483,"{'address': '/hover', 'args': 36}"
2025-06-16T17:48:14.630848,"{'address': '/hover', 'args': 21}"
2025-06-16T17:48:14.949639,"{'address': '/hover', 'args': 19}"
2025-06-16T17:48:15.122235,"{'address': '/hover', 'args': 7}"
2025-06-16T17:48:15.147424,"{'address': '/hover', 'args': 34}"
2025-06-16T17:48:15.179785,"{'address': '/hover', 'args': 20}"
2025-06-16T17:48:15.306599,"{'address': '/hover', 'args': 28}"
2025-06-16T17:48:15.322295,"{'address': '/hover', 'args': 14}"
2025-06-16T17:48:15.405104,"{'address': '/hover', 'args': 43}"
2025-06-16T17:48:15.454870,"{'address': '/hover', 'args': 45}"
2025-06-16T17:48:15.505516,"{'address': '/hover', 'args': 29}"
2025-06-16T17:48:15.555699,"{'address': '/hover', 'args': 58}"
2025-06-16T17:48:15.639506,"{'address': '/hover', 'args': 41}"
2025-06-16T17:48:15.738852,"{'address': '/hover', 'args': 38}"
2025-06-16T17:48:15.897344,"{'address': '/hover', 'args': 58}"
2025-06-16T17:48:15.931736,"{'address': '/hover', 'args': 40}"
2025-06-16T17:48:15.938454,"{'address': '/hover', 'args': 29}"
2025-06-16T17:48:15.955142,"{'address': '/hover', 'args': 45}"
2025-06-16T17:48:16.005659,"{'address': '/hover', 'args': 55}"
2025-06-16T17:48:16.088899,"{'address': '/hover', 'args': 1}"
2025-06-16T17:48:16.156119,"{'address': '/hover', 'args': 28}"
2025-06-16T17:48:16.214222,"{'address': '/hover', 'args': 24}"
2025-06-16T17:48:16.247260,"{'address': '/hover', 'args': 20}"
2025-06-16T17:48:16.256209,"{'address': '/hover', 'args': 10}"
2025-06-16T17:48:16.273299,"{'address': '/hover', 'args': 34}"
2025-06-16T17:48:16.322074,"{'address': '/hover', 'args': 7}"
2025-06-16T17:48:16.330661,"{'address': '/hover', 'args': 9}"
2025-06-16T17:48:16.547103,"{'address': '/hover', 'args': 15}"
2025-06-16T17:48:16.564387,"{'address': '/hover', 'args': 22}"
2025-06-16T17:48:16.713812,"{'address': '/hover', 'args': 0}"
2025-06-16T17:48:16.755855,"{'address': '/hover', 'args': 17}"
2025-06-16T17:48:16.780766,"{'address': '/hover', 'args': 10}"
2025-06-16T17:48:16.796979,"{'address': '/hover', 'args': 24}"
2025-06-16T17:48:16.822162,"{'address': '/hover', 'args': 20}"
2025-06-16T17:48:16.848321,"{'address': '/hover', 'args': 13}"
2025-06-16T17:48:16.913406,"{'address': '/hover', 'args': 14}"
2025-06-16T17:48:16.981041,"{'address': '/hover', 'args': 28}"
2025-06-16T17:48:17.113510,"{'address': '/hover', 'args': 35}"
2025-06-16T17:48:17.138253,"{'address': '/hover', 'args': 30}"
2025-06-16T17:48:17.222222,"{'address': '/hover', 'args': 18}"
2025-06-16T17:48:17.281322,"{'address': '/hover', 'args': 20}"
2025-06-16T17:48:17.380274,"{'address': '/hover', 'args': 11}"
2025-06-16T17:48:17.589038,"{'address': '/hover', 'args': 2}"
2025-06-16T17:48:17.639825,"{'address': '/hover', 'args': 12}"
2025-06-16T17:48:17.664475,"{'address': '/hover', 'args': 33}"
2025-06-16T17:48:18.148434,"{'address': '/hover', 'args': 2}"
2025-06-16T17:48:18.177001,"{'address': '/hover', 'args': 11}"
2025-06-16T17:48:18.206437,"{'address': '/hover', 'args': 30}"
2025-06-16T17:48:18.363756,"{'address': '/hover', 'args': 35}"
2025-06-16T17:48:18.422320,"{'address': '/hover', 'args': 14}"
2025-06-16T17:48:18.489855,"{'address': '/hover', 'args': 28}"
2025-06-16T17:48:18.605807,"{'address': '/hover', 'args': 1}"
2025-06-16T17:48:18.629589,"{'address': '/hover', 'args': 43}"
2025-06-16T17:48:18.730845,"{'address': '/hover', 'args': 35}"
2025-06-16T17:48:18.788740,"{'address': '/hover', 'args': 14}"
2025-06-16T17:48:18.855534,"{'address': '/hover', 'args': 28}"
2025-06-16T17:48:18.896745,"{'address': '/hover', 'args': 4}"
2025-06-16T17:48:19.064564,"{'address': '/hover', 'args': 35}"
2025-06-16T17:48:19.081061,"{'address': '/hover', 'args': 13}"
2025-06-16T17:48:19.131509,"{'address': '/hover', 'args': 18}"
2025-06-16T17:48:19.155457,"{'address': '/hover', 'args': 20}"
2025-06-16T17:48:19.172179,"{'address': '/hover', 'args': 34}"
2025-06-16T17:48:19.229848,"{'address': '/hover', 'args': 7}"
2025-06-16T17:48:19.280557,"{'address': '/hover', 'args': 21}"
2025-06-16T17:48:19.348555,"{'address': '/hover', 'args': 8}"
2025-06-16T17:48:19.348639,"{'address': '/hover', 'args': 19}"
2025-06-16T17:48:20.391663,"{'address': '/effectPos', 'args': [0.26785714285714285, 0.7083839611178615]}"
2025-06-16T17:48:20.391725,"{'address': '/effectPos', 'args': [0.26851851851851855, 0.7083839611178615]}"
2025-06-16T17:48:20.418482,"{'address': '/effectPos', 'args': [0.27380952380952384, 0.7047387606318347]}"
2025-06-16T17:48:20.450768,"{'address': '/effectPos', 'args': [0.2810846560846561, 0.701093560145808]}"
2025-06-16T17:48:20.481665,"{'address': '/effectPos', 'args': [0.29365079365079366, 0.707168894289186]}"
2025-06-16T17:48:20.513965,"{'address': '/effectPos', 'args': [0.3101851851851852, 0.7351154313487241]}"
2025-06-16T17:48:20.540899,"{'address': '/effectPos', 'args': [0.31746031746031744, 0.7582017010935601]}"
2025-06-16T17:48:20.570197,"{'address': '/effectPos', 'args': [0.3167989417989418, 0.7715674362089915]}"
2025-06-16T17:48:20.602489,"{'address': '/effectPos', 'args': [0.31613756613756616, 0.7970838396111786]}"
2025-06-16T17:48:20.641402,"{'address': '/effectPos', 'args': [0.31216931216931215, 0.8250303766707169]}"
2025-06-16T17:48:20.675076,"{'address': '/effectPos', 'args': [0.3055555555555556, 0.8541919805589308]}"
2025-06-16T17:48:21.786577,"{'address': '/hover', 'args': 19}"
2025-06-16T17:48:21.786183,"{'address': '/hover', 'args': 8}"
2025-06-16T17:48:21.801191,"{'address': '/hover', 'args': 21}"
2025-06-16T17:48:21.826750,"{'address': '/hover', 'args': 9}"
2025-06-16T17:48:21.826651,"{'address': '/hover', 'args': 7}"
2025-06-16T17:48:21.842458,"{'address': '/hover', 'args': 34}"
2025-06-16T17:48:21.859266,"{'address': '/hover', 'args': 20}"
2025-06-16T17:48:21.884494,"{'address': '/hover', 'args': 24}"
2025-06-16T17:48:21.901227,"{'address': '/hover', 'args': 28}"
2025-06-16T17:48:21.960479,"{'address': '/hover', 'args': 4}"
2025-06-16T17:48:21.976277,"{'address': '/hover', 'args': 1}"
2025-06-16T17:48:22.042627,"{'address': '/hover', 'args': 55}"
2025-06-16T17:48:22.092642,"{'address': '/hover', 'args': 45}"
2025-06-16T17:48:22.160223,"{'address': '/hover', 'args': 29}"
2025-06-16T17:48:22.176215,"{'address': '/hover', 'args': 35}"
2025-06-16T17:48:22.192892,"{'address': '/hover', 'args': 59}"
2025-06-16T17:48:22.251849,"{'address': '/hover', 'args': 30}"
2025-06-16T17:48:22.268276,"{'address': '/hover', 'args': 2}"
2025-06-16T17:48:22.409869,"{'address': '/hover', 'args': 12}"
2025-06-16T17:48:22.685233,"{'address': '/hover', 'args': 33}"
2025-06-16T17:48:23.052846,"{'address': '/hover', 'args': 11}"
2025-06-16T17:48:23.059609,"{'address': '/hover', 'args': 30}"
2025-06-16T17:48:23.485430,"{'address': '/hover', 'args': 33}"
2025-06-16T17:48:23.885731,"{'address': '/hover', 'args': 33}"
2025-06-16T17:48:24.009995,"{'address': '/hover', 'args': 12}"
2025-06-16T17:48:24.285433,"{'address': '/hover', 'args': 11}"
2025-06-16T17:48:24.559327,"{'address': '/hover', 'args': 33}"
2025-06-16T17:48:25.043617,"{'address': '/hover', 'args': 12}"
2025-06-16T17:48:25.166845,"{'address': '/hover', 'args': 11}"
2025-06-16T17:48:25.277412,"{'address': '/hover', 'args': 30}"
2025-06-16T17:48:25.376770,"{'address': '/hover', 'args': 59}"
2025-06-16T17:48:25.426996,"{'address': '/hover', 'args': 2}"
2025-06-16T17:48:25.486508,"{'address': '/hover', 'args': 33}"
2025-06-16T17:48:25.693822,"{'address': '/hover', 'args': 57}"
2025-06-16T17:48:26.826998,"{'address': '/effectPos', 'args': [0.32605820105820105, 0.8614823815309842]}"
2025-06-16T17:48:26.827116,"{'address': '/effectPos', 'args': [0.32605820105820105, 0.8566221142162819]}"
2025-06-16T17:48:26.850014,"{'address': '/effectPos', 'args': [0.3273809523809524, 0.8396111786148238]}"
2025-06-16T17:48:26.883198,"{'address': '/effectPos', 'args': [0.3287037037037037, 0.8213851761846902]}"
2025-06-16T17:48:26.913668,"{'address': '/effectPos', 'args': [0.3287037037037037, 0.7764277035236938]}"
2025-06-16T17:48:26.945797,"{'address': '/effectPos', 'args': [0.3306878306878307, 0.7095990279465371]}"
2025-06-16T17:48:26.979913,"{'address': '/effectPos', 'args': [0.34325396825396826, 0.6148238153098421]}"
2025-06-16T17:48:27.010217,"{'address': '/effectPos', 'args': [0.3558201058201058, 0.5321992709599028]}"
2025-06-16T17:48:27.042311,"{'address': '/effectPos', 'args': [0.3683862433862434, 0.4471445929526124]}"
2025-06-16T17:48:27.078393,"{'address': '/effectPos', 'args': [0.3915343915343915, 0.353584447144593]}"
2025-06-16T17:48:27.107937,"{'address': '/effectPos', 'args': [0.41005291005291006, 0.30133657351154314]}"
2025-06-16T17:48:27.138022,"{'address': '/effectPos', 'args': [0.42394179894179895, 0.26366950182260024]}"
2025-06-16T17:48:27.171214,"{'address': '/effectPos', 'args': [0.43253968253968256, 0.2393681652490887]}"
2025-06-16T17:48:27.202230,"{'address': '/effectPos', 'args': [0.43716931216931215, 0.22478736330498178]}"
2025-06-16T17:48:27.322547,"{'address': '/effectPos', 'args': [0.43783068783068785, 0.22114216281895505]}"
2025-06-16T17:48:27.354220,"{'address': '/effectPos', 'args': [0.43386243386243384, 0.21506682867557717]}"
2025-06-16T17:48:27.386489,"{'address': '/effectPos', 'args': [0.42724867724867727, 0.20534629404617255]}"
2025-06-16T17:48:27.414855,"{'address': '/effectPos', 'args': [0.41203703703703703, 0.18712029161603888]}"
2025-06-16T17:48:27.443173,"{'address': '/effectPos', 'args': [0.4021164021164021, 0.17739975698663427]}"
2025-06-16T17:48:27.476301,"{'address': '/effectPos', 'args': [0.3855820105820106, 0.16160388821385177]}"
2025-06-16T17:48:27.510156,"{'address': '/effectPos', 'args': [0.3664021164021164, 0.13973268529769137]}"
2025-06-16T17:48:27.538370,"{'address': '/effectPos', 'args': [0.3505291005291005, 0.12393681652490887]}"
2025-06-16T17:48:27.569926,"{'address': '/effectPos', 'args': [0.3498677248677249, 0.12393681652490887]}"
2025-06-16T17:48:27.634765,"{'address': '/effectPos', 'args': [0.3498677248677249, 0.1227217496962333]}"
2025-06-16T17:48:27.666217,"{'address': '/effectPos', 'args': [0.3498677248677249, 0.12150668286755771]}"
2025-06-16T17:48:27.698839,"{'address': '/effectPos', 'args': [0.3472222222222222, 0.11907654921020656]}"
2025-06-16T17:48:27.730052,"{'address': '/effectPos', 'args': [0.32936507936507936, 0.11786148238153099]}"
2025-06-16T17:48:27.763663,"{'address': '/effectPos', 'args': [0.29894179894179895, 0.1227217496962333]}"
2025-06-16T17:48:27.794552,"{'address': '/effectPos', 'args': [0.2671957671957672, 0.1227217496962333]}"
2025-06-16T17:48:27.825346,"{'address': '/effectPos', 'args': [0.24074074074074073, 0.12029161603888214]}"
2025-06-16T17:48:27.858935,"{'address': '/effectPos', 'args': [0.19642857142857142, 0.11421628189550426]}"
2025-06-16T17:48:27.892591,"{'address': '/effectPos', 'args': [0.17063492063492064, 0.10085054678007291]}"
2025-06-16T17:48:27.924240,"{'address': '/effectPos', 'args': [0.1488095238095238, 0.0899149453219927]}"
2025-06-16T17:48:27.953952,"{'address': '/effectPos', 'args': [0.13293650793650794, 0.08140947752126367]}"
2025-06-16T17:48:27.985745,"{'address': '/effectPos', 'args': [0.12433862433862433, 0.07776427703523693]}"
2025-06-16T17:48:28.019504,"{'address': '/effectPos', 'args': [0.11838624338624339, 0.07411907654921021]}"
2025-06-16T17:48:28.049756,"{'address': '/effectPos', 'args': [0.11044973544973545, 0.07290400972053462]}"
2025-06-16T17:48:28.082170,"{'address': '/effectPos', 'args': [0.0992063492063492, 0.07290400972053462]}"
2025-06-16T17:48:28.234694,"{'address': '/effectPos', 'args': [0.0958994708994709, 0.07290400972053462]}"
2025-06-16T17:48:28.266570,"{'address': '/effectPos', 'args': [0.09259259259259259, 0.07654921020656136]}"
2025-06-16T17:48:28.298301,"{'address': '/effectPos', 'args': [0.08664021164021164, 0.08262454434993925]}"
2025-06-16T17:48:28.325787,"{'address': '/effectPos', 'args': [0.07936507936507936, 0.08869987849331713]}"
2025-06-16T17:48:28.354781,"{'address': '/effectPos', 'args': [0.07407407407407407, 0.09234507897934387]}"
2025-06-16T17:48:28.427165,"{'address': '/effectPos', 'args': [0.07341269841269842, 0.09234507897934387]}"
2025-06-16T17:48:28.475737,"{'address': '/effectPos', 'args': [0.07275132275132275, 0.09234507897934387]}"
2025-06-16T17:48:28.510076,"{'address': '/effectPos', 'args': [0.06944444444444445, 0.08383961117861483]}"
2025-06-16T17:48:28.543396,"{'address': '/effectPos', 'args': [0.0667989417989418, 0.08140947752126367]}"
2025-06-16T17:48:28.635856,"{'address': '/effectPos', 'args': [0.06613756613756613, 0.08140947752126367]}"
2025-06-16T17:48:29.756817,"{'address': '/hover', 'args': 8}"
2025-06-16T17:48:29.757039,"{'address': '/hover', 'args': 19}"
2025-06-16T17:48:29.771753,"{'address': '/hover', 'args': 21}"
2025-06-16T17:48:29.805275,"{'address': '/hover', 'args': 7}"
2025-06-16T17:48:29.846771,"{'address': '/hover', 'args': 34}"
2025-06-16T17:48:29.905437,"{'address': '/hover', 'args': 20}"
2025-06-16T17:48:30.005857,"{'address': '/hover', 'args': 13}"
2025-06-16T17:48:30.064386,"{'address': '/hover', 'args': 14}"
2025-06-16T17:48:30.080496,"{'address': '/hover', 'args': 28}"
2025-06-16T17:48:30.164808,"{'address': '/hover', 'args': 35}"
2025-06-16T17:48:30.224162,"{'address': '/hover', 'args': 59}"
2025-06-16T17:48:30.224058,"{'address': '/hover', 'args': 30}"
2025-06-16T17:48:30.250836,"{'address': '/hover', 'args': 2}"
2025-06-16T17:48:30.448062,"{'address': '/hover', 'args': 12}"
2025-06-16T17:48:30.463167,"{'address': '/hover', 'args': 33}"
2025-06-16T17:48:30.919068,"{'address': '/hover', 'args': 33}"
2025-06-16T17:48:31.147441,"{'address': '/hover', 'args': 2}"
2025-06-16T17:48:31.214504,"{'address': '/hover', 'args': 11}"
2025-06-16T17:48:31.314068,"{'address': '/hover', 'args': 18}"
2025-06-16T17:48:31.397280,"{'address': '/hover', 'args': 34}"
2025-06-16T17:48:31.431885,"{'address': '/hover', 'args': 15}"
2025-06-16T17:48:31.432044,"{'address': '/hover', 'args': 36}"
2025-06-16T18:05:26.712331,"{'address': '/effectPos', 'args': [0.06283068783068783, 0.08748481166464156]}"
2025-06-16T18:05:28.398627,"{'address': '/effectPos', 'args': [0.5411499436302142, 0.5054678007290401]}"
2025-06-16T18:05:28.416867,"{'address': '/effectPos', 'args': [0.5411499436302142, 0.5054678007290401]}"
2025-06-16T18:05:28.451119,"{'address': '/effectPos', 'args': [0.5366403607666291, 0.5042527339003645]}"
2025-06-16T18:05:28.483053,"{'address': '/effectPos', 'args': [0.5264937993235626, 0.5103280680437424]}"
2025-06-16T18:05:28.515281,"{'address': '/effectPos', 'args': [0.5028184892897407, 0.528554070473876]}"
2025-06-16T18:05:28.548832,"{'address': '/effectPos', 'args': [0.47237880496054113, 0.5565006075334143]}"
2025-06-16T18:05:28.575974,"{'address': '/effectPos', 'args': [0.4509582863585118, 0.5759416767922235]}"
2025-06-16T18:05:28.603931,"{'address': '/effectPos', 'args': [0.42615558060879366, 0.6002430133657352]}"
2025-06-16T18:05:28.636204,"{'address': '/effectPos', 'args': [0.4092446448703495, 0.6208991494532199]}"
2025-06-16T18:05:28.668477,"{'address': '/effectPos', 'args': [0.40586245772266066, 0.6269744835965978]}"
2025-06-16T18:05:28.708626,"{'address': '/effectPos', 'args': [0.4047350620067644, 0.6269744835965978]}"
2025-06-16T18:05:28.742726,"{'address': '/effectPos', 'args': [0.4024802705749718, 0.6281895504252734]}"
2025-06-16T18:05:28.775931,"{'address': '/effectPos', 'args': [0.3968432919954904, 0.6281895504252734]}"
2025-06-16T18:05:28.803445,"{'address': '/effectPos', 'args': [0.3878241262683202, 0.6281895504252734]}"
2025-06-16T18:05:28.831590,"{'address': '/effectPos', 'args': [0.38218714768883877, 0.6233292831105711]}"
2025-06-16T18:05:28.859808,"{'address': '/effectPos', 'args': [0.37767756482525366, 0.5880923450789793]}"
2025-06-16T18:05:28.891599,"{'address': '/effectPos', 'args': [0.3878241262683202, 0.5419198055893074]}"
2025-06-16T18:05:28.919747,"{'address': '/effectPos', 'args': [0.4081172491544532, 0.5297691373025516]}"
2025-06-16T18:05:28.948216,"{'address': '/effectPos', 'args': [0.43855693348365277, 0.543134872417983]}"
2025-06-16T18:05:28.976553,"{'address': '/effectPos', 'args': [0.4791431792559188, 0.5735115431348724]}"
2025-06-16T18:05:29.003672,"{'address': '/effectPos', 'args': [0.5152198421645998, 0.6172539489671932]}"
2025-06-16T18:05:29.036033,"{'address': '/effectPos', 'args': [0.5298759864712514, 0.6585662211421628]}"
2025-06-16T18:05:29.065159,"{'address': '/effectPos', 'args': [0.532130777903044, 0.68408262454435]}"
2025-06-16T18:05:29.099037,"{'address': '/effectPos', 'args': [0.5253664036076663, 0.6962332928311057]}"
2025-06-16T18:05:29.131849,"{'address': '/effectPos', 'args': [0.4904171364148816, 0.707168894289186]}"
2025-06-16T18:05:29.160111,"{'address': '/effectPos', 'args': [0.4577226606538895, 0.6950182260024301]}"
2025-06-16T18:05:29.187741,"{'address': '/effectPos', 'args': [0.41037204058624577, 0.6512758201701093]}"
2025-06-16T18:05:29.215216,"{'address': '/effectPos', 'args': [0.3878241262683202, 0.6099635479951397]}"
2025-06-16T18:05:29.244103,"{'address': '/effectPos', 'args': [0.3810597519729425, 0.5662211421628189]}"
2025-06-16T18:05:29.272275,"{'address': '/effectPos', 'args': [0.39571589627959414, 0.5443499392466585]}"
2025-06-16T18:05:29.299537,"{'address': '/effectPos', 'args': [0.43404735062006766, 0.5334143377885784]}"
2025-06-16T18:05:29.327591,"{'address': '/effectPos', 'args': [0.4904171364148816, 0.5540704738760632]}"
2025-06-16T18:05:29.360118,"{'address': '/effectPos', 'args': [0.5264937993235626, 0.5893074119076549]}"
2025-06-16T18:05:29.387968,"{'address': '/effectPos', 'args': [0.5434047350620068, 0.6354799513973268]}"
2025-06-16T18:05:29.415467,"{'address': '/effectPos', 'args': [0.5355129650507328, 0.6707168894289186]}"
2025-06-16T18:05:29.444283,"{'address': '/effectPos', 'args': [0.5062006764374295, 0.7047387606318347]}"
2025-06-16T18:05:29.476081,"{'address': '/effectPos', 'args': [0.45434047350620066, 0.7205346294046172]}"
2025-06-16T18:05:29.507845,"{'address': '/effectPos', 'args': [0.3923337091319053, 0.6962332928311057]}"
2025-06-16T18:05:29.539807,"{'address': '/effectPos', 'args': [0.34498308906426156, 0.6403402187120292]}"
2025-06-16T18:05:29.571572,"{'address': '/effectPos', 'args': [0.33258173618940245, 0.5978128797083839]}"
2025-06-16T18:05:29.604457,"{'address': '/effectPos', 'args': [0.34047350620067646, 0.5674362089914945]}"
2025-06-16T18:05:29.636135,"{'address': '/effectPos', 'args': [0.3641488162344983, 0.551640340218712]}"
2025-06-16T18:05:29.665179,"{'address': '/effectPos', 'args': [0.38669673055242393, 0.5528554070473876]}"
2025-06-16T18:05:29.699994,"{'address': '/effectPos', 'args': [0.43968432919954903, 0.5795868772782503]}"
2025-06-16T18:05:29.732151,"{'address': '/effectPos', 'args': [0.4859075535512965, 0.6233292831105711]}"
2025-06-16T18:05:29.765023,"{'address': '/effectPos', 'args': [0.49943630214205187, 0.6549210206561361]}"
2025-06-16T18:05:29.799172,"{'address': '/effectPos', 'args': [0.4915445321307779, 0.6780072904009721]}"
2025-06-16T18:05:29.831493,"{'address': '/effectPos', 'args': [0.4633596392333709, 0.692588092345079]}"
2025-06-16T18:05:29.864621,"{'address': '/effectPos', 'args': [0.42164599774520856, 0.6816524908869988]}"
2025-06-16T18:05:29.891464,"{'address': '/effectPos', 'args': [0.3878241262683202, 0.6318347509113001]}"
2025-06-16T18:05:29.923815,"{'address': '/effectPos', 'args': [0.3765501691093574, 0.56865127582017]}"
2025-06-16T18:05:29.955306,"{'address': '/effectPos', 'args': [0.3900789177001127, 0.5212636695018226]}"
2025-06-16T18:05:29.987608,"{'address': '/effectPos', 'args': [0.42164599774520856, 0.4823815309842041]}"
2025-06-16T18:05:30.014788,"{'address': '/effectPos', 'args': [0.44419391206313413, 0.4665856622114216]}"
2025-06-16T18:05:30.047784,"{'address': '/effectPos', 'args': [0.46223224351747466, 0.4629404617253949]}"
2025-06-16T18:05:30.084797,"{'address': '/effectPos', 'args': [0.48928974069898534, 0.4957472660996355]}"
2025-06-16T18:05:30.115707,"{'address': '/effectPos', 'args': [0.4983089064261556, 0.5407047387606319]}"
2025-06-16T18:05:30.147511,"{'address': '/effectPos', 'args': [0.49379932356257045, 0.5783718104495748]}"
2025-06-16T18:05:30.180807,"{'address': '/effectPos', 'args': [0.4791431792559188, 0.606318347509113]}"
2025-06-16T18:05:30.214202,"{'address': '/effectPos', 'args': [0.46786922209695603, 0.6208991494532199]}"
2025-06-16T18:05:30.248198,"{'address': '/effectPos', 'args': [0.4577226606538895, 0.6245443499392467]}"
2025-06-16T18:05:30.275764,"{'address': '/effectPos', 'args': [0.4487034949267193, 0.6184690157958688]}"
2025-06-16T18:05:30.307870,"{'address': '/effectPos', 'args': [0.43855693348365277, 0.5965978128797084]}"
2025-06-16T18:05:30.339834,"{'address': '/effectPos', 'args': [0.4295377677564825, 0.5613608748481167]}"
2025-06-16T18:05:30.371682,"{'address': '/effectPos', 'args': [0.42841037204058624, 0.5394896719319563]}"
2025-06-16T18:05:30.404177,"{'address': '/effectPos', 'args': [0.4295377677564825, 0.5334143377885784]}"
2025-06-16T18:05:30.452822,"{'address': '/effectPos', 'args': [0.4317925591882751, 0.5370595382746051]}"
2025-06-16T18:05:30.483872,"{'address': '/effectPos', 'args': [0.43968432919954903, 0.5552855407047388]}"
2025-06-16T18:05:30.516228,"{'address': '/effectPos', 'args': [0.4464487034949267, 0.5917375455650061]}"
2025-06-16T18:05:30.551707,"{'address': '/effectPos', 'args': [0.44306651634723787, 0.6208991494532199]}"
2025-06-16T18:05:30.587430,"{'address': '/effectPos', 'args': [0.42390078917700114, 0.637910085054678]}"
2025-06-16T18:05:30.614895,"{'address': '/effectPos', 'args': [0.41149943630214203, 0.6366950182260024]}"
2025-06-16T18:05:30.644297,"{'address': '/effectPos', 'args': [0.3833145434047351, 0.6123936816524909]}"
2025-06-16T18:05:30.676109,"{'address': '/effectPos', 'args': [0.3528748590755355, 0.5565006075334143]}"
2025-06-16T18:05:30.708396,"{'address': '/effectPos', 'args': [0.34498308906426156, 0.5127582017010935]}"
2025-06-16T18:05:30.744022,"{'address': '/effectPos', 'args': [0.35400225479143177, 0.49696233292831105]}"
2025-06-16T18:05:30.775573,"{'address': '/effectPos', 'args': [0.37767756482525366, 0.49210206561360875]}"
2025-06-16T18:05:30.803875,"{'address': '/effectPos', 'args': [0.41713641488162345, 0.5078979343863913]}"
2025-06-16T18:05:30.832470,"{'address': '/effectPos', 'args': [0.4532130777903044, 0.5382746051032807]}"
2025-06-16T18:05:30.859762,"{'address': '/effectPos', 'args': [0.48252536640360766, 0.5771567436208992]}"
2025-06-16T18:05:30.891444,"{'address': '/effectPos', 'args': [0.4881623449830891, 0.5978128797083839]}"
2025-06-16T18:05:30.923623,"{'address': '/effectPos', 'args': [0.48252536640360766, 0.6099635479951397]}"
2025-06-16T18:05:30.951464,"{'address': '/effectPos', 'args': [0.4701240135287486, 0.6160388821385177]}"
2025-06-16T18:05:30.983774,"{'address': '/effectPos', 'args': [0.447576099210823, 0.6111786148238153]}"
2025-06-16T18:05:31.015154,"{'address': '/effectPos', 'args': [0.42841037204058624, 0.5917375455650061]}"
2025-06-16T18:05:31.044814,"{'address': '/effectPos', 'args': [0.4160090191657272, 0.5662211421628189]}"
2025-06-16T18:05:31.071672,"{'address': '/effectPos', 'args': [0.4137542277339346, 0.5479951397326853]}"
2025-06-16T18:05:31.099155,"{'address': '/effectPos', 'args': [0.4137542277339346, 0.5321992709599028]}"
2025-06-16T18:05:31.131401,"{'address': '/effectPos', 'args': [0.4160090191657272, 0.5127582017010935]}"
2025-06-16T18:05:31.165556,"{'address': '/effectPos', 'args': [0.4205186020293123, 0.4945321992709599]}"
2025-06-16T18:05:31.191744,"{'address': '/effectPos', 'args': [0.4250281848928974, 0.4848116646415553]}"
2025-06-16T18:05:31.219868,"{'address': '/effectPos', 'args': [0.42728297632469, 0.4823815309842041]}"
2025-06-16T18:05:31.260222,"{'address': '/effectPos', 'args': [0.42841037204058624, 0.48116646415552855]}"
2025-06-16T18:05:31.293075,"{'address': '/effectPos', 'args': [0.43855693348365277, 0.4933171324422843]}"
2025-06-16T18:05:31.323733,"{'address': '/effectPos', 'args': [0.45434047350620066, 0.5297691373025516]}"
2025-06-16T18:05:31.355895,"{'address': '/effectPos', 'args': [0.4633596392333709, 0.5710814094775213]}"
2025-06-16T18:05:31.387682,"{'address': '/effectPos', 'args': [0.4633596392333709, 0.6014580801944107]}"
2025-06-16T18:05:31.414327,"{'address': '/effectPos', 'args': [0.45659526493799324, 0.6136087484811664]}"
2025-06-16T18:05:31.444053,"{'address': '/effectPos', 'args': [0.44532130777903045, 0.6208991494532199]}"
2025-06-16T18:05:31.475668,"{'address': '/effectPos', 'args': [0.4295377677564825, 0.6208991494532199]}"
2025-06-16T18:05:31.508914,"{'address': '/effectPos', 'args': [0.40586245772266066, 0.6123936816524909]}"
2025-06-16T18:05:31.536579,"{'address': '/effectPos', 'args': [0.3810597519729425, 0.5965978128797084]}"
2025-06-16T18:05:31.567166,"{'address': '/effectPos', 'args': [0.35174746335963925, 0.5710814094775213]}"
2025-06-16T18:05:31.597931,"{'address': '/effectPos', 'args': [0.33483652762119503, 0.5455650060753341]}"
2025-06-16T18:05:31.631150,"{'address': '/effectPos', 'args': [0.32919954904171367, 0.520048602673147]}"
2025-06-16T18:05:31.663286,"{'address': '/effectPos', 'args': [0.32919954904171367, 0.5066828675577156]}"
2025-06-16T18:05:31.691126,"{'address': '/effectPos', 'args': [0.33258173618940245, 0.5018226002430134]}"
2025-06-16T18:05:31.723725,"{'address': '/effectPos', 'args': [0.3416009019165727, 0.5066828675577156]}"
2025-06-16T18:05:31.751756,"{'address': '/effectPos', 'args': [0.3788049605411499, 0.534629404617254]}"
2025-06-16T18:05:31.783941,"{'address': '/effectPos', 'args': [0.4092446448703495, 0.5662211421628189]}"
2025-06-16T18:05:31.815020,"{'address': '/effectPos', 'args': [0.4363021420518602, 0.6038882138517618]}"
2025-06-16T18:05:31.844476,"{'address': '/effectPos', 'args': [0.44081172491544535, 0.6281895504252734]}"
2025-06-16T18:05:31.872545,"{'address': '/effectPos', 'args': [0.4374295377677565, 0.6403402187120292]}"
2025-06-16T18:05:31.904012,"{'address': '/effectPos', 'args': [0.42164599774520856, 0.6488456865127582]}"
2025-06-16T18:05:31.931658,"{'address': '/effectPos', 'args': [0.3878241262683202, 0.6512758201701093]}"
2025-06-16T18:05:31.964175,"{'address': '/effectPos', 'args': [0.3370913190529876, 0.6391251518833536]}"
2025-06-16T18:05:31.991562,"{'address': '/effectPos', 'args': [0.29312288613303267, 0.6111786148238153]}"
2025-06-16T18:05:32.019815,"{'address': '/effectPos', 'args': [0.2773393461104848, 0.5856622114216282]}"
2025-06-16T18:05:32.051968,"{'address': '/effectPos', 'args': [0.27846674182638104, 0.5577156743620899]}"
2025-06-16T18:05:32.083637,"{'address': '/effectPos', 'args': [0.2874859075535513, 0.5443499392466585]}"
2025-06-16T18:05:32.116521,"{'address': '/effectPos', 'args': [0.2987598647125141, 0.5407047387606319]}"
2025-06-16T18:05:32.148938,"{'address': '/effectPos', 'args': [0.31905298759864714, 0.5443499392466585]}"
2025-06-16T18:05:32.181908,"{'address': '/effectPos', 'args': [0.3551296505073281, 0.5674362089914945]}"
2025-06-16T18:05:32.218931,"{'address': '/effectPos', 'args': [0.4047350620067644, 0.6026731470230863]}"
2025-06-16T18:05:32.249360,"{'address': '/effectPos', 'args': [0.4351747463359639, 0.6318347509113001]}"
2025-06-16T18:05:32.282206,"{'address': '/effectPos', 'args': [0.4419391206313416, 0.6439854191980559]}"
2025-06-16T18:05:32.314878,"{'address': '/effectPos', 'args': [0.43404735062006766, 0.6512758201701093]}"
2025-06-16T18:05:32.347959,"{'address': '/effectPos', 'args': [0.4182638105975197, 0.6512758201701093]}"
2025-06-16T18:05:32.375773,"{'address': '/effectPos', 'args': [0.3923337091319053, 0.6427703523693803]}"
2025-06-16T18:05:32.403724,"{'address': '/effectPos', 'args': [0.3664036076662909, 0.6257594167679222]}"
2025-06-16T18:05:32.436196,"{'address': '/effectPos', 'args': [0.33032694475760993, 0.5965978128797084]}"
2025-06-16T18:05:32.468347,"{'address': '/effectPos', 'args': [0.3055242390078918, 0.5650060753341434]}"
2025-06-16T18:05:32.499236,"{'address': '/effectPos', 'args': [0.2965050732807215, 0.5443499392466585]}"
2025-06-16T18:05:32.531746,"{'address': '/effectPos', 'args': [0.30101465614430667, 0.5054678007290401]}"
2025-06-16T18:05:32.565063,"{'address': '/effectPos', 'args': [0.314543404735062, 0.4775212636695018]}"
2025-06-16T18:05:32.598558,"{'address': '/effectPos', 'args': [0.33032694475760993, 0.45443499392466585]}"
2025-06-16T18:05:32.629531,"{'address': '/effectPos', 'args': [0.3416009019165727, 0.4362089914945322]}"
2025-06-16T18:05:32.660581,"{'address': '/effectPos', 'args': [0.34949267192784667, 0.42284325637910086]}"
2025-06-16T18:05:32.692194,"{'address': '/effectPos', 'args': [0.3551296505073281, 0.4155528554070474]}"
2025-06-16T18:05:32.723903,"{'address': '/effectPos', 'args': [0.35625704622322435, 0.4131227217496962]}"
2025-06-16T18:05:32.755339,"{'address': '/effectPos', 'args': [0.3596392333709132, 0.41190765492102066]}"
2025-06-16T18:05:32.787877,"{'address': '/effectPos', 'args': [0.3664036076662909, 0.41433778857837184]}"
2025-06-16T18:05:32.815786,"{'address': '/effectPos', 'args': [0.3833145434047351, 0.4313487241798299]}"
2025-06-16T18:05:32.844313,"{'address': '/effectPos', 'args': [0.4160090191657272, 0.4738760631834751]}"
2025-06-16T18:05:32.876498,"{'address': '/effectPos', 'args': [0.4317925591882751, 0.5091130012150669]}"
2025-06-16T18:05:32.907693,"{'address': '/effectPos', 'args': [0.4317925591882751, 0.5297691373025516]}"
2025-06-16T18:05:32.935656,"{'address': '/effectPos', 'args': [0.4227733934611049, 0.5455650060753341]}"
2025-06-16T18:05:32.964542,"{'address': '/effectPos', 'args': [0.4069898534385569, 0.5625759416767923]}"
2025-06-16T18:05:32.998318,"{'address': '/effectPos', 'args': [0.38669673055242393, 0.5722964763061968]}"
2025-06-16T18:05:33.028448,"{'address': '/effectPos', 'args': [0.3664036076662909, 0.574726609963548]}"
2025-06-16T18:05:33.060090,"{'address': '/effectPos', 'args': [0.3483652762119504, 0.5710814094775213]}"
2025-06-16T18:05:33.091550,"{'address': '/effectPos', 'args': [0.3269447576099211, 0.5528554070473876]}"
2025-06-16T18:05:33.119627,"{'address': '/effectPos', 'args': [0.29086809470124014, 0.5139732685297691]}"
2025-06-16T18:05:33.155683,"{'address': '/effectPos', 'args': [0.2593010146561443, 0.47630619684082626]}"
2025-06-16T18:05:33.187912,"{'address': '/effectPos', 'args': [0.23675310033821872, 0.4471445929526124]}"
2025-06-16T18:05:33.219701,"{'address': '/effectPos', 'args': [0.22322435174746336, 0.42284325637910086]}"
2025-06-16T18:05:33.248947,"{'address': '/effectPos', 'args': [0.2209695603156708, 0.40583232077764275]}"
2025-06-16T18:05:33.275529,"{'address': '/effectPos', 'args': [0.22322435174746336, 0.3888213851761847]}"
2025-06-16T18:05:33.308114,"{'address': '/effectPos', 'args': [0.2266065388951522, 0.38153098420413123]}"
2025-06-16T18:05:33.335630,"{'address': '/effectPos', 'args': [0.23562570462232243, 0.36938031591737547]}"
2025-06-16T18:05:33.365141,"{'address': '/effectPos', 'args': [0.24689966178128522, 0.36087484811664644]}"
2025-06-16T18:05:33.398079,"{'address': '/effectPos', 'args': [0.25817361894024804, 0.3487241798298906]}"
2025-06-16T18:05:33.428295,"{'address': '/effectPos', 'args': [0.2638105975197294, 0.3487241798298906]}"
2025-06-16T18:05:33.455614,"{'address': '/effectPos', 'args': [0.2750845546786922, 0.35844471445929527]}"
2025-06-16T18:05:33.487726,"{'address': '/effectPos', 'args': [0.2852311161217587, 0.3754556500607533]}"
2025-06-16T18:05:33.514798,"{'address': '/effectPos', 'args': [0.29312288613303267, 0.3985419198055893]}"
2025-06-16T18:05:33.544207,"{'address': '/effectPos', 'args': [0.2987598647125141, 0.43256379100850545]}"
2025-06-16T18:05:33.577053,"{'address': '/effectPos', 'args': [0.29988726042841035, 0.45443499392466585]}"
2025-06-16T18:05:33.604155,"{'address': '/effectPos', 'args': [0.2965050732807215, 0.4690157958687728]}"
2025-06-16T18:05:33.632101,"{'address': '/effectPos', 'args': [0.2919954904171364, 0.4775212636695018]}"
2025-06-16T18:05:33.660144,"{'address': '/effectPos', 'args': [0.28861330326944756, 0.4835965978128797]}"
2025-06-16T18:05:33.691636,"{'address': '/effectPos', 'args': [0.2818489289740699, 0.488456865127582]}"
2025-06-16T18:05:33.720153,"{'address': '/effectPos', 'args': [0.2717023675310034, 0.49210206561360875]}"
2025-06-16T18:05:33.760276,"{'address': '/effectPos', 'args': [0.26268320180383314, 0.49210206561360875]}"
2025-06-16T18:05:33.787534,"{'address': '/effectPos', 'args': [0.24239007891770012, 0.48724179829890646]}"
2025-06-16T18:05:33.816069,"{'address': '/effectPos', 'args': [0.21984216459977451, 0.479951397326853]}"
2025-06-16T18:05:33.856247,"{'address': '/effectPos', 'args': [0.18489289740698986, 0.456865127582017]}"
2025-06-16T18:05:33.888797,"{'address': '/effectPos', 'args': [0.161217587373168, 0.4362089914945322]}"
2025-06-16T18:05:33.915380,"{'address': '/effectPos', 'args': [0.14994363021420518, 0.4240583232077764]}"
2025-06-16T18:05:33.949338,"{'address': '/effectPos', 'args': [0.14317925591882752, 0.41190765492102066]}"
2025-06-16T18:05:33.976001,"{'address': '/effectPos', 'args': [0.14092446448703494, 0.402187120291616]}"
2025-06-16T18:05:34.003700,"{'address': '/effectPos', 'args': [0.13416009019165728, 0.37424058323207776]}"
2025-06-16T18:05:34.030913,"{'address': '/effectPos', 'args': [0.12965050732807215, 0.3511543134872418]}"
2025-06-16T18:05:34.059981,"{'address': '/effectPos', 'args': [0.12401352874859076, 0.3244228432563791]}"
2025-06-16T18:05:34.091848,"{'address': '/effectPos', 'args': [0.11950394588500564, 0.30133657351154314]}"
2025-06-16T18:05:34.124031,"{'address': '/effectPos', 'args': [0.11724915445321307, 0.284325637910085]}"
2025-06-16T18:05:34.155948,"{'address': '/effectPos', 'args': [0.11724915445321307, 0.2709599027946537]}"
2025-06-16T18:05:34.192045,"{'address': '/effectPos', 'args': [0.12514092446448705, 0.2551640340218712]}"
2025-06-16T18:05:34.223630,"{'address': '/effectPos', 'args': [0.133032694475761, 0.24908869987849333]}"
2025-06-16T18:05:34.251998,"{'address': '/effectPos', 'args': [0.1375422773393461, 0.24665856622114216]}"
2025-06-16T18:05:34.283799,"{'address': '/effectPos', 'args': [0.1488162344983089, 0.24787363304981774]}"
2025-06-16T18:05:34.315883,"{'address': '/effectPos', 'args': [0.16459977452085683, 0.2551640340218712]}"
2025-06-16T18:05:34.347586,"{'address': '/effectPos', 'args': [0.20856820744081173, 0.28311057108140947]}"
2025-06-16T18:05:34.381988,"{'address': '/effectPos', 'args': [0.25591882750845546, 0.3183475091130012]}"
2025-06-16T18:05:34.415727,"{'address': '/effectPos', 'args': [0.28635851183765504, 0.3560145808019441]}"
2025-06-16T18:05:34.444134,"{'address': '/effectPos', 'args': [0.294250281848929, 0.38517618469015796]}"
2025-06-16T18:05:34.476388,"{'address': '/effectPos', 'args': [0.2919954904171364, 0.41190765492102066]}"
2025-06-16T18:05:34.507924,"{'address': '/effectPos', 'args': [0.28635851183765504, 0.4398541919805589]}"
2025-06-16T18:05:34.540182,"{'address': '/effectPos', 'args': [0.2762119503945885, 0.4665856622114216]}"
2025-06-16T18:05:34.576404,"{'address': '/effectPos', 'args': [0.25817361894024804, 0.4933171324422843]}"
2025-06-16T18:05:34.608224,"{'address': '/effectPos', 'args': [0.23675310033821872, 0.5103280680437424]}"
2025-06-16T18:05:34.636726,"{'address': '/effectPos', 'args': [0.20856820744081173, 0.5212636695018226]}"
2025-06-16T18:05:34.665261,"{'address': '/effectPos', 'args': [0.1826381059751973, 0.528554070473876]}"
2025-06-16T18:05:34.699874,"{'address': '/effectPos', 'args': [0.133032694475761, 0.5309842041312273]}"
2025-06-16T18:05:34.731255,"{'address': '/effectPos', 'args': [0.09244644870349493, 0.5261239368165249]}"
2025-06-16T18:05:34.765074,"{'address': '/effectPos', 'args': [0.0496054114994363, 0.5151883353584447]}"
2025-06-16T18:05:34.798999,"{'address': '/effectPos', 'args': [0.006764374295377677, 0.4835965978128797]}"
2025-06-16T18:05:34.836857,"{'address': '/effectPos', 'args': [0, 0.43013365735115433]}"
2025-06-16T18:05:34.866965,"{'address': '/effectPos', 'args': [0, 0.40340218712029163]}"
2025-06-16T18:05:34.899158,"{'address': '/effectPos', 'args': [0, 0.36938031591737547]}"
2025-06-16T18:05:34.933122,"{'address': '/effectPos', 'args': [0, 0.3353584447144593]}"
2025-06-16T18:05:34.964987,"{'address': '/effectPos', 'args': [0.03269447576099211, 0.3037667071688943]}"
2025-06-16T18:05:34.997990,"{'address': '/effectPos', 'args': [0.06877113866967305, 0.29040097205346294]}"
2025-06-16T18:05:35.031368,"{'address': '/effectPos', 'args': [0.11386696730552424, 0.3025516403402187]}"
2025-06-16T18:05:35.059548,"{'address': '/effectPos', 'args': [0.16910935738444194, 0.34264884568651277]}"
2025-06-16T18:05:35.091860,"{'address': '/effectPos', 'args': [0.20969560315670802, 0.39489671931956255]}"
2025-06-16T18:05:35.123711,"{'address': '/effectPos', 'args': [0.22209695603156707, 0.4471445929526124]}"
2025-06-16T18:05:35.155538,"{'address': '/effectPos', 'args': [0.21420518602029312, 0.4848116646415553]}"
2025-06-16T18:05:35.187444,"{'address': '/effectPos', 'args': [0.19616685456595265, 0.503037667071689]}"
2025-06-16T18:05:35.215880,"{'address': '/effectPos', 'args': [0.17812852311161217, 0.5078979343863913]}"
2025-06-16T18:05:35.248404,"{'address': '/effectPos', 'args': [0.14656144306651633, 0.4945321992709599]}"
2025-06-16T18:05:35.276069,"{'address': '/effectPos', 'args': [0.11273957158962795, 0.4532199270959903]}"
2025-06-16T18:05:35.307829,"{'address': '/effectPos', 'args': [0.0992108229988726, 0.41798298906439857]}"
2025-06-16T18:05:35.339598,"{'address': '/effectPos', 'args': [0.10033821871476889, 0.41190765492102066]}"
2025-06-16T18:05:35.368525,"{'address': '/effectPos', 'args': [0.10146561443066517, 0.4094775212636695]}"
2025-06-16T18:05:35.448803,"{'address': '/effectPos', 'args': [0.10146561443066517, 0.4094775212636695]}"
2025-06-16T18:08:54.836246,"{'address': '/effectPos', 'args': [0.10710259301014656, 0.39611178614823817]}"
2025-06-16T18:08:54.836152,"{'address': '/effectPos', 'args': [0.10372040586245772, 0.39611178614823817]}"
2025-06-16T18:08:54.867859,"{'address': '/effectPos', 'args': [0.11499436302142052, 0.40340218712029163]}"
2025-06-16T18:08:54.899575,"{'address': '/effectPos', 'args': [0.12401352874859076, 0.41190765492102066]}"
2025-06-16T18:08:54.932282,"{'address': '/effectPos', 'args': [0.14994363021420518, 0.43256379100850545]}"
2025-06-16T18:08:54.965357,"{'address': '/effectPos', 'args': [0.1939120631341601, 0.4580801944106926]}"
2025-06-16T18:08:54.999427,"{'address': '/effectPos', 'args': [0.23900789177001128, 0.4775212636695018]}"
2025-06-16T18:08:55.028838,"{'address': '/effectPos', 'args': [0.2762119503945885, 0.4933171324422843]}"
2025-06-16T18:08:55.061595,"{'address': '/effectPos', 'args': [0.3032694475760992, 0.5066828675577156]}"
2025-06-16T18:08:55.092987,"{'address': '/effectPos', 'args': [0.3258173618940248, 0.5212636695018226]}"
2025-06-16T18:08:55.124702,"{'address': '/effectPos', 'args': [0.34723788049605414, 0.5370595382746051]}"
2025-06-16T18:08:55.156434,"{'address': '/effectPos', 'args': [0.3573844419391206, 0.5467800729040098]}"
2025-06-16T18:08:55.189534,"{'address': '/effectPos', 'args': [0.3641488162344983, 0.5540704738760632]}"
2025-06-16T18:08:55.215945,"{'address': '/effectPos', 'args': [0.36753100338218714, 0.5577156743620899]}"
2025-06-16T18:08:55.245011,"{'address': '/effectPos', 'args': [0.3686583990980834, 0.5613608748481167]}"
2025-06-16T18:08:55.284799,"{'address': '/effectPos', 'args': [0.3697857948139797, 0.5637910085054678]}"
2025-06-16T18:08:55.316825,"{'address': '/effectPos', 'args': [0.3697857948139797, 0.5637910085054678]}"
2025-06-16T18:08:55.349275,"{'address': '/effectPos', 'args': [0.3697857948139797, 0.5662211421628189]}"
2025-06-16T18:08:55.382144,"{'address': '/effectPos', 'args': [0.3697857948139797, 0.5710814094775213]}"
2025-06-16T18:08:55.415119,"{'address': '/effectPos', 'args': [0.3686583990980834, 0.5735115431348724]}"
2025-06-16T18:08:55.445289,"{'address': '/effectPos', 'args': [0.3686583990980834, 0.574726609963548]}"
2025-06-16T18:08:55.475951,"{'address': '/effectPos', 'args': [0.36753100338218714, 0.5759416767922235]}"
2025-06-16T18:08:55.508896,"{'address': '/effectPos', 'args': [0.3664036076662909, 0.5783718104495748]}"
2025-06-16T18:08:55.540347,"{'address': '/effectPos', 'args': [0.3652762119503946, 0.5795868772782503]}"
2025-06-16T18:08:55.572916,"{'address': '/effectPos', 'args': [0.3641488162344983, 0.583232077764277]}"
2025-06-16T18:08:55.600069,"{'address': '/effectPos', 'args': [0.36302142051860203, 0.5868772782503038]}"
2025-06-16T18:08:55.629338,"{'address': '/effectPos', 'args': [0.36076662908680945, 0.5893074119076549]}"
2025-06-16T18:08:55.662110,"{'address': '/effectPos', 'args': [0.35851183765501693, 0.5929526123936817]}"
2025-06-16T18:08:55.692965,"{'address': '/effectPos', 'args': [0.35851183765501693, 0.5965978128797084]}"
2025-06-16T18:08:55.723908,"{'address': '/effectPos', 'args': [0.3573844419391206, 0.5990279465370595]}"
2025-06-16T18:08:55.752639,"{'address': '/effectPos', 'args': [0.3573844419391206, 0.6026731470230863]}"
2025-06-16T18:08:55.782790,"{'address': '/effectPos', 'args': [0.35625704622322435, 0.6075334143377886]}"
2025-06-16T18:08:55.816421,"{'address': '/effectPos', 'args': [0.35625704622322435, 0.6123936816524909]}"
2025-06-16T18:08:55.844887,"{'address': '/effectPos', 'args': [0.35625704622322435, 0.6196840826245443]}"
2025-06-16T18:08:55.876496,"{'address': '/effectPos', 'args': [0.35625704622322435, 0.6306196840826246]}"
2025-06-16T18:08:55.907848,"{'address': '/effectPos', 'args': [0.35625704622322435, 0.637910085054678]}"
2025-06-16T18:08:55.941151,"{'address': '/effectPos', 'args': [0.35625704622322435, 0.6439854191980559]}"
2025-06-16T18:08:55.971674,"{'address': '/effectPos', 'args': [0.35851183765501693, 0.6512758201701093]}"
2025-06-16T18:08:56.004050,"{'address': '/effectPos', 'args': [0.36076662908680945, 0.6597812879708383]}"
2025-06-16T18:08:56.036204,"{'address': '/effectPos', 'args': [0.36076662908680945, 0.6646415552855407]}"
2025-06-16T18:08:56.068843,"{'address': '/effectPos', 'args': [0.36076662908680945, 0.6682867557715675]}"
2025-06-16T18:08:56.100449,"{'address': '/effectPos', 'args': [0.36076662908680945, 0.6719319562575942]}"
2025-06-16T18:08:56.132426,"{'address': '/effectPos', 'args': [0.36189402480270577, 0.675577156743621]}"
2025-06-16T18:08:56.164952,"{'address': '/effectPos', 'args': [0.36189402480270577, 0.6816524908869988]}"
2025-06-16T18:08:56.199368,"{'address': '/effectPos', 'args': [0.36189402480270577, 0.6865127582017011]}"
2025-06-16T18:08:56.229120,"{'address': '/effectPos', 'args': [0.36189402480270577, 0.6913730255164034]}"
2025-06-16T18:08:56.261006,"{'address': '/effectPos', 'args': [0.36189402480270577, 0.6962332928311057]}"
2025-06-16T18:08:56.292784,"{'address': '/effectPos', 'args': [0.36189402480270577, 0.6974483596597812]}"
2025-06-16T18:08:57.240612,"{'address': '/effectPos', 'args': [0.36189402480270577, 0.6986634264884569]}"
2025-06-16T18:08:57.268220,"{'address': '/effectPos', 'args': [0.35625704622322435, 0.6986634264884569]}"
2025-06-16T18:08:57.299660,"{'address': '/effectPos', 'args': [0.35174746335963925, 0.6974483596597812]}"
2025-06-16T18:08:57.340364,"{'address': '/effectPos', 'args': [0.34949267192784667, 0.6950182260024301]}"
2025-06-16T18:08:57.476475,"{'address': '/effectPos', 'args': [0.34949267192784667, 0.6950182260024301]}"
2025-06-16T18:08:57.508315,"{'address': '/effectPos', 'args': [0.34949267192784667, 0.6938031591737546]}"
2025-06-16T18:08:57.540938,"{'address': '/effectPos', 'args': [0.34949267192784667, 0.6901579586877278]}"
2025-06-16T18:08:57.572519,"{'address': '/effectPos', 'args': [0.34949267192784667, 0.6865127582017011]}"
2025-06-16T18:08:57.603821,"{'address': '/effectPos', 'args': [0.34949267192784667, 0.6816524908869988]}"
2025-06-16T18:08:57.636574,"{'address': '/effectPos', 'args': [0.3506200676437429, 0.6780072904009721]}"
2025-06-16T18:08:57.668120,"{'address': '/effectPos', 'args': [0.35174746335963925, 0.675577156743621]}"
2025-06-16T18:08:57.700541,"{'address': '/effectPos', 'args': [0.35400225479143177, 0.6743620899149453]}"
2025-06-16T18:08:57.732082,"{'address': '/effectPos', 'args': [0.35400225479143177, 0.6743620899149453]}"
2025-06-16T18:08:57.765786,"{'address': '/effectPos', 'args': [0.3551296505073281, 0.6743620899149453]}"
2025-06-16T18:08:57.798846,"{'address': '/effectPos', 'args': [0.35851183765501693, 0.675577156743621]}"
2025-06-16T18:08:57.832520,"{'address': '/effectPos', 'args': [0.3596392333709132, 0.6767922235722965]}"
2025-06-16T18:08:57.861544,"{'address': '/effectPos', 'args': [0.36076662908680945, 0.6780072904009721]}"
2025-06-16T18:08:57.893876,"{'address': '/effectPos', 'args': [0.36302142051860203, 0.6816524908869988]}"
2025-06-16T18:08:57.924499,"{'address': '/effectPos', 'args': [0.36302142051860203, 0.6889428918590522]}"
2025-06-16T18:08:57.956380,"{'address': '/effectPos', 'args': [0.36302142051860203, 0.6962332928311057]}"
2025-06-16T18:08:57.988471,"{'address': '/effectPos', 'args': [0.36302142051860203, 0.701093560145808]}"
2025-06-16T18:08:58.016105,"{'address': '/effectPos', 'args': [0.36189402480270577, 0.7035236938031592]}"
2025-06-16T18:08:58.044637,"{'address': '/effectPos', 'args': [0.3596392333709132, 0.707168894289186]}"
2025-06-16T18:08:58.076688,"{'address': '/effectPos', 'args': [0.3573844419391206, 0.7095990279465371]}"
2025-06-16T18:08:58.108760,"{'address': '/effectPos', 'args': [0.3573844419391206, 0.7108140947752126]}"
2025-06-16T18:08:58.206306,"{'address': '/effectPos', 'args': [0.35625704622322435, 0.7108140947752126]}"
2025-06-16T18:08:58.236609,"{'address': '/effectPos', 'args': [0.3551296505073281, 0.7095990279465371]}"
2025-06-16T18:08:58.269790,"{'address': '/effectPos', 'args': [0.3461104847801578, 0.7035236938031592]}"
2025-06-16T18:08:58.301029,"{'address': '/effectPos', 'args': [0.33258173618940245, 0.6950182260024301]}"
2025-06-16T18:08:58.332418,"{'address': '/effectPos', 'args': [0.3258173618940248, 0.6901579586877278]}"
2025-06-16T18:08:58.429492,"{'address': '/effectPos', 'args': [0.3246899661781285, 0.6889428918590522]}"
2025-06-16T18:08:58.468405,"{'address': '/effectPos', 'args': [0.3258173618940248, 0.6877278250303767]}"
2025-06-16T18:08:58.500005,"{'address': '/effectPos', 'args': [0.3269447576099211, 0.6852976913730255]}"
2025-06-16T18:08:58.532055,"{'address': '/effectPos', 'args': [0.33032694475760993, 0.6828675577156743]}"
2025-06-16T18:08:58.564114,"{'address': '/effectPos', 'args': [0.33258173618940245, 0.6816524908869988]}"
2025-06-16T18:08:58.608184,"{'address': '/effectPos', 'args': [0.33258173618940245, 0.6804374240583232]}"
2025-06-16T18:08:58.653532,"{'address': '/effectPos', 'args': [0.3337091319052988, 0.6804374240583232]}"
2025-06-16T18:09:13.775432,"{'address': '/hover', 'args': 57}"
2025-06-16T18:09:13.849427,"{'address': '/hover', 'args': 12}"
2025-06-16T18:09:13.932838,"{'address': '/hover', 'args': 6}"
2025-06-16T18:09:13.974573,"{'address': '/hover', 'args': 21}"
2025-06-16T18:09:13.999530,"{'address': '/hover', 'args': 23}"
2025-06-16T18:09:14.508997,"{'address': '/hover', 'args': 23}"
2025-06-16T18:09:14.516986,"{'address': '/hover', 'args': 19}"
2025-06-16T18:09:17.065694,"{'address': '/effectPos', 'args': [0.48027057497181513, 0.5710814094775213]}"
2025-06-16T18:09:17.102018,"{'address': '/effectPos', 'args': [0.4813979706877114, 0.5710814094775213]}"
2025-06-16T18:09:17.131944,"{'address': '/effectPos', 'args': [0.496054114994363, 0.5856622114216282]}"
2025-06-16T18:09:17.166930,"{'address': '/effectPos', 'args': [0.503945885005637, 0.6160388821385177]}"
2025-06-16T18:09:17.198164,"{'address': '/effectPos', 'args': [0.5050732807215332, 0.6731470230862697]}"
2025-06-16T18:09:17.228374,"{'address': '/effectPos', 'args': [0.5050732807215332, 0.7205346294046172]}"
2025-06-16T18:09:17.256766,"{'address': '/effectPos', 'args': [0.5028184892897407, 0.7606318347509113]}"
2025-06-16T18:09:17.284644,"{'address': '/effectPos', 'args': [0.4904171364148816, 0.787363304981774]}"
2025-06-16T18:09:17.316812,"{'address': '/effectPos', 'args': [0.4701240135287486, 0.8092345078979344]}"
2025-06-16T18:09:17.350455,"{'address': '/effectPos', 'args': [0.46561443066516345, 0.8116646415552855]}"
2025-06-16T18:09:17.385233,"{'address': '/effectPos', 'args': [0.4633596392333709, 0.8116646415552855]}"
2025-06-16T18:09:17.415917,"{'address': '/effectPos', 'args': [0.46223224351747466, 0.8116646415552855]}"
2025-06-16T18:09:17.444088,"{'address': '/effectPos', 'args': [0.4588500563697858, 0.8116646415552855]}"
2025-06-16T18:09:36.867067,"{'address': '/hover', 'args': 39}"
2025-06-16T18:09:36.875233,"{'address': '/hover', 'args': 47}"
2025-06-16T18:09:36.883893,"{'address': '/hover', 'args': 58}"
2025-06-16T18:09:36.899259,"{'address': '/hover', 'args': 29}"
2025-06-16T18:09:36.917572,"{'address': '/hover', 'args': 59}"
2025-06-16T18:09:36.923898,"{'address': '/hover', 'args': 30}"
2025-06-16T18:09:36.924136,"{'address': '/hover', 'args': 35}"
2025-06-16T18:09:36.945275,"{'address': '/hover', 'args': 13}"
2025-06-16T18:09:36.969072,"{'address': '/hover', 'args': 20}"
2025-06-16T18:09:36.998659,"{'address': '/hover', 'args': 10}"
2025-06-16T18:09:37.048653,"{'address': '/hover', 'args': 17}"
2025-06-16T18:09:37.149270,"{'address': '/hover', 'args': 22}"
2025-06-16T18:11:19.915653,"{'address': '/effectPos', 'args': [0.46786922209695603, 0.8226002430133658]}"
2025-06-16T18:11:19.915098,"{'address': '/effectPos', 'args': [0.46786922209695603, 0.8238153098420413]}"
2025-06-16T18:11:20.047500,"{'address': '/effectPos', 'args': [0.46786922209695603, 0.8226002430133658]}"
2025-06-16T18:11:20.076265,"{'address': '/effectPos', 'args': [0.46786922209695603, 0.8335358444714459]}"
2025-06-16T18:11:20.104515,"{'address': '/effectPos', 'args': [0.4644870349492672, 0.8529769137302552]}"
2025-06-16T18:11:20.132291,"{'address': '/effectPos', 'args': [0.45659526493799324, 0.8699878493317132]}"
2025-06-16T18:11:20.164632,"{'address': '/effectPos', 'args': [0.44306651634723787, 0.8869987849331713]}"
2025-06-16T18:11:20.198678,"{'address': '/effectPos', 'args': [0.42615558060879366, 0.8942891859052248]}"
2025-06-16T18:11:20.229937,"{'address': '/effectPos', 'args': [0.4081172491544532, 0.8955042527339003]}"
2025-06-16T18:11:20.261394,"{'address': '/effectPos', 'args': [0.38218714768883877, 0.8869987849331713]}"
2025-06-16T18:11:20.293425,"{'address': '/effectPos', 'args': [0.3573844419391206, 0.8712029161603888]}"
2025-06-16T18:11:20.321796,"{'address': '/effectPos', 'args': [0.34723788049605414, 0.850546780072904]}"
2025-06-16T18:11:20.349964,"{'address': '/effectPos', 'args': [0.34723788049605414, 0.8383961117861483]}"
2025-06-16T18:11:20.377617,"{'address': '/effectPos', 'args': [0.3528748590755355, 0.8226002430133658]}"
2025-06-16T18:11:20.405303,"{'address': '/effectPos', 'args': [0.36753100338218714, 0.8080194410692588]}"
2025-06-16T18:11:20.437651,"{'address': '/effectPos', 'args': [0.3900789177001127, 0.7910085054678008]}"
2025-06-16T18:11:20.468567,"{'address': '/effectPos', 'args': [0.4092446448703495, 0.7812879708383961]}"
2025-06-16T18:11:20.525085,"{'address': '/effectPos', 'args': [0.41262683201803835, 0.7800729040097205]}"
2025-06-16T18:11:58.532838,"{'address': '/hover', 'args': 23}"
2025-06-16T18:11:58.534933,"{'address': '/hover', 'args': 60}"
2025-06-16T18:12:05.525711,"{'address': '/hover', 'args': 19}"
2025-06-16T18:12:05.625235,"{'address': '/hover', 'args': 21}"
2025-06-16T18:12:05.841879,"{'address': '/hover', 'args': 19}"
2025-06-16T18:12:08.675649,"{'address': '/effectPos', 'args': [0.4419391206313416, 0.8590522478736331]}"
2025-06-16T18:12:08.675600,"{'address': '/effectPos', 'args': [0.4419391206313416, 0.8614823815309842]}"
2025-06-16T18:12:08.705255,"{'address': '/effectPos', 'args': [0.4464487034949267, 0.8517618469015796]}"
2025-06-16T18:12:08.732894,"{'address': '/effectPos', 'args': [0.4532130777903044, 0.8456865127582017]}"
2025-06-16T18:12:08.765455,"{'address': '/effectPos', 'args': [0.47125140924464487, 0.8347509113001215]}"
2025-06-16T18:12:08.794191,"{'address': '/effectPos', 'args': [0.49943630214205187, 0.8250303766707169]}"
2025-06-16T18:12:08.821488,"{'address': '/effectPos', 'args': [0.5264937993235626, 0.8177399756986634]}"
2025-06-16T18:12:08.853679,"{'address': '/effectPos', 'args': [0.5693348365276212, 0.8128797083839611]}"
2025-06-16T18:12:08.883590,"{'address': '/effectPos', 'args': [0.6110484780157835, 0.8128797083839611]}"
2025-06-16T18:12:08.916969,"{'address': '/effectPos', 'args': [0.6403607666290868, 0.8201701093560145]}"
2025-06-16T18:12:08.949844,"{'address': '/effectPos', 'args': [0.6538895152198422, 0.8286755771567437]}"
2025-06-16T18:12:08.984021,"{'address': '/effectPos', 'args': [0.6583990980834273, 0.8408262454434994]}"
2025-06-16T18:12:09.017395,"{'address': '/effectPos', 'args': [0.6583990980834273, 0.8614823815309842]}"
2025-06-16T18:12:09.050436,"{'address': '/effectPos', 'args': [0.6459977452085682, 0.8821385176184691]}"
2025-06-16T18:12:09.083513,"{'address': '/effectPos', 'args': [0.6313416009019166, 0.9064398541919806]}"
2025-06-16T18:12:09.117386,"{'address': '/effectPos', 'args': [0.6178128523111612, 0.9222357229647631]}"
2025-06-16T18:12:09.145776,"{'address': '/effectPos', 'args': [0.6110484780157835, 0.928311057108141]}"
2025-06-16T18:13:09.558949,"{'address': '/hover', 'args': 8}"
2025-06-16T18:13:09.560406,"{'address': '/hover', 'args': 19}"
2025-06-16T18:13:09.917252,"{'address': '/hover', 'args': 6}"
2025-06-16T18:13:10.242297,"{'address': '/hover', 'args': 21}"
2025-06-16T18:13:10.256991,"{'address': '/hover', 'args': 8}"
2025-06-16T18:13:10.301090,"{'address': '/hover', 'args': 19}"
2025-06-16T18:13:10.683564,"{'address': '/hover', 'args': 8}"
2025-06-16T18:13:10.800077,"{'address': '/hover', 'args': 31}"
2025-06-16T18:13:11.016921,"{'address': '/hover', 'args': 6}"
2025-06-16T18:13:11.058178,"{'address': '/hover', 'args': 12}"
2025-06-16T18:13:11.089514,"{'address': '/hover', 'args': 11}"
2025-06-16T18:13:11.175126,"{'address': '/hover', 'args': 2}"
2025-06-16T18:13:12.725347,"{'address': '/hover', 'args': 2}"
2025-06-16T18:13:12.984315,"{'address': '/hover', 'args': 12}"
2025-06-16T18:13:13.025082,"{'address': '/hover', 'args': 33}"
2025-06-16T18:13:13.062062,"{'address': '/hover', 'args': 57}"
2025-06-16T18:13:14.566383,"{'address': '/effectPos', 'args': [0.5715896279594137, 0.9210206561360875]}"
2025-06-16T18:13:14.609566,"{'address': '/effectPos', 'args': [0.5715896279594137, 0.9210206561360875]}"
2025-06-16T18:13:14.641189,"{'address': '/effectPos', 'args': [0.5614430665163472, 0.9100850546780073]}"
2025-06-16T18:13:14.673285,"{'address': '/effectPos', 'args': [0.5298759864712514, 0.8967193195625759]}"
2025-06-16T18:13:14.700450,"{'address': '/effectPos', 'args': [0.4881623449830891, 0.8845686512758202]}"
2025-06-16T18:13:14.729246,"{'address': '/effectPos', 'args': [0.42615558060879366, 0.8736330498177399]}"
2025-06-16T18:13:14.756456,"{'address': '/effectPos', 'args': [0.38444193912063135, 0.8675577156743621]}"
2025-06-16T18:13:14.784883,"{'address': '/effectPos', 'args': [0.34498308906426156, 0.8602673147023087]}"
2025-06-16T18:13:14.816871,"{'address': '/effectPos', 'args': [0.32807215332581735, 0.8554070473876063]}"
2025-06-16T18:13:14.849222,"{'address': '/effectPos', 'args': [0.3089064261555806, 0.8396111786148238]}"
2025-06-16T18:13:14.883613,"{'address': '/effectPos', 'args': [0.2852311161217587, 0.8031591737545565]}"
2025-06-16T18:13:14.920999,"{'address': '/effectPos', 'args': [0.2705749718151071, 0.7667071688942891]}"
2025-06-16T18:13:14.957154,"{'address': '/effectPos', 'args': [0.2705749718151071, 0.7351154313487241]}"
2025-06-16T18:13:14.985592,"{'address': '/effectPos', 'args': [0.27282976324689967, 0.7108140947752126]}"
2025-06-16T18:13:15.018066,"{'address': '/effectPos', 'args': [0.2852311161217587, 0.6804374240583232]}"
2025-06-16T18:13:15.050670,"{'address': '/effectPos', 'args': [0.30101465614430667, 0.6573511543134872]}"
2025-06-16T18:13:15.084759,"{'address': '/effectPos', 'args': [0.30777903043968435, 0.6500607533414338]}"
2025-06-16T18:13:15.154356,"{'address': '/effectPos', 'args': [0.3089064261555806, 0.6512758201701093]}"
2025-06-16T18:13:15.184028,"{'address': '/effectPos', 'args': [0.3089064261555806, 0.6537059538274606]}"
2025-06-16T18:13:16.430074,"{'address': '/hover', 'args': 19}"
2025-06-16T18:13:16.430025,"{'address': '/hover', 'args': 8}"
2025-06-16T18:13:16.462854,"{'address': '/hover', 'args': 21}"
2025-06-16T18:13:16.479268,"{'address': '/hover', 'args': 6}"
2025-06-16T18:13:16.545971,"{'address': '/hover', 'args': 9}"
2025-06-16T18:13:16.687663,"{'address': '/hover', 'args': 11}"
2025-06-16T18:13:16.754749,"{'address': '/hover', 'args': 18}"
2025-06-16T18:13:16.888176,"{'address': '/hover', 'args': 30}"
2025-06-16T18:13:17.480004,"{'address': '/hover', 'args': 12}"
2025-06-16T18:13:17.804568,"{'address': '/hover', 'args': 18}"
2025-06-16T18:13:17.845850,"{'address': '/hover', 'args': 30}"
2025-06-16T18:13:17.887450,"{'address': '/hover', 'args': 13}"
2025-06-16T18:13:17.996004,"{'address': '/hover', 'args': 59}"
2025-06-16T18:13:18.029282,"{'address': '/hover', 'args': 2}"
2025-06-16T18:13:18.104530,"{'address': '/hover', 'args': 33}"
2025-06-16T18:13:18.170142,"{'address': '/hover', 'args': 12}"
2025-06-16T18:13:18.547145,"{'address': '/hover', 'args': 6}"
2025-06-16T18:13:18.645918,"{'address': '/hover', 'args': 11}"
2025-06-16T18:13:18.687690,"{'address': '/hover', 'args': 9}"
2025-06-16T18:13:18.745476,"{'address': '/hover', 'args': 18}"
2025-06-16T18:13:18.829275,"{'address': '/hover', 'args': 13}"
2025-06-16T18:13:18.962537,"{'address': '/hover', 'args': 14}"
2025-06-16T18:13:19.196099,"{'address': '/hover', 'args': 30}"
2025-06-16T18:13:19.287719,"{'address': '/hover', 'args': 11}"
2025-06-16T18:13:19.647000,"{'address': '/hover', 'args': 35}"
2025-06-16T18:13:19.663007,"{'address': '/hover', 'args': 13}"
2025-06-16T18:13:20.146843,"{'address': '/hover', 'args': 29}"
2025-06-16T18:13:20.396028,"{'address': '/hover', 'args': 5}"
2025-06-16T18:13:20.462557,"{'address': '/hover', 'args': 46}"
2025-06-16T18:13:20.528847,"{'address': '/hover', 'args': 44}"
2025-06-16T18:13:20.629364,"{'address': '/hover', 'args': 57}"
2025-06-16T18:13:21.491700,"{'address': '/effectPos', 'args': [0.5140924464487034, 0.7934386391251519]}"
2025-06-16T18:13:21.491816,"{'address': '/effectPos', 'args': [0.5129650507328072, 0.7897934386391251]}"
2025-06-16T18:13:21.520492,"{'address': '/effectPos', 'args': [0.5095828635851184, 0.7679222357229648]}"
2025-06-16T18:13:21.554559,"{'address': '/effectPos', 'args': [0.5174746335963923, 0.7314702308626975]}"
2025-06-16T18:13:21.585753,"{'address': '/effectPos', 'args': [0.5445321307779031, 0.6962332928311057]}"
2025-06-16T18:13:21.617167,"{'address': '/effectPos', 'args': [0.5907553551296505, 0.6537059538274606]}"
2025-06-16T18:13:21.651742,"{'address': '/effectPos', 'args': [0.6426155580608793, 0.6148238153098421]}"
2025-06-16T18:13:21.683999,"{'address': '/effectPos', 'args': [0.7001127395715896, 0.5735115431348724]}"
2025-06-16T18:13:21.717285,"{'address': '/effectPos', 'args': [0.7519729425028185, 0.5358444714459295]}"
2025-06-16T18:13:21.746111,"{'address': '/effectPos', 'args': [0.7891770011273957, 0.49696233292831105]}"
2025-06-16T18:13:21.777783,"{'address': '/effectPos', 'args': [0.8049605411499436, 0.4617253948967193]}"
2025-06-16T18:13:21.809742,"{'address': '/effectPos', 'args': [0.8139797068771139, 0.425273390036452]}"
2025-06-16T18:13:21.842864,"{'address': '/effectPos', 'args': [0.8117249154453213, 0.3863912515188335]}"
2025-06-16T18:13:21.873744,"{'address': '/effectPos', 'args': [0.7993235625704622, 0.34750911300121506]}"
2025-06-16T18:13:21.900173,"{'address': '/effectPos', 'args': [0.790304396843292, 0.32077764277035237]}"
2025-06-16T18:13:21.928931,"{'address': '/effectPos', 'args': [0.7835400225479143, 0.2891859052247874]}"
2025-06-16T18:13:21.961780,"{'address': '/effectPos', 'args': [0.7812852311161218, 0.2648845686512758]}"
2025-06-16T18:13:21.993768,"{'address': '/effectPos', 'args': [0.7812852311161218, 0.24301336573511542]}"
2025-06-16T18:13:22.946148,"{'address': '/hover', 'args': 8}"
2025-06-16T18:13:22.961999,"{'address': '/hover', 'args': 6}"
2025-06-16T18:13:23.037806,"{'address': '/hover', 'args': 9}"
2025-06-16T18:13:23.087248,"{'address': '/hover', 'args': 11}"
2025-06-16T18:13:23.112804,"{'address': '/hover', 'args': 18}"
2025-06-16T18:13:23.162134,"{'address': '/hover', 'args': 30}"
2025-06-16T18:13:23.187559,"{'address': '/hover', 'args': 13}"
2025-06-16T18:13:23.479366,"{'address': '/hover', 'args': 35}"
2025-06-16T18:13:23.545919,"{'address': '/hover', 'args': 14}"
2025-06-16T18:13:23.571032,"{'address': '/hover', 'args': 43}"
2025-06-16T18:13:23.612617,"{'address': '/hover', 'args': 1}"
2025-06-16T18:13:23.996220,"{'address': '/hover', 'args': 55}"
2025-06-16T18:13:24.012227,"{'address': '/hover', 'args': 45}"
2025-06-16T18:13:24.038367,"{'address': '/hover', 'args': 51}"
2025-06-16T18:13:24.062564,"{'address': '/hover', 'args': 40}"
2025-06-16T18:13:24.070423,"{'address': '/hover', 'args': 48}"
2025-06-16T18:13:29.229694,"{'address': '/hover', 'args': 39}"
2025-06-16T18:13:29.245646,"{'address': '/hover', 'args': 47}"
2025-06-16T18:13:29.254602,"{'address': '/hover', 'args': 58}"
2025-06-16T18:13:29.462761,"{'address': '/hover', 'args': 29}"
2025-06-16T18:13:30.197257,"{'address': '/hover', 'args': 40}"
2025-06-16T18:13:30.221162,"{'address': '/hover', 'args': 39}"
2025-06-16T18:13:31.228654,"{'address': '/hover', 'args': 38}"
2025-06-16T18:13:31.296130,"{'address': '/hover', 'args': 37}"
2025-06-16T18:13:31.328609,"{'address': '/hover', 'args': 44}"
2025-06-16T18:13:31.721265,"{'address': '/hover', 'args': 8}"
2025-06-16T18:13:31.755250,"{'address': '/hover', 'args': 6}"
2025-06-16T18:13:31.837603,"{'address': '/hover', 'args': 11}"
2025-06-16T18:13:31.879265,"{'address': '/hover', 'args': 12}"
2025-06-16T18:13:32.188889,"{'address': '/hover', 'args': 2}"
2025-06-16T18:13:32.195873,"{'address': '/hover', 'args': 12}"
2025-06-16T18:13:32.313008,"{'address': '/hover', 'args': 30}"
2025-06-16T18:13:32.539115,"{'address': '/hover', 'args': 2}"
2025-06-16T18:13:32.605118,"{'address': '/hover', 'args': 12}"
2025-06-16T18:13:32.605174,"{'address': '/hover', 'args': 33}"
2025-06-16T18:13:32.679511,"{'address': '/hover', 'args': 57}"
2025-06-16T18:13:33.720270,"{'address': '/effectPos', 'args': [0.6121758737316798, 0.7181044957472661]}"
2025-06-16T18:13:33.720386,"{'address': '/effectPos', 'args': [0.6155580608793687, 0.715674362089915]}"
2025-06-16T18:13:33.795247,"{'address': '/effectPos', 'args': [0.6189402480270575, 0.7144592952612394]}"
2025-06-16T18:13:33.825554,"{'address': '/effectPos', 'args': [0.5997745208568207, 0.7168894289185905]}"
2025-06-16T18:13:33.858389,"{'address': '/effectPos', 'args': [0.5400225479143179, 0.7266099635479951]}"
2025-06-16T18:13:33.890077,"{'address': '/effectPos', 'args': [0.4295377677564825, 0.741190765492102]}"
2025-06-16T18:13:33.922132,"{'address': '/effectPos', 'args': [0.3156708004509583, 0.7484811664641555]}"
2025-06-16T18:13:33.954222,"{'address': '/effectPos', 'args': [0.24013528748590757, 0.7630619684082625]}"
2025-06-16T18:13:33.986214,"{'address': '/effectPos', 'args': [0.19503945885005636, 0.7764277035236938]}"
2025-06-16T18:13:34.017616,"{'address': '/effectPos', 'args': [0.18038331454340473, 0.7885783718104495]}"
2025-06-16T18:13:34.050371,"{'address': '/effectPos', 'args': [0.17700112739571588, 0.8007290400972054]}"
2025-06-16T18:13:34.083382,"{'address': '/effectPos', 'args': [0.17361894024802707, 0.81044957472661]}"
2025-06-16T18:13:34.114057,"{'address': '/effectPos', 'args': [0.17361894024802707, 0.8140947752126367]}"
2025-06-16T18:13:35.205413,"{'address': '/hover', 'args': 19}"
2025-06-16T18:13:35.205361,"{'address': '/hover', 'args': 8}"
2025-06-16T18:13:35.229272,"{'address': '/hover', 'args': 6}"
2025-06-16T18:13:35.229218,"{'address': '/hover', 'args': 21}"
2025-06-16T18:13:35.253352,"{'address': '/hover', 'args': 9}"
2025-06-16T18:13:35.279546,"{'address': '/hover', 'args': 11}"
2025-06-16T18:13:35.470865,"{'address': '/hover', 'args': 30}"
2025-06-16T18:13:35.562573,"{'address': '/hover', 'args': 2}"
2025-06-16T18:13:35.645815,"{'address': '/hover', 'args': 33}"
2025-06-16T18:13:35.797151,"{'address': '/hover', 'args': 59}"
2025-06-16T18:13:35.829986,"{'address': '/hover', 'args': 30}"
2025-06-16T18:13:35.853947,"{'address': '/hover', 'args': 35}"
2025-06-16T18:13:35.996121,"{'address': '/hover', 'args': 14}"
2025-06-16T18:13:36.070721,"{'address': '/hover', 'args': 28}"
2025-06-16T18:13:36.145893,"{'address': '/hover', 'args': 16}"
2025-06-16T18:13:36.271091,"{'address': '/hover', 'args': 26}"
2025-06-16T18:13:36.296211,"{'address': '/hover', 'args': 27}"
2025-06-16T18:13:36.329059,"{'address': '/hover', 'args': 0}"
2025-06-16T18:17:24.486931,"{'address': '/effectPos', 'args': [0.18376550169109357, 0.8177399756986634]}"
2025-06-16T18:17:24.530296,"{'address': '/effectPos', 'args': [0.18489289740698986, 0.8177399756986634]}"
2025-06-16T18:17:24.562468,"{'address': '/effectPos', 'args': [0.18940248027057496, 0.8128797083839611]}"
2025-06-16T18:17:24.594353,"{'address': '/effectPos', 'args': [0.2153325817361894, 0.804374240583232]}"
2025-06-16T18:17:24.625946,"{'address': '/effectPos', 'args': [0.26042841037204056, 0.7922235722964763]}"
2025-06-16T18:17:24.658578,"{'address': '/effectPos', 'args': [0.30101465614430667, 0.7849331713244229]}"
2025-06-16T18:17:24.690402,"{'address': '/effectPos', 'args': [0.33258173618940245, 0.787363304981774]}"
2025-06-16T18:17:24.722514,"{'address': '/effectPos', 'args': [0.35400225479143177, 0.795868772782503]}"
2025-06-16T18:17:24.754304,"{'address': '/effectPos', 'args': [0.3697857948139797, 0.8080194410692588]}"
2025-06-16T18:17:24.786830,"{'address': '/effectPos', 'args': [0.37993235625704624, 0.8238153098420413]}"
2025-06-16T18:17:24.818210,"{'address': '/effectPos', 'args': [0.38218714768883877, 0.8420413122721749]}"
2025-06-16T18:17:24.850860,"{'address': '/effectPos', 'args': [0.3810597519729425, 0.8578371810449574]}"
2025-06-16T18:17:24.954730,"{'address': '/effectPos', 'args': [0.3788049605411499, 0.8639125151883353]}"
2025-06-16T18:17:39.058865,"{'address': '/hover', 'args': 42}"
2025-06-16T18:17:39.091746,"{'address': '/hover', 'args': 51}"
2025-06-16T18:17:39.108482,"{'address': '/hover', 'args': 55}"
2025-06-16T18:17:39.108190,"{'address': '/hover', 'args': 45}"
2025-06-16T18:17:39.125007,"{'address': '/hover', 'args': 43}"
2025-06-16T18:17:39.124916,"{'address': '/hover', 'args': 1}"
2025-06-16T18:17:39.131905,"{'address': '/hover', 'args': 14}"
2025-06-16T18:17:39.141675,"{'address': '/hover', 'args': 28}"
2025-06-16T18:17:39.157935,"{'address': '/hover', 'args': 24}"
2025-06-16T18:17:39.174631,"{'address': '/hover', 'args': 17}"
2025-06-16T18:17:39.199762,"{'address': '/hover', 'args': 22}"
2025-06-16T18:19:23.309532,"{'address': '/hover', 'args': 8}"
2025-06-16T18:19:23.350437,"{'address': '/hover', 'args': 6}"
2025-06-16T18:19:23.525313,"{'address': '/hover', 'args': 11}"
2025-06-16T18:19:23.592766,"{'address': '/hover', 'args': 12}"
2025-06-16T18:19:29.276086,"{'address': '/hover', 'args': 33}"
2025-06-16T18:19:29.567525,"{'address': '/hover', 'args': 46}"
2025-06-16T18:19:29.883999,"{'address': '/hover', 'args': 41}"
2025-06-16T18:19:29.925130,"{'address': '/hover', 'args': 38}"
2025-06-16T18:19:29.992306,"{'address': '/hover', 'args': 47}"
2025-06-16T18:19:36.426879,"{'address': '/hover', 'args': 40}"
2025-06-16T18:19:36.433407,"{'address': '/hover', 'args': 29}"
2025-06-16T18:19:36.449802,"{'address': '/hover', 'args': 59}"
2025-06-16T18:19:36.458644,"{'address': '/hover', 'args': 30}"
2025-06-16T18:19:36.474626,"{'address': '/hover', 'args': 18}"
2025-06-16T18:19:36.491290,"{'address': '/hover', 'args': 34}"
2025-06-16T18:19:36.499493,"{'address': '/hover', 'args': 7}"
2025-06-16T18:19:36.507987,"{'address': '/hover', 'args': 36}"
2025-06-16T18:21:27.085505,"{'address': '/hover', 'args': 42}"
2025-06-16T18:21:27.087399,"{'address': '/hover', 'args': 51}"
2025-06-16T18:21:27.102033,"{'address': '/hover', 'args': 55}"
2025-06-16T18:21:27.108175,"{'address': '/hover', 'args': 43}"
2025-06-16T18:21:27.116326,"{'address': '/hover', 'args': 1}"
2025-06-16T18:21:27.124573,"{'address': '/hover', 'args': 14}"
2025-06-16T18:21:27.132885,"{'address': '/hover', 'args': 28}"
2025-06-16T18:21:27.141276,"{'address': '/hover', 'args': 10}"
2025-06-16T18:21:27.141789,"{'address': '/hover', 'args': 24}"
2025-06-16T18:21:27.158158,"{'address': '/hover', 'args': 22}"
2025-06-16T18:41:19.943691,"{'address': '/hover', 'args': 8}"
2025-06-16T18:41:19.945978,"{'address': '/hover', 'args': 19}"
2025-06-16T18:41:19.984869,"{'address': '/hover', 'args': 6}"
2025-06-16T18:41:20.025376,"{'address': '/hover', 'args': 11}"
2025-06-16T18:41:20.175569,"{'address': '/hover', 'args': 2}"
2025-06-16T18:41:20.326247,"{'address': '/hover', 'args': 33}"
2025-06-16T18:41:20.367176,"{'address': '/hover', 'args': 12}"
2025-06-16T18:41:20.459834,"{'address': '/hover', 'args': 11}"
2025-06-16T18:41:20.526373,"{'address': '/hover', 'args': 30}"
2025-06-16T18:41:20.667828,"{'address': '/hover', 'args': 2}"
2025-06-16T18:41:20.734839,"{'address': '/hover', 'args': 6}"
2025-06-16T18:41:20.758777,"{'address': '/hover', 'args': 9}"
2025-06-16T18:41:20.776067,"{'address': '/hover', 'args': 21}"
2025-06-16T18:41:21.059063,"{'address': '/hover', 'args': 19}"
2025-06-16T18:41:21.458700,"{'address': '/hover', 'args': 6}"
2025-06-16T18:41:21.509257,"{'address': '/hover', 'args': 12}"
2025-06-16T18:41:21.576065,"{'address': '/hover', 'args': 33}"
2025-06-16T18:41:21.626238,"{'address': '/hover', 'args': 57}"
2025-06-16T18:41:21.742148,"{'address': '/hover', 'args': 11}"
2025-06-16T18:41:21.758679,"{'address': '/hover', 'args': 9}"
2025-06-16T18:41:21.775582,"{'address': '/hover', 'args': 18}"
2025-06-16T18:41:21.825777,"{'address': '/hover', 'args': 30}"
2025-06-16T18:41:21.825741,"{'address': '/hover', 'args': 13}"
2025-06-16T18:41:21.875468,"{'address': '/hover', 'args': 35}"
2025-06-16T18:41:21.909389,"{'address': '/hover', 'args': 59}"
2025-06-16T18:41:21.976017,"{'address': '/hover', 'args': 2}"
2025-06-16T18:41:22.035247,"{'address': '/hover', 'args': 12}"
2025-06-16T18:41:22.067692,"{'address': '/hover', 'args': 11}"
2025-06-16T18:41:22.134332,"{'address': '/hover', 'args': 9}"
2025-06-16T18:41:22.150564,"{'address': '/hover', 'args': 18}"
2025-06-16T18:41:22.208708,"{'address': '/hover', 'args': 13}"
2025-06-16T18:41:22.217035,"{'address': '/hover', 'args': 30}"
2025-06-16T18:41:22.275760,"{'address': '/hover', 'args': 35}"
2025-06-16T18:41:22.384134,"{'address': '/hover', 'args': 59}"
2025-06-16T18:41:22.434138,"{'address': '/hover', 'args': 2}"
2025-06-16T18:41:22.518855,"{'address': '/hover', 'args': 11}"
2025-06-16T18:41:22.609267,"{'address': '/hover', 'args': 18}"
2025-06-16T18:41:22.625919,"{'address': '/hover', 'args': 30}"
2025-06-16T18:41:22.633886,"{'address': '/hover', 'args': 13}"
2025-06-16T18:41:22.725487,"{'address': '/hover', 'args': 14}"
2025-06-16T18:41:23.058255,"{'address': '/hover', 'args': 35}"
2025-06-16T18:41:23.109957,"{'address': '/hover', 'args': 30}"
2025-06-16T18:41:23.217671,"{'address': '/hover', 'args': 2}"
2025-06-16T18:41:23.293521,"{'address': '/hover', 'args': 11}"
2025-06-16T18:41:23.669889,"{'address': '/hover', 'args': 12}"
2025-06-16T18:41:23.734307,"{'address': '/hover', 'args': 6}"
2025-06-16T18:41:24.009035,"{'address': '/hover', 'args': 30}"
2025-06-16T18:41:24.251210,"{'address': '/hover', 'args': 13}"
2025-06-16T18:41:24.434231,"{'address': '/hover', 'args': 30}"
2025-06-16T18:41:24.534205,"{'address': '/hover', 'args': 11}"
2025-06-16T18:41:24.845996,"{'address': '/hover', 'args': 12}"
2025-06-16T18:41:24.845893,"{'address': '/hover', 'args': 2}"
2025-06-16T18:41:24.884150,"{'address': '/hover', 'args': 33}"
2025-06-16T18:41:24.935209,"{'address': '/hover', 'args': 46}"
2025-06-16T18:41:24.975678,"{'address': '/hover', 'args': 41}"
2025-06-16T18:41:25.284318,"{'address': '/hover', 'args': 38}"
2025-06-16T18:41:31.626796,"{'address': '/hover', 'args': 31}"
2025-06-16T18:41:31.643895,"{'address': '/hover', 'args': 57}"
2025-06-16T18:41:31.667108,"{'address': '/hover', 'args': 33}"
2025-06-16T18:41:31.684195,"{'address': '/hover', 'args': 44}"
2025-06-16T18:41:31.691735,"{'address': '/hover', 'args': 46}"
2025-06-16T18:41:31.736911,"{'address': '/hover', 'args': 37}"
2025-06-16T18:41:31.912911,"{'address': '/hover', 'args': 38}"
2025-06-16T18:41:31.912978,"{'address': '/hover', 'args': 56}"
2025-06-16T18:41:38.227649,"{'address': '/hover', 'args': 51}"
2025-06-16T18:41:38.227700,"{'address': '/hover', 'args': 48}"
2025-06-16T18:41:38.234139,"{'address': '/hover', 'args': 45}"
2025-06-16T18:41:38.251214,"{'address': '/hover', 'args': 43}"
2025-06-16T18:41:38.267079,"{'address': '/hover', 'args': 14}"
2025-06-16T18:41:38.267436,"{'address': '/hover', 'args': 28}"
2025-06-16T18:41:38.284127,"{'address': '/hover', 'args': 16}"
2025-06-16T18:41:38.284186,"{'address': '/hover', 'args': 24}"
2025-06-16T18:41:38.290860,"{'address': '/hover', 'args': 17}"
2025-06-16T18:41:38.316892,"{'address': '/hover', 'args': 0}"
2025-06-17T10:29:48.864421,"{'address': '/hover', 'args': 23}"
2025-06-17T10:29:48.905179,"{'address': '/hover', 'args': 21}"
2025-06-17T10:29:49.213296,"{'address': '/hover', 'args': 9}"
2025-06-17T10:29:49.280937,"{'address': '/hover', 'args': 11}"
2025-06-17T10:29:49.297059,"{'address': '/hover', 'args': 18}"
2025-06-17T10:29:49.596918,"{'address': '/hover', 'args': 30}"
2025-06-17T10:29:49.621789,"{'address': '/hover', 'args': 2}"
2025-06-17T10:29:50.172570,"{'address': '/hover', 'args': 5}"
2025-06-17T10:29:51.523005,"{'address': '/hover', 'args': 2}"
2025-06-17T10:29:51.523652,"{'address': '/hover', 'args': 59}"
2025-06-17T10:29:51.554712,"{'address': '/hover', 'args': 11}"
2025-06-17T10:29:51.596091,"{'address': '/hover', 'args': 9}"
2025-06-17T10:29:51.821825,"{'address': '/hover', 'args': 7}"
2025-06-17T10:29:51.855138,"{'address': '/hover', 'args': 60}"
2025-06-17T10:29:52.980773,"{'address': '/hover', 'args': 60}"
2025-06-17T10:29:53.003664,"{'address': '/hover', 'args': 7}"
2025-06-17T10:29:53.054024,"{'address': '/hover', 'args': 9}"
2025-06-17T10:29:53.255483,"{'address': '/hover', 'args': 18}"
2025-06-17T10:29:53.313221,"{'address': '/hover', 'args': 11}"
2025-06-17T10:29:53.354921,"{'address': '/hover', 'args': 12}"
2025-06-17T10:29:53.471498,"{'address': '/hover', 'args': 6}"
2025-06-17T10:29:53.495988,"{'address': '/hover', 'args': 9}"
2025-06-17T10:29:53.554494,"{'address': '/hover', 'args': 20}"
2025-06-17T10:29:53.878919,"{'address': '/hover', 'args': 9}"
2025-06-17T10:29:53.997852,"{'address': '/hover', 'args': 7}"
2025-06-17T10:29:54.238241,"{'address': '/hover', 'args': 36}"
2025-06-17T10:29:54.271038,"{'address': '/hover', 'args': 34}"
2025-06-17T10:29:54.347064,"{'address': '/hover', 'args': 10}"
2025-06-17T10:29:54.405423,"{'address': '/hover', 'args': 20}"
2025-06-17T10:29:54.446741,"{'address': '/hover', 'args': 24}"
2025-06-17T10:29:54.531309,"{'address': '/hover', 'args': 13}"
2025-06-17T10:29:54.587917,"{'address': '/hover', 'args': 18}"
2025-06-17T10:29:54.688841,"{'address': '/hover', 'args': 9}"
2025-06-17T10:29:55.122065,"{'address': '/hover', 'args': 7}"
2025-06-17T10:29:55.162874,"{'address': '/hover', 'args': 21}"
2025-06-17T10:29:55.213737,"{'address': '/hover', 'args': 19}"
2025-06-17T10:30:04.976549,"{'address': '/effectPos', 'args': [0.5033068783068783, 0.5091130012150669]}"
2025-06-17T10:30:05.067943,"{'address': '/effectPos', 'args': [0.5033068783068783, 0.5091130012150669]}"
2025-06-17T10:30:05.101737,"{'address': '/effectPos', 'args': [0.5006613756613757, 0.5261239368165249]}"
2025-06-17T10:30:05.134637,"{'address': '/effectPos', 'args': [0.4728835978835979, 0.6160388821385177]}"
2025-06-17T10:30:05.159756,"{'address': '/effectPos', 'args': [0.43915343915343913, 0.6986634264884569]}"
2025-06-17T10:30:06.643457,"{'address': '/hover', 'args': 19}"
2025-06-17T10:30:06.643546,"{'address': '/hover', 'args': 23}"
2025-06-17T10:30:06.658308,"{'address': '/hover', 'args': 21}"
2025-06-17T10:30:06.675036,"{'address': '/hover', 'args': 9}"
2025-06-17T10:30:06.699667,"{'address': '/hover', 'args': 18}"
2025-06-17T10:30:06.950480,"{'address': '/hover', 'args': 11}"
2025-06-17T10:30:07.000277,"{'address': '/hover', 'args': 9}"
2025-06-17T10:30:07.484496,"{'address': '/hover', 'args': 34}"
2025-06-17T10:30:07.525397,"{'address': '/hover', 'args': 10}"
2025-06-17T10:30:07.584977,"{'address': '/hover', 'args': 24}"
2025-06-17T10:30:07.650599,"{'address': '/hover', 'args': 28}"
2025-06-17T10:30:07.742523,"{'address': '/hover', 'args': 14}"
2025-06-17T10:30:07.792120,"{'address': '/hover', 'args': 13}"
2025-06-17T10:30:07.808882,"{'address': '/hover', 'args': 35}"
2025-06-17T10:30:07.825971,"{'address': '/hover', 'args': 30}"
2025-06-17T10:30:07.892445,"{'address': '/hover', 'args': 2}"
2025-06-17T10:30:08.308811,"{'address': '/hover', 'args': 11}"
2025-06-17T10:30:08.392608,"{'address': '/hover', 'args': 9}"
2025-06-17T10:30:08.518166,"{'address': '/hover', 'args': 21}"
2025-06-17T10:30:08.575169,"{'address': '/hover', 'args': 7}"
2025-06-17T10:30:08.776222,"{'address': '/hover', 'args': 34}"
2025-06-17T10:30:08.833535,"{'address': '/hover', 'args': 20}"
2025-06-17T10:30:08.926333,"{'address': '/hover', 'args': 13}"
2025-06-17T10:30:09.126622,"{'address': '/hover', 'args': 30}"
2025-06-17T10:30:09.134291,"{'address': '/hover', 'args': 18}"
2025-06-17T10:30:09.210389,"{'address': '/hover', 'args': 11}"
2025-06-17T10:30:09.409315,"{'address': '/hover', 'args': 20}"
2025-06-17T10:30:09.442116,"{'address': '/hover', 'args': 13}"
2025-06-17T10:30:09.742458,"{'address': '/hover', 'args': 28}"
2025-06-17T10:30:09.742345,"{'address': '/hover', 'args': 14}"
2025-06-17T10:30:09.800638,"{'address': '/hover', 'args': 1}"
2025-06-17T10:30:09.892576,"{'address': '/hover', 'args': 43}"
2025-06-17T10:30:09.950538,"{'address': '/hover', 'args': 55}"
2025-06-17T10:30:10.000834,"{'address': '/hover', 'args': 45}"
2025-06-17T10:30:10.159670,"{'address': '/hover', 'args': 35}"
2025-06-17T10:30:10.201602,"{'address': '/hover', 'args': 13}"
2025-06-17T10:30:10.216796,"{'address': '/hover', 'args': 30}"
2025-06-17T10:30:10.241972,"{'address': '/hover', 'args': 18}"
2025-06-17T10:30:10.276209,"{'address': '/hover', 'args': 20}"
2025-06-17T10:30:10.517570,"{'address': '/hover', 'args': 35}"
2025-06-17T10:30:10.642047,"{'address': '/hover', 'args': 59}"
2025-06-17T10:30:10.775559,"{'address': '/hover', 'args': 30}"
2025-06-17T10:30:10.842564,"{'address': '/hover', 'args': 18}"
2025-06-17T10:30:11.078381,"{'address': '/hover', 'args': 59}"
2025-06-17T10:31:02.933784,"{'address': '/hover', 'args': 7}"
2025-06-17T10:31:02.933976,"{'address': '/hover', 'args': 9}"
2025-06-17T10:31:03.160721,"{'address': '/hover', 'args': 21}"
2025-06-17T10:31:03.308249,"{'address': '/hover', 'args': 23}"
2025-06-17T10:31:03.493005,"{'address': '/hover', 'args': 19}"
2025-06-17T10:31:04.842391,"{'address': '/hover', 'args': 19}"
2025-06-17T10:31:05.041730,"{'address': '/hover', 'args': 21}"
2025-06-17T10:31:05.991763,"{'address': '/hover', 'args': 6}"
2025-06-17T10:31:06.365708,"{'address': '/hover', 'args': 11}"
2025-06-17T10:31:06.433459,"{'address': '/hover', 'args': 12}"
2025-06-17T10:31:06.625056,"{'address': '/hover', 'args': 31}"
2025-06-17T10:31:06.774963,"{'address': '/hover', 'args': 6}"
2025-06-17T10:31:07.025659,"{'address': '/hover', 'args': 9}"
2025-06-17T10:31:07.049753,"{'address': '/hover', 'args': 11}"
2025-06-17T10:31:07.183535,"{'address': '/hover', 'args': 12}"
2025-06-17T10:31:07.835200,"{'address': '/hover', 'args': 2}"
2025-06-17T10:31:07.882905,"{'address': '/hover', 'args': 33}"
2025-06-17T10:31:08.208467,"{'address': '/hover', 'args': 12}"
2025-06-17T10:31:08.257807,"{'address': '/hover', 'args': 33}"
2025-06-17T10:31:08.299731,"{'address': '/hover', 'args': 46}"
2025-06-17T10:31:08.643801,"{'address': '/hover', 'args': 41}"
2025-06-17T10:31:08.666748,"{'address': '/hover', 'args': 38}"
2025-06-17T10:36:42.924626,"{'address': '/hover', 'args': 8}"
2025-06-17T10:36:42.925458,"{'address': '/hover', 'args': 19}"
2025-06-17T10:36:42.964432,"{'address': '/hover', 'args': 6}"
2025-06-17T10:36:43.197567,"{'address': '/hover', 'args': 12}"
2025-06-17T10:36:43.506753,"{'address': '/hover', 'args': 11}"
2025-06-17T10:36:43.563135,"{'address': '/hover', 'args': 30}"
2025-06-17T10:36:43.723526,"{'address': '/hover', 'args': 59}"
2025-06-17T10:36:43.754859,"{'address': '/hover', 'args': 2}"
2025-06-17T10:36:43.922909,"{'address': '/hover', 'args': 5}"
2025-06-17T10:36:44.164687,"{'address': '/hover', 'args': 46}"
2025-06-17T10:36:44.172582,"{'address': '/hover', 'args': 41}"
2025-06-17T10:36:44.206512,"{'address': '/hover', 'args': 56}"
2025-06-17T10:36:45.605654,"{'address': '/hover', 'args': 37}"
2025-06-17T10:36:45.622084,"{'address': '/hover', 'args': 38}"
2025-06-17T10:36:45.647504,"{'address': '/hover', 'args': 41}"
2025-06-17T10:36:45.664405,"{'address': '/hover', 'args': 5}"
2025-06-17T10:36:45.688934,"{'address': '/hover', 'args': 58}"
2025-06-17T10:36:45.931308,"{'address': '/hover', 'args': 59}"
2025-06-17T10:36:45.955804,"{'address': '/hover', 'args': 2}"
2025-06-17T10:36:45.972156,"{'address': '/hover', 'args': 30}"
2025-06-17T10:36:45.980993,"{'address': '/hover', 'args': 11}"
2025-06-17T10:36:45.997185,"{'address': '/hover', 'args': 18}"
2025-06-17T10:36:46.156238,"{'address': '/hover', 'args': 13}"
2025-06-17T10:36:46.280994,"{'address': '/hover', 'args': 30}"
2025-06-17T10:36:47.665756,"{'address': '/hover', 'args': 11}"
2025-06-17T10:36:48.040973,"{'address': '/hover', 'args': 12}"
2025-06-17T10:36:48.540270,"{'address': '/hover', 'args': 9}"
2025-06-17T10:36:48.588625,"{'address': '/hover', 'args': 18}"
2025-06-17T10:36:48.663596,"{'address': '/hover', 'args': 30}"
2025-06-17T10:36:48.805380,"{'address': '/hover', 'args': 59}"
2025-06-17T10:36:48.897533,"{'address': '/hover', 'args': 2}"
2025-06-17T10:36:48.989418,"{'address': '/hover', 'args': 12}"
2025-06-17T10:36:49.022413,"{'address': '/hover', 'args': 33}"
2025-06-17T10:36:49.780806,"{'address': '/hover', 'args': 12}"
2025-06-17T10:36:49.797801,"{'address': '/hover', 'args': 2}"
2025-06-17T10:36:49.905310,"{'address': '/hover', 'args': 11}"
2025-06-17T10:36:50.173869,"{'address': '/hover', 'args': 33}"
2025-06-17T10:36:53.850764,"{'address': '/hover', 'args': 11}"
2025-06-17T10:36:54.022322,"{'address': '/hover', 'args': 30}"
2025-06-17T10:36:54.038668,"{'address': '/hover', 'args': 59}"
2025-06-17T10:36:54.205766,"{'address': '/hover', 'args': 35}"
2025-06-17T10:36:54.655999,"{'address': '/hover', 'args': 11}"
2025-06-17T10:36:54.964846,"{'address': '/hover', 'args': 13}"
2025-06-17T10:36:56.072854,"{'address': '/hover', 'args': 13}"
2025-06-17T10:36:56.105090,"{'address': '/hover', 'args': 35}"
2025-06-17T10:36:56.330469,"{'address': '/hover', 'args': 30}"
2025-06-17T10:36:56.463770,"{'address': '/hover', 'args': 11}"
2025-06-17T10:36:56.832732,"{'address': '/hover', 'args': 35}"
2025-06-17T10:36:57.416988,"{'address': '/hover', 'args': 13}"
2025-06-17T10:36:57.681342,"{'address': '/hover', 'args': 2}"
2025-06-17T10:36:57.690003,"{'address': '/hover', 'args': 11}"
2025-06-17T10:36:57.947885,"{'address': '/hover', 'args': 35}"
2025-06-17T10:36:59.348008,"{'address': '/hover', 'args': 2}"
2025-06-17T10:36:59.572313,"{'address': '/hover', 'args': 59}"
2025-06-17T10:36:59.647655,"{'address': '/hover', 'args': 35}"
2025-06-17T10:37:05.730675,"{'address': '/hover', 'args': 35}"
2025-06-17T10:37:05.731425,"{'address': '/hover', 'args': 59}"
2025-06-17T10:37:06.656118,"{'address': '/hover', 'args': 30}"
2025-06-17T10:37:06.896899,"{'address': '/hover', 'args': 2}"
2025-06-17T10:37:09.114151,"{'address': '/hover', 'args': 11}"
2025-06-17T10:37:10.848177,"{'address': '/hover', 'args': 11}"
2025-06-17T10:37:12.882631,"{'address': '/hover', 'args': 5}"
2025-06-17T10:37:13.816836,"{'address': '/hover', 'args': 11}"
2025-06-17T10:39:52.515294,"{'address': '/hover', 'args': 2}"
2025-06-17T10:39:58.329712,"{'address': '/hover', 'args': 2}"
2025-06-17T10:39:59.738157,"{'address': '/hover', 'args': 2}"
2025-06-17T10:51:44.734536,"{'address': '/hover', 'args': 11}"
2025-06-17T10:51:44.734055,"{'address': '/hover', 'args': 2}"
2025-06-17T10:51:44.734600,"{'address': '/hover', 'args': 30}"
2025-06-17T10:51:44.782806,"{'address': '/hover', 'args': 59}"
2025-06-17T10:51:44.841430,"{'address': '/hover', 'args': 5}"
2025-06-17T10:51:45.049569,"{'address': '/hover', 'args': 2}"
2025-06-17T10:51:45.106951,"{'address': '/hover', 'args': 30}"
2025-06-17T10:51:45.585762,"{'address': '/hover', 'args': 13}"
2025-06-17T10:51:45.633453,"{'address': '/hover', 'args': 14}"
2025-06-17T10:51:45.716572,"{'address': '/hover', 'args': 28}"
2025-06-17T10:51:45.991285,"{'address': '/hover', 'args': 1}"
2025-06-17T10:51:46.074968,"{'address': '/hover', 'args': 43}"
2025-06-17T10:51:46.182611,"{'address': '/hover', 'args': 35}"
2025-06-17T10:51:46.224960,"{'address': '/hover', 'args': 13}"
2025-06-17T10:51:46.390877,"{'address': '/hover', 'args': 1}"
2025-06-17T10:51:46.467320,"{'address': '/hover', 'args': 43}"
2025-06-17T10:51:46.558874,"{'address': '/hover', 'args': 35}"
2025-06-17T10:51:46.599799,"{'address': '/hover', 'args': 13}"
2025-06-17T10:51:46.977519,"{'address': '/hover', 'args': 43}"
2025-06-17T10:51:47.099701,"{'address': '/hover', 'args': 35}"
2025-06-17T10:51:47.183555,"{'address': '/hover', 'args': 30}"
2025-06-17T10:51:47.576119,"{'address': '/hover', 'args': 59}"
2025-06-17T10:51:47.616589,"{'address': '/hover', 'args': 29}"
2025-06-17T10:51:47.667088,"{'address': '/hover', 'args': 58}"
2025-06-17T10:51:47.674325,"{'address': '/hover', 'args': 40}"
2025-06-17T10:51:47.883202,"{'address': '/hover', 'args': 39}"
2025-06-17T10:51:49.099765,"{'address': '/hover', 'args': 48}"
2025-06-17T10:51:49.124024,"{'address': '/hover', 'args': 40}"
2025-06-17T10:51:49.174746,"{'address': '/hover', 'args': 45}"
2025-06-17T10:51:49.441339,"{'address': '/hover', 'args': 43}"
2025-06-17T10:51:49.482718,"{'address': '/hover', 'args': 14}"
2025-06-17T10:51:49.699389,"{'address': '/hover', 'args': 45}"
2025-06-17T10:51:49.732848,"{'address': '/hover', 'args': 51}"
2025-06-17T10:51:49.991391,"{'address': '/hover', 'args': 48}"
2025-06-17T10:51:50.007841,"{'address': '/hover', 'args': 42}"
2025-06-17T10:55:01.007195,"{'address': '/hover', 'args': 33}"
2025-06-17T10:55:01.008682,"{'address': '/hover', 'args': 46}"
2025-06-17T10:55:01.023541,"{'address': '/hover', 'args': 57}"
2025-06-17T10:55:01.069512,"{'address': '/hover', 'args': 12}"
2025-06-17T10:55:01.256001,"{'address': '/hover', 'args': 31}"
2025-06-17T10:55:02.667960,"{'address': '/hover', 'args': 19}"
2025-06-17T10:55:02.667862,"{'address': '/hover', 'args': 8}"
2025-06-17T10:55:02.697858,"{'address': '/hover', 'args': 6}"
2025-06-17T10:55:02.789464,"{'address': '/hover', 'args': 11}"
2025-06-17T10:55:04.417211,"{'address': '/hover', 'args': 30}"
2025-06-17T10:55:05.849174,"{'address': '/hover', 'args': 2}"
2025-06-17T10:55:05.859701,"{'address': '/hover', 'args': 59}"
2025-06-17T10:55:05.889118,"{'address': '/hover', 'args': 5}"
2025-06-17T10:55:05.931551,"{'address': '/hover', 'args': 41}"
2025-06-17T10:55:06.325403,"{'address': '/hover', 'args': 47}"
2025-06-17T10:56:22.192061,"{'address': '/hover', 'args': 6}"
2025-06-17T10:56:22.192135,"{'address': '/hover', 'args': 31}"
2025-06-17T10:56:22.347028,"{'address': '/hover', 'args': 8}"
2025-06-17T10:56:23.639826,"{'address': '/hover', 'args': 8}"
2025-06-17T10:56:23.642603,"{'address': '/hover', 'args': 19}"
2025-06-17T10:56:23.671710,"{'address': '/hover', 'args': 21}"
2025-06-17T10:56:23.697566,"{'address': '/hover', 'args': 6}"
2025-06-17T10:56:23.730224,"{'address': '/hover', 'args': 9}"
2025-06-17T10:56:24.032031,"{'address': '/hover', 'args': 11}"
2025-06-17T10:56:24.072826,"{'address': '/hover', 'args': 18}"
2025-06-17T10:56:25.106211,"{'address': '/hover', 'args': 30}"
2025-06-17T10:56:25.665217,"{'address': '/hover', 'args': 11}"
2025-06-17T10:56:27.491022,"{'address': '/hover', 'args': 2}"
2025-06-17T10:56:27.766011,"{'address': '/hover', 'args': 11}"
2025-06-17T10:56:28.015789,"{'address': '/hover', 'args': 30}"
2025-06-17T10:56:28.222506,"{'address': '/hover', 'args': 59}"
2025-06-17T10:56:29.381266,"{'address': '/hover', 'args': 33}"
2025-06-17T10:56:29.422106,"{'address': '/hover', 'args': 12}"
2025-06-17T10:56:29.874386,"{'address': '/hover', 'args': 11}"
2025-06-17T10:56:30.182992,"{'address': '/hover', 'args': 11}"
2025-06-17T10:56:30.230370,"{'address': '/hover', 'args': 2}"
2025-06-17T10:56:30.307341,"{'address': '/hover', 'args': 30}"
2025-06-17T10:56:30.592115,"{'address': '/hover', 'args': 11}"
2025-06-17T10:56:30.623110,"{'address': '/hover', 'args': 2}"
2025-06-17T10:56:30.672944,"{'address': '/hover', 'args': 12}"
2025-06-17T10:56:30.731305,"{'address': '/hover', 'args': 57}"
2025-06-17T10:56:32.376633,"{'address': '/effectPos', 'args': [0.43187830687830686, 0.7108140947752126]}"
2025-06-17T10:56:32.504451,"{'address': '/effectPos', 'args': [0.43187830687830686, 0.7108140947752126]}"
2025-06-17T10:56:32.535956,"{'address': '/effectPos', 'args': [0.4193121693121693, 0.7181044957472661]}"
2025-06-17T10:56:32.568654,"{'address': '/effectPos', 'args': [0.3697089947089947, 0.755771567436209]}"
2025-06-17T10:56:32.597670,"{'address': '/effectPos', 'args': [0.3253968253968254, 0.7812879708383961]}"
2025-06-17T10:56:32.631598,"{'address': '/effectPos', 'args': [0.30158730158730157, 0.7910085054678008]}"
2025-06-17T10:56:32.665015,"{'address': '/effectPos', 'args': [0.2923280423280423, 0.7910085054678008]}"
2025-06-17T10:56:32.697643,"{'address': '/effectPos', 'args': [0.2896825396825397, 0.7910085054678008]}"
2025-06-17T10:56:32.731676,"{'address': '/effectPos', 'args': [0.2896825396825397, 0.7934386391251519]}"
2025-06-17T10:56:34.694050,"{'address': '/effectPos', 'args': [0.296957671957672, 0.795868772782503]}"
2025-06-17T10:56:34.843114,"{'address': '/effectPos', 'args': [0.2962962962962963, 0.795868772782503]}"
2025-06-17T10:56:34.875239,"{'address': '/effectPos', 'args': [0.2837301587301587, 0.8031591737545565]}"
2025-06-17T10:56:34.907105,"{'address': '/effectPos', 'args': [0.2619047619047619, 0.8165249088699879]}"
2025-06-17T10:56:34.935950,"{'address': '/effectPos', 'args': [0.24404761904761904, 0.8226002430133658]}"
2025-06-17T10:56:34.968716,"{'address': '/effectPos', 'args': [0.23148148148148148, 0.8226002430133658]}"
2025-06-17T10:56:35.004699,"{'address': '/effectPos', 'args': [0.22420634920634921, 0.8177399756986634]}"
2025-06-17T10:56:35.035569,"{'address': '/effectPos', 'args': [0.21891534391534392, 0.8116646415552855]}"
2025-06-17T10:56:35.068278,"{'address': '/effectPos', 'args': [0.2175925925925926, 0.8019441069258809]}"
2025-06-17T10:56:35.101891,"{'address': '/effectPos', 'args': [0.21957671957671956, 0.7922235722964763]}"
2025-06-17T10:56:35.131219,"{'address': '/effectPos', 'args': [0.2261904761904762, 0.7825030376670717]}"
2025-06-17T10:56:35.164185,"{'address': '/effectPos', 'args': [0.23677248677248677, 0.772782503037667]}"
2025-06-17T10:56:35.197489,"{'address': '/effectPos', 'args': [0.2526455026455027, 0.7618469015795869]}"
2025-06-17T10:56:35.230788,"{'address': '/effectPos', 'args': [0.27645502645502645, 0.755771567436209]}"
2025-06-17T10:56:35.264892,"{'address': '/effectPos', 'args': [0.2916666666666667, 0.755771567436209]}"
2025-06-17T10:56:35.293989,"{'address': '/effectPos', 'args': [0.3002645502645503, 0.7594167679222357]}"
2025-06-17T10:56:35.329775,"{'address': '/effectPos', 'args': [0.30423280423280424, 0.7703523693803159]}"
2025-06-17T10:56:35.363032,"{'address': '/effectPos', 'args': [0.3055555555555556, 0.8007290400972054]}"
2025-06-17T10:56:35.394516,"{'address': '/effectPos', 'args': [0.2962962962962963, 0.8469015795868773]}"
2025-06-17T10:56:35.428924,"{'address': '/effectPos', 'args': [0.28174603174603174, 0.8748481166464156]}"
2025-06-17T10:56:35.464224,"{'address': '/effectPos', 'args': [0.27116402116402116, 0.8845686512758202]}"
2025-06-17T11:00:52.947390,"{'address': '/hover', 'args': 5}"
2025-06-17T11:00:52.947621,"{'address': '/hover', 'args': 33}"
2025-06-17T11:00:53.388886,"{'address': '/hover', 'args': 12}"
2025-06-17T11:00:53.621097,"{'address': '/hover', 'args': 57}"
2025-06-17T11:00:53.645434,"{'address': '/hover', 'args': 31}"
2025-06-17T11:00:55.381377,"{'address': '/hover', 'args': 37}"
2025-06-17T11:00:55.381488,"{'address': '/hover', 'args': 56}"
2025-06-17T11:00:55.395964,"{'address': '/hover', 'args': 38}"
2025-06-17T11:04:54.521435,"{'address': '/hover', 'args': 38}"
2025-06-17T11:07:20.425286,"{'address': '/hover', 'args': 5}"
2025-06-17T11:07:22.499163,"{'address': '/hover', 'args': 57}"
2025-06-17T11:08:43.097695,"{'address': '/hover', 'args': 33}"
2025-06-17T11:08:43.288736,"{'address': '/hover', 'args': 31}"
2025-06-17T11:11:11.540754,"{'address': '/hover', 'args': 57}"
2025-06-18T09:02:38.854227,"{'address': '/hover', 'args': 36}"
2025-06-18T09:02:39.203373,"{'address': '/hover', 'args': 60}"
2025-06-18T09:02:39.743912,"{'address': '/hover', 'args': 23}"
2025-06-18T09:02:42.715307,"{'address': '/hover', 'args': 23}"
2025-06-18T09:02:43.092451,"{'address': '/hover', 'args': 60}"
2025-06-18T09:02:43.248233,"{'address': '/hover', 'args': 7}"
2025-06-18T09:02:43.606534,"{'address': '/hover', 'args': 18}"
2025-06-18T09:02:43.732056,"{'address': '/hover', 'args': 11}"
2025-06-18T09:02:43.755468,"{'address': '/hover', 'args': 9}"
2025-06-18T09:02:43.772864,"{'address': '/hover', 'args': 6}"
2025-06-18T09:02:43.906997,"{'address': '/hover', 'args': 21}"
2025-06-18T09:02:44.415916,"{'address': '/hover', 'args': 7}"
2025-06-18T09:02:44.432545,"{'address': '/hover', 'args': 9}"
2025-06-18T09:02:44.473011,"{'address': '/hover', 'args': 18}"
2025-06-18T09:02:49.299619,"{'address': '/hover', 'args': 18}"
2025-06-18T09:03:04.007837,"{'address': '/hover', 'args': 40}"
2025-06-18T09:03:04.023223,"{'address': '/hover', 'args': 51}"
2025-06-18T09:03:04.031091,"{'address': '/hover', 'args': 45}"
2025-06-18T09:03:04.156758,"{'address': '/hover', 'args': 43}"
2025-06-18T09:03:04.466538,"{'address': '/hover', 'args': 1}"
2025-06-18T09:03:04.498534,"{'address': '/hover', 'args': 14}"
2025-06-18T09:03:04.690660,"{'address': '/hover', 'args': 55}"
2025-06-18T09:03:04.748682,"{'address': '/hover', 'args': 51}"
2025-06-18T09:03:04.766109,"{'address': '/hover', 'args': 50}"
2025-06-18T09:03:07.332188,"{'address': '/hover', 'args': 8}"
2025-06-18T09:03:07.389984,"{'address': '/hover', 'args': 6}"
2025-06-18T09:03:08.223009,"{'address': '/hover', 'args': 31}"
2025-06-18T09:03:08.255419,"{'address': '/hover', 'args': 12}"
2025-06-18T09:03:08.298255,"{'address': '/hover', 'args': 33}"
2025-06-18T09:03:08.323389,"{'address': '/hover', 'args': 2}"
2025-06-18T09:03:08.673948,"{'address': '/hover', 'args': 57}"
2025-06-18T09:03:08.850018,"{'address': '/hover', 'args': 2}"
2025-06-18T09:03:09.340671,"{'address': '/hover', 'args': 12}"
2025-06-18T09:03:09.758441,"{'address': '/hover', 'args': 30}"
2025-06-18T09:03:09.863735,"{'address': '/hover', 'args': 35}"
2025-06-18T09:03:11.173848,"{'address': '/hover', 'args': 2}"
2025-06-18T09:03:11.264704,"{'address': '/hover', 'args': 11}"
2025-06-18T09:03:11.314763,"{'address': '/hover', 'args': 12}"
2025-06-18T09:03:11.724003,"{'address': '/hover', 'args': 2}"
2025-06-18T09:03:12.200852,"{'address': '/hover', 'args': 12}"
2025-06-18T09:03:12.390650,"{'address': '/hover', 'args': 33}"
2025-06-18T09:03:12.397914,"{'address': '/hover', 'args': 57}"
2025-06-18T09:03:12.440027,"{'address': '/hover', 'args': 44}"
2025-06-18T09:03:12.516675,"{'address': '/hover', 'args': 46}"
2025-06-18T09:03:12.516441,"{'address': '/hover', 'args': 37}"
2025-06-18T09:03:30.477564,"{'address': '/effectPos', 'args': [0.5026455026455027, 0.4726609963547995]}"
2025-06-18T09:03:30.610405,"{'address': '/effectPos', 'args': [0.5026455026455027, 0.4726609963547995]}"
2025-06-18T09:03:30.636970,"{'address': '/effectPos', 'args': [0.5013227513227513, 0.4835965978128797]}"
2025-06-18T09:03:30.686552,"{'address': '/effectPos', 'args': [0.49007936507936506, 0.534629404617254]}"
2025-06-18T09:03:30.701888,"{'address': '/effectPos', 'args': [0.4755291005291005, 0.5905224787363305]}"
2025-06-18T09:03:30.735208,"{'address': '/effectPos', 'args': [0.4656084656084656, 0.6294046172539489]}"
2025-06-18T09:03:30.768860,"{'address': '/effectPos', 'args': [0.458994708994709, 0.6537059538274606]}"
2025-06-18T09:03:30.802160,"{'address': '/effectPos', 'args': [0.455026455026455, 0.6682867557715675]}"
2025-06-18T09:03:30.835437,"{'address': '/effectPos', 'args': [0.45171957671957674, 0.6816524908869988]}"
2025-06-18T09:03:30.869492,"{'address': '/effectPos', 'args': [0.4503968253968254, 0.692588092345079]}"
2025-06-18T09:03:30.903450,"{'address': '/effectPos', 'args': [0.44775132275132273, 0.6986634264884569]}"
2025-06-18T09:03:33.301057,"{'address': '/effectPos', 'args': [0.28174603174603174, 0.707168894289186]}"
2025-06-18T09:03:33.519137,"{'address': '/effectPos', 'args': [0.28174603174603174, 0.707168894289186]}"
2025-06-18T09:03:33.547893,"{'address': '/effectPos', 'args': [0.27645502645502645, 0.7083839611178615]}"
2025-06-18T09:03:33.575301,"{'address': '/effectPos', 'args': [0.2526455026455027, 0.7217496962332929]}"
2025-06-18T09:03:33.608733,"{'address': '/effectPos', 'args': [0.22883597883597884, 0.7375455650060754]}"
2025-06-18T09:03:33.640464,"{'address': '/effectPos', 'args': [0.21494708994708994, 0.7484811664641555]}"
2025-06-18T09:03:33.669164,"{'address': '/effectPos', 'args': [0.20833333333333334, 0.755771567436209]}"
2025-06-18T09:03:33.702503,"{'address': '/effectPos', 'args': [0.2037037037037037, 0.7618469015795869]}"
2025-06-18T09:03:33.735915,"{'address': '/effectPos', 'args': [0.19775132275132276, 0.7679222357229648]}"
2025-06-18T09:03:33.769059,"{'address': '/effectPos', 'args': [0.1917989417989418, 0.7703523693803159]}"
2025-06-18T09:03:33.802942,"{'address': '/effectPos', 'args': [0.18716931216931218, 0.7715674362089915]}"
2025-06-18T09:03:33.833560,"{'address': '/effectPos', 'args': [0.18584656084656084, 0.772782503037667]}"
2025-06-18T09:03:34.038790,"{'address': '/effectPos', 'args': [0.18584656084656084, 0.7739975698663426]}"
2025-06-18T09:03:34.074633,"{'address': '/effectPos', 'args': [0.18253968253968253, 0.7861482381530984]}"
2025-06-18T09:03:34.104085,"{'address': '/effectPos', 'args': [0.17526455026455026, 0.8055893074119077]}"
2025-06-18T09:03:34.137228,"{'address': '/effectPos', 'args': [0.16865079365079366, 0.8201701093560145]}"
2025-06-18T09:03:34.170594,"{'address': '/effectPos', 'args': [0.16468253968253968, 0.8262454434993924]}"
2025-06-18T09:03:34.211071,"{'address': '/effectPos', 'args': [0.16335978835978837, 0.827460510328068]}"
2025-06-18T09:04:06.288303,"{'address': '/hover', 'args': 5}"
2025-06-18T09:04:06.289003,"{'address': '/hover', 'args': 46}"
2025-06-18T09:04:06.954254,"{'address': '/hover', 'args': 33}"
2025-06-18T09:04:09.020198,"{'address': '/hover', 'args': 46}"
2025-06-18T09:04:09.027665,"{'address': '/hover', 'args': 41}"
2025-06-18T09:12:04.906933,"{'address': '/hover', 'args': 37}"
2025-06-18T09:13:58.185433,"{'address': '/hover', 'args': 44}"
2025-06-18T09:13:58.186463,"{'address': '/hover', 'args': 57}"
2025-06-18T09:13:58.198474,"{'address': '/hover', 'args': 33}"
2025-06-18T09:13:58.222845,"{'address': '/hover', 'args': 46}"
2025-06-18T09:13:58.247787,"{'address': '/hover', 'args': 5}"
2025-06-18T09:13:58.534296,"{'address': '/hover', 'args': 58}"
2025-06-18T09:16:44.862582,"{'address': '/hover', 'args': 59}"
2025-06-18T09:17:59.071133,"{'address': '/hover', 'args': 29}"
2025-06-18T09:17:59.146717,"{'address': '/hover', 'args': 58}"
2025-06-18T09:19:59.945060,"{'address': '/hover', 'args': 57}"
2025-06-18T09:19:59.944702,"{'address': '/hover', 'args': 44}"
2025-06-18T09:20:04.633604,"{'address': '/hover', 'args': 41}"
2025-06-18T09:20:04.654064,"{'address': '/hover', 'args': 5}"
2025-06-18T09:20:04.754462,"{'address': '/hover', 'args': 2}"
2025-06-18T09:20:04.770941,"{'address': '/hover', 'args': 59}"
2025-06-18T09:20:05.640996,"{'address': '/hover', 'args': 12}"
2025-06-18T09:20:05.640925,"{'address': '/hover', 'args': 11}"
2025-06-18T09:20:05.863044,"{'address': '/hover', 'args': 30}"
2025-06-18T09:20:05.945722,"{'address': '/hover', 'args': 35}"
2025-06-18T09:20:05.971609,"{'address': '/hover', 'args': 13}"
2025-06-18T09:20:06.112820,"{'address': '/hover', 'args': 59}"
2025-06-18T09:20:06.128939,"{'address': '/hover', 'args': 29}"
2025-06-18T09:20:06.154130,"{'address': '/hover', 'args': 58}"
2025-06-18T09:20:06.179854,"{'address': '/hover', 'args': 41}"
2025-06-18T09:20:07.646907,"{'address': '/hover', 'args': 46}"
2025-06-18T09:20:07.654986,"{'address': '/hover', 'args': 5}"
2025-06-18T09:20:07.696973,"{'address': '/hover', 'args': 33}"
2025-06-18T09:20:07.721084,"{'address': '/hover', 'args': 2}"
2025-06-18T09:20:08.131088,"{'address': '/hover', 'args': 30}"
2025-06-18T09:20:08.179018,"{'address': '/hover', 'args': 59}"
2025-06-18T09:20:08.539764,"{'address': '/hover', 'args': 2}"
2025-06-18T09:20:08.620681,"{'address': '/hover', 'args': 11}"
2025-06-18T09:20:08.729015,"{'address': '/hover', 'args': 12}"
2025-06-18T09:20:09.073402,"{'address': '/hover', 'args': 57}"
2025-06-18T09:20:10.556177,"{'address': '/effectPos', 'args': [0.17526455026455026, 0.850546780072904]}"
2025-06-18T09:20:10.714013,"{'address': '/effectPos', 'args': [0.17526455026455026, 0.8517618469015796]}"
2025-06-18T09:20:10.746366,"{'address': '/effectPos', 'args': [0.17261904761904762, 0.8626974483596598]}"
2025-06-18T09:20:10.776556,"{'address': '/effectPos', 'args': [0.164021164021164, 0.8869987849331713]}"
2025-06-18T09:20:10.811379,"{'address': '/effectPos', 'args': [0.15145502645502645, 0.9100850546780073]}"
2025-06-18T09:20:10.845818,"{'address': '/effectPos', 'args': [0.14153439153439154, 0.9234507897934386]}"
2025-06-18T09:20:10.879552,"{'address': '/effectPos', 'args': [0.13558201058201058, 0.928311057108141]}"
2025-06-18T09:20:10.912882,"{'address': '/effectPos', 'args': [0.13161375661375663, 0.9319562575941677]}"
2025-06-18T09:20:10.946246,"{'address': '/effectPos', 'args': [0.12962962962962962, 0.9356014580801945]}"
2025-06-18T09:21:10.579441,"{'address': '/hover', 'args': 46}"
2025-06-18T09:21:17.519421,"{'address': '/hover', 'args': 33}"
2025-06-18T09:21:17.549907,"{'address': '/hover', 'args': 2}"
2025-06-18T09:21:17.566663,"{'address': '/hover', 'args': 12}"
2025-06-18T09:21:18.169297,"{'address': '/hover', 'args': 30}"
2025-06-18T09:21:18.233650,"{'address': '/hover', 'args': 35}"
2025-06-18T09:21:18.492545,"{'address': '/hover', 'args': 59}"
2025-06-18T09:21:18.525177,"{'address': '/hover', 'args': 2}"
2025-06-18T09:21:19.322847,"{'address': '/hover', 'args': 29}"
2025-06-18T09:21:19.350699,"{'address': '/hover', 'args': 58}"
2025-06-18T09:21:19.366637,"{'address': '/hover', 'args': 40}"
2025-06-18T09:21:20.408629,"{'address': '/hover', 'args': 51}"
2025-06-18T09:21:20.416713,"{'address': '/hover', 'args': 45}"
2025-06-18T09:21:20.667356,"{'address': '/hover', 'args': 43}"
2025-06-18T09:21:20.725246,"{'address': '/hover', 'args': 14}"
2025-06-18T09:21:20.984429,"{'address': '/hover', 'args': 13}"
2025-06-18T09:21:20.992985,"{'address': '/hover', 'args': 35}"
2025-06-18T09:21:21.201076,"{'address': '/hover', 'args': 14}"
2025-06-18T09:21:21.510240,"{'address': '/hover', 'args': 43}"
2025-06-18T09:21:21.542514,"{'address': '/hover', 'args': 45}"
2025-06-18T09:21:21.567498,"{'address': '/hover', 'args': 40}"
2025-06-18T09:22:19.814572,"{'address': '/hover', 'args': 5}"
2025-06-18T09:22:22.858674,"{'address': '/hover', 'args': 41}"
2025-06-18T09:22:22.880426,"{'address': '/hover', 'args': 58}"
2025-06-18T09:22:43.868367,"{'address': '/hover', 'args': 5}"
2025-06-18T09:22:44.684672,"{'address': '/hover', 'args': 41}"
2025-06-18T09:22:46.844244,"{'address': '/hover', 'args': 5}"
2025-06-18T09:22:48.179267,"{'address': '/hover', 'args': 41}"
2025-06-18T09:22:48.185627,"{'address': '/hover', 'args': 58}"
2025-06-18T09:23:24.405825,"{'address': '/hover', 'args': 59}"
2025-06-18T09:26:20.957494,"{'address': '/hover', 'args': 5}"
2025-06-18T09:26:20.957558,"{'address': '/hover', 'args': 41}"
2025-06-18T09:26:20.990498,"{'address': '/hover', 'args': 46}"
2025-06-18T09:26:21.040035,"{'address': '/hover', 'args': 37}"
2025-06-18T09:26:21.082150,"{'address': '/hover', 'args': 44}"
2025-06-18T09:26:27.748375,"{'address': '/effectPos', 'args': [0.13624338624338625, 0.9441069258809235]}"
2025-06-18T09:26:27.898171,"{'address': '/effectPos', 'args': [0.13624338624338625, 0.9441069258809235]}"
2025-06-18T09:26:27.929391,"{'address': '/effectPos', 'args': [0.1388888888888889, 0.9331713244228432]}"
2025-06-18T09:26:27.962506,"{'address': '/effectPos', 'args': [0.14814814814814814, 0.9040097205346294]}"
2025-06-18T09:26:27.995303,"{'address': '/effectPos', 'args': [0.16137566137566137, 0.8651275820170109]}"
2025-06-18T09:26:28.028255,"{'address': '/effectPos', 'args': [0.17394179894179895, 0.8323207776427703]}"
2025-06-18T09:26:28.065176,"{'address': '/effectPos', 'args': [0.1832010582010582, 0.8128797083839611]}"
2025-06-18T09:26:28.099113,"{'address': '/effectPos', 'args': [0.1917989417989418, 0.8007290400972054]}"
2025-06-18T09:26:28.131540,"{'address': '/effectPos', 'args': [0.19510582010582012, 0.7970838396111786]}"
2025-06-18T09:26:28.164919,"{'address': '/effectPos', 'args': [0.19642857142857142, 0.795868772782503]}"
2025-06-18T09:26:49.041651,"{'address': '/hover', 'args': 57}"
2025-06-18T09:26:49.282615,"{'address': '/hover', 'args': 12}"
2025-06-18T09:26:50.208996,"{'address': '/hover', 'args': 57}"
2025-06-18T09:26:51.661970,"{'address': '/effectPos', 'args': [0.19444444444444445, 0.8080194410692588]}"
2025-06-18T09:26:51.782962,"{'address': '/effectPos', 'args': [0.19378306878306878, 0.8080194410692588]}"
2025-06-18T09:26:51.819777,"{'address': '/effectPos', 'args': [0.1865079365079365, 0.8068043742405833]}"
2025-06-18T09:26:51.848431,"{'address': '/effectPos', 'args': [0.16865079365079366, 0.7970838396111786]}"
2025-06-18T09:26:51.882425,"{'address': '/effectPos', 'args': [0.1488095238095238, 0.7861482381530984]}"
2025-06-18T09:26:51.911043,"{'address': '/effectPos', 'args': [0.13227513227513227, 0.7752126366950183]}"
2025-06-18T09:26:51.944353,"{'address': '/effectPos', 'args': [0.12301587301587301, 0.7691373025516404]}"
2025-06-18T09:26:51.977527,"{'address': '/effectPos', 'args': [0.11904761904761904, 0.7654921020656136]}"
2025-06-18T09:27:17.479567,"{'address': '/hover', 'args': 46}"
2025-06-18T09:27:17.479406,"{'address': '/hover', 'args': 5}"
2025-06-18T09:27:17.728276,"{'address': '/hover', 'args': 33}"
2025-06-18T09:27:17.744643,"{'address': '/hover', 'args': 44}"
2025-06-18T09:27:21.612336,"{'address': '/effectPos', 'args': [0.12037037037037036, 0.7569866342648846]}"
2025-06-18T09:27:21.716100,"{'address': '/effectPos', 'args': [0.12037037037037036, 0.7569866342648846]}"
2025-06-18T09:27:21.743641,"{'address': '/effectPos', 'args': [0.12037037037037036, 0.7667071688942891]}"
2025-06-18T09:27:21.773802,"{'address': '/effectPos', 'args': [0.12433862433862433, 0.787363304981774]}"
2025-06-18T09:27:21.802990,"{'address': '/effectPos', 'args': [0.12896825396825398, 0.8068043742405833]}"
2025-06-18T09:27:21.848822,"{'address': '/effectPos', 'args': [0.13425925925925927, 0.8226002430133658]}"
2025-06-18T09:27:21.878047,"{'address': '/effectPos', 'args': [0.1388888888888889, 0.8323207776427703]}"
2025-06-18T09:27:21.911078,"{'address': '/effectPos', 'args': [0.14087301587301587, 0.8359659781287971]}"
2025-06-18T09:27:21.944973,"{'address': '/effectPos', 'args': [0.14153439153439154, 0.8371810449574727]}"
2025-06-18T13:36:08.825663,"{'address': '/hover', 'args': 57}"
2025-06-18T13:36:17.672164,"{'address': '/effectPos', 'args': [0.13624338624338625, 0.8335358444714459]}"
2025-06-18T13:36:17.845859,"{'address': '/effectPos', 'args': [0.13624338624338625, 0.8335358444714459]}"
2025-06-18T13:36:17.877625,"{'address': '/effectPos', 'args': [0.13756613756613756, 0.8383961117861483]}"
2025-06-18T13:36:17.910589,"{'address': '/effectPos', 'args': [0.1402116402116402, 0.8444714459295262]}"
2025-06-18T13:36:17.939471,"{'address': '/effectPos', 'args': [0.14153439153439154, 0.8481166464155528]}"
2025-06-18T13:36:17.969099,"{'address': '/effectPos', 'args': [0.14153439153439154, 0.8517618469015796]}"
2025-06-18T13:36:17.998168,"{'address': '/effectPos', 'args': [0.1388888888888889, 0.8566221142162819]}"
2025-06-18T13:36:18.027352,"{'address': '/effectPos', 'args': [0.13161375661375663, 0.8614823815309842]}"
2025-06-18T13:36:18.056835,"{'address': '/effectPos', 'args': [0.12169312169312169, 0.8663426488456865]}"
2025-06-18T13:36:18.090210,"{'address': '/effectPos', 'args': [0.1111111111111111, 0.8687727825030377]}"
2025-06-18T13:36:18.123366,"{'address': '/effectPos', 'args': [0.10251322751322751, 0.8687727825030377]}"
2025-06-18T13:36:18.152812,"{'address': '/effectPos', 'args': [0.0958994708994709, 0.8663426488456865]}"
2025-06-18T13:36:18.185710,"{'address': '/effectPos', 'args': [0.09060846560846561, 0.8614823815309842]}"
2025-06-18T13:36:18.219173,"{'address': '/effectPos', 'args': [0.08664021164021164, 0.8541919805589308]}"
2025-06-18T13:36:18.252260,"{'address': '/effectPos', 'args': [0.083994708994709, 0.8456865127582017]}"
2025-06-18T13:36:18.286103,"{'address': '/effectPos', 'args': [0.08333333333333333, 0.8359659781287971]}"
2025-06-18T13:36:18.318987,"{'address': '/effectPos', 'args': [0.08333333333333333, 0.827460510328068]}"
2025-06-18T13:36:18.348128,"{'address': '/effectPos', 'args': [0.08465608465608465, 0.8201701093560145]}"
2025-06-18T13:36:18.381339,"{'address': '/effectPos', 'args': [0.08862433862433862, 0.8140947752126367]}"
2025-06-18T13:36:18.414946,"{'address': '/effectPos', 'args': [0.09457671957671958, 0.81044957472661]}"
2025-06-18T13:36:18.453084,"{'address': '/effectPos', 'args': [0.09986772486772487, 0.8092345078979344]}"
2025-06-18T13:36:18.481687,"{'address': '/effectPos', 'args': [0.10317460317460317, 0.81044957472661]}"
2025-06-18T13:36:18.510550,"{'address': '/effectPos', 'args': [0.10449735449735449, 0.8140947752126367]}"
2025-06-18T13:36:23.874491,"{'address': '/hover', 'args': 37}"
2025-06-18T13:36:23.880889,"{'address': '/hover', 'args': 46}"
2025-06-18T13:36:23.889244,"{'address': '/hover', 'args': 44}"
2025-06-18T13:36:23.948342,"{'address': '/hover', 'args': 57}"
2025-06-18T13:36:24.190199,"{'address': '/hover', 'args': 31}"
2025-06-18T13:36:24.240352,"{'address': '/hover', 'args': 8}"
2025-06-18T13:36:24.257259,"{'address': '/hover', 'args': 6}"
2025-06-18T13:36:26.173377,"{'address': '/hover', 'args': 31}"
2025-06-18T13:36:26.214499,"{'address': '/hover', 'args': 12}"
2025-06-18T13:36:26.456947,"{'address': '/hover', 'args': 57}"
2025-06-18T13:36:27.432693,"{'address': '/hover', 'args': 57}"
2025-06-18T13:36:28.781931,"{'address': '/hover', 'args': 31}"
2025-06-18T13:36:29.665490,"{'address': '/hover', 'args': 12}"
2025-06-18T13:36:30.198606,"{'address': '/hover', 'args': 33}"
2025-06-18T13:36:30.214670,"{'address': '/hover', 'args': 46}"
2025-06-18T13:36:30.240005,"{'address': '/hover', 'args': 41}"
2025-06-18T13:36:33.090433,"{'address': '/hover', 'args': 56}"
2025-06-18T13:36:33.090364,"{'address': '/hover', 'args': 38}"
2025-06-18T13:36:33.315046,"{'address': '/hover', 'args': 37}"
2025-06-18T13:36:33.356338,"{'address': '/hover', 'args': 44}"
2025-06-18T13:36:34.360601,"{'address': '/hover', 'args': 57}"
2025-06-18T13:36:35.853114,"{'address': '/hover', 'args': 23}"
2025-06-18T13:36:35.885897,"{'address': '/hover', 'args': 60}"
2025-06-18T13:36:35.935702,"{'address': '/hover', 'args': 7}"
2025-06-18T13:36:36.261811,"{'address': '/hover', 'args': 9}"
2025-06-18T13:36:36.302631,"{'address': '/hover', 'args': 18}"
2025-06-18T13:36:36.386566,"{'address': '/hover', 'args': 11}"
2025-06-18T13:36:36.569197,"{'address': '/hover', 'args': 6}"
2025-06-18T13:36:36.645315,"{'address': '/hover', 'args': 9}"
2025-06-18T13:36:36.686087,"{'address': '/hover', 'args': 21}"
2025-06-18T13:36:36.836078,"{'address': '/hover', 'args': 60}"
2025-06-18T13:36:37.061187,"{'address': '/hover', 'args': 23}"
2025-06-18T13:36:38.069515,"{'address': '/hover', 'args': 60}"
2025-06-18T13:36:38.119202,"{'address': '/hover', 'args': 21}"
2025-06-18T13:36:38.169099,"{'address': '/hover', 'args': 7}"
2025-06-18T13:36:38.176941,"{'address': '/hover', 'args': 9}"
2025-06-18T13:36:38.277385,"{'address': '/hover', 'args': 11}"
2025-06-18T13:36:38.427458,"{'address': '/hover', 'args': 12}"
2025-06-18T13:36:38.494552,"{'address': '/hover', 'args': 31}"
2025-06-18T13:36:38.576944,"{'address': '/hover', 'args': 6}"
2025-06-18T13:36:38.669145,"{'address': '/hover', 'args': 9}"
2025-06-18T13:36:38.710695,"{'address': '/hover', 'args': 11}"
2025-06-18T13:36:38.777403,"{'address': '/hover', 'args': 18}"
2025-06-18T13:36:39.105620,"{'address': '/hover', 'args': 30}"
2025-06-18T13:36:39.327285,"{'address': '/hover', 'args': 11}"
2025-06-18T13:36:39.336116,"{'address': '/hover', 'args': 2}"
2025-06-18T13:36:39.535925,"{'address': '/hover', 'args': 18}"
2025-06-18T13:36:39.603364,"{'address': '/hover', 'args': 20}"
2025-06-18T13:36:39.852642,"{'address': '/hover', 'args': 18}"
2025-06-18T13:36:40.519491,"{'address': '/hover', 'args': 34}"
2025-06-18T13:36:40.594546,"{'address': '/hover', 'args': 10}"
2025-06-18T13:36:40.702381,"{'address': '/hover', 'args': 20}"
2025-06-18T13:36:40.751868,"{'address': '/hover', 'args': 24}"
2025-06-18T13:36:40.835220,"{'address': '/hover', 'args': 13}"
2025-06-18T13:36:40.910625,"{'address': '/hover', 'args': 14}"
2025-06-18T13:36:40.960640,"{'address': '/hover', 'args': 35}"
2025-06-18T13:36:41.069617,"{'address': '/hover', 'args': 30}"
2025-06-18T13:36:41.269041,"{'address': '/hover', 'args': 11}"
2025-06-18T13:36:41.368639,"{'address': '/hover', 'args': 18}"
2025-06-18T13:36:41.394607,"{'address': '/hover', 'args': 9}"
2025-06-18T13:36:41.685859,"{'address': '/hover', 'args': 11}"
2025-06-18T13:36:41.719242,"{'address': '/hover', 'args': 30}"
2025-06-18T13:36:41.786716,"{'address': '/hover', 'args': 59}"
2025-06-18T13:36:41.869062,"{'address': '/hover', 'args': 5}"
2025-06-18T13:36:41.928912,"{'address': '/hover', 'args': 46}"
2025-06-18T13:36:41.928978,"{'address': '/hover', 'args': 33}"
2025-06-18T13:36:42.403941,"{'address': '/hover', 'args': 33}"
2025-06-18T13:36:42.502588,"{'address': '/hover', 'args': 2}"
2025-06-18T13:36:42.712313,"{'address': '/hover', 'args': 12}"
2025-06-18T13:36:42.769070,"{'address': '/hover', 'args': 11}"
2025-06-18T13:36:43.019258,"{'address': '/hover', 'args': 30}"
2025-06-18T13:36:43.502426,"{'address': '/hover', 'args': 13}"
2025-06-18T13:36:43.911259,"{'address': '/hover', 'args': 14}"
2025-06-18T13:36:43.944731,"{'address': '/hover', 'args': 28}"
2025-06-18T13:36:44.010794,"{'address': '/hover', 'args': 1}"
2025-06-18T13:36:44.069392,"{'address': '/hover', 'args': 4}"
2025-06-18T13:36:44.502884,"{'address': '/hover', 'args': 14}"
2025-06-18T13:36:44.569966,"{'address': '/hover', 'args': 13}"
2025-06-18T13:36:44.911668,"{'address': '/hover', 'args': 35}"
2025-06-18T13:36:44.943708,"{'address': '/hover', 'args': 30}"
2025-06-18T13:36:44.951910,"{'address': '/hover', 'args': 59}"
2025-06-18T13:36:45.010578,"{'address': '/hover', 'args': 5}"
2025-06-18T13:36:45.253780,"{'address': '/hover', 'args': 2}"
2025-06-18T13:36:45.269020,"{'address': '/hover', 'args': 33}"
2025-06-18T13:36:45.285936,"{'address': '/hover', 'args': 12}"
2025-06-18T13:36:45.303000,"{'address': '/hover', 'args': 31}"
2025-06-18T13:36:47.057073,"{'address': '/effectPos', 'args': [0.11375661375661375, 0.8153098420413123]}"
2025-06-18T13:36:47.207318,"{'address': '/effectPos', 'args': [0.11375661375661375, 0.8153098420413123]}"
2025-06-18T13:36:47.235410,"{'address': '/effectPos', 'args': [0.11507936507936507, 0.7910085054678008]}"
2025-06-18T13:36:47.269493,"{'address': '/effectPos', 'args': [0.13558201058201058, 0.6804374240583232]}"
2025-06-18T13:36:47.302347,"{'address': '/effectPos', 'args': [0.16732804232804233, 0.5492102065613609]}"
2025-06-18T13:36:47.335767,"{'address': '/effectPos', 'args': [0.18981481481481483, 0.47144592952612396]}"
2025-06-18T13:36:47.582944,"{'address': '/effectPos', 'args': [0.19576719576719576, 0.4471445929526124]}"
2025-06-18T13:36:47.610522,"{'address': '/effectPos', 'args': [0.19973544973544974, 0.425273390036452]}"
2025-06-18T13:36:47.643997,"{'address': '/effectPos', 'args': [0.21296296296296297, 0.3645200486026732]}"
2025-06-18T13:36:47.677612,"{'address': '/effectPos', 'args': [0.2261904761904762, 0.30984204131227217]}"
2025-06-18T13:36:47.710557,"{'address': '/effectPos', 'args': [0.23677248677248677, 0.2770352369380316]}"
2025-06-18T13:36:47.746217,"{'address': '/effectPos', 'args': [0.24074074074074073, 0.26366950182260024]}"
2025-06-18T13:36:47.777666,"{'address': '/effectPos', 'args': [0.24272486772486773, 0.25880923450789795]}"
2025-06-18T13:36:49.373095,"{'address': '/hover', 'args': 8}"
2025-06-18T13:36:49.381070,"{'address': '/hover', 'args': 6}"
2025-06-18T13:36:49.464429,"{'address': '/hover', 'args': 11}"
2025-06-18T13:36:49.640043,"{'address': '/hover', 'args': 9}"
2025-06-18T13:36:49.689829,"{'address': '/hover', 'args': 18}"
2025-06-18T13:36:50.048505,"{'address': '/hover', 'args': 30}"
2025-06-18T13:36:50.357009,"{'address': '/hover', 'args': 35}"
2025-06-18T13:36:50.431439,"{'address': '/hover', 'args': 13}"
2025-06-18T13:36:50.447968,"{'address': '/hover', 'args': 14}"
2025-06-18T13:36:50.690500,"{'address': '/hover', 'args': 20}"
2025-06-18T13:36:50.715336,"{'address': '/hover', 'args': 18}"
2025-06-18T13:36:50.881817,"{'address': '/hover', 'args': 13}"
2025-06-18T13:36:51.307273,"{'address': '/hover', 'args': 18}"
2025-06-18T13:36:51.373439,"{'address': '/hover', 'args': 30}"
2025-06-18T13:36:51.598697,"{'address': '/hover', 'args': 13}"
2025-06-18T13:36:51.640332,"{'address': '/hover', 'args': 18}"
2025-06-18T13:36:51.690119,"{'address': '/hover', 'args': 20}"
2025-06-18T13:36:51.956987,"{'address': '/hover', 'args': 30}"
2025-06-18T13:36:51.965067,"{'address': '/hover', 'args': 18}"
2025-06-18T13:36:52.006582,"{'address': '/hover', 'args': 11}"
2025-06-18T13:36:52.148969,"{'address': '/hover', 'args': 12}"
2025-06-18T13:36:52.306684,"{'address': '/hover', 'args': 2}"
2025-06-18T13:36:52.314974,"{'address': '/hover', 'args': 30}"
2025-06-18T13:36:52.348340,"{'address': '/hover', 'args': 35}"
2025-06-18T13:36:52.356046,"{'address': '/hover', 'args': 13}"
2025-06-18T13:36:52.373051,"{'address': '/hover', 'args': 14}"
2025-06-18T13:36:52.515032,"{'address': '/hover', 'args': 20}"
2025-06-18T13:36:52.748313,"{'address': '/hover', 'args': 13}"
2025-06-18T13:36:52.798397,"{'address': '/hover', 'args': 14}"
2025-06-18T13:36:52.965911,"{'address': '/hover', 'args': 30}"
2025-06-18T13:36:53.090063,"{'address': '/hover', 'args': 35}"
2025-06-18T13:36:57.157069,"{'address': '/hover', 'args': 30}"
2025-06-18T13:36:57.197887,"{'address': '/hover', 'args': 59}"
2025-06-18T13:36:57.289556,"{'address': '/hover', 'args': 5}"
2025-06-18T13:36:57.365189,"{'address': '/hover', 'args': 58}"
2025-06-18T13:36:58.473464,"{'address': '/hover', 'args': 46}"
2025-06-18T13:36:58.506153,"{'address': '/hover', 'args': 41}"
2025-06-18T13:36:58.539132,"{'address': '/hover', 'args': 37}"
2025-06-18T13:36:58.909019,"{'address': '/hover', 'args': 56}"
2025-06-18T13:45:32.019243,"{'address': '/hover', 'args': 60}"
2025-06-18T13:45:32.036577,"{'address': '/hover', 'args': 36}"
2025-06-18T13:45:32.035597,"{'address': '/hover', 'args': 7}"
2025-06-18T13:45:32.042828,"{'address': '/hover', 'args': 34}"
2025-06-18T13:45:32.310942,"{'address': '/hover', 'args': 9}"
2025-06-18T13:45:32.342950,"{'address': '/hover', 'args': 21}"
2025-06-18T13:45:32.361462,"{'address': '/hover', 'args': 60}"
2025-06-18T13:45:32.401801,"{'address': '/hover', 'args': 23}"
2025-06-18T13:45:33.660926,"{'address': '/hover', 'args': 23}"
2025-06-18T13:45:33.668594,"{'address': '/hover', 'args': 60}"
2025-06-18T13:45:33.693586,"{'address': '/hover', 'args': 21}"
2025-06-18T13:45:33.701234,"{'address': '/hover', 'args': 7}"
2025-06-18T13:45:33.719052,"{'address': '/hover', 'args': 9}"
2025-06-18T13:45:33.761310,"{'address': '/hover', 'args': 18}"
2025-06-18T13:45:33.902710,"{'address': '/hover', 'args': 11}"
2025-06-18T13:45:33.977876,"{'address': '/hover', 'args': 6}"
2025-06-18T13:45:34.026006,"{'address': '/hover', 'args': 9}"
2025-06-18T13:45:34.069764,"{'address': '/hover', 'args': 18}"
2025-06-18T13:45:34.077855,"{'address': '/hover', 'args': 20}"
2025-06-18T13:45:34.127297,"{'address': '/hover', 'args': 24}"
2025-06-18T13:45:34.352454,"{'address': '/hover', 'args': 13}"
2025-06-18T13:45:34.369088,"{'address': '/hover', 'args': 14}"
2025-06-18T13:45:34.377272,"{'address': '/hover', 'args': 35}"
2025-06-18T13:45:34.401901,"{'address': '/hover', 'args': 29}"
2025-06-18T13:45:34.410015,"{'address': '/hover', 'args': 45}"
2025-06-18T13:45:34.427413,"{'address': '/hover', 'args': 40}"
2025-06-18T13:45:34.527300,"{'address': '/hover', 'args': 58}"
2025-06-18T13:45:34.577406,"{'address': '/hover', 'args': 59}"
2025-06-18T13:45:34.584700,"{'address': '/hover', 'args': 30}"
2025-06-18T13:45:34.619461,"{'address': '/hover', 'args': 18}"
2025-06-18T13:45:34.634705,"{'address': '/hover', 'args': 20}"
2025-06-18T13:45:34.660267,"{'address': '/hover', 'args': 34}"
2025-06-18T13:45:34.676351,"{'address': '/hover', 'args': 10}"
2025-06-18T13:45:34.752666,"{'address': '/hover', 'args': 17}"
2025-06-18T13:45:34.826081,"{'address': '/hover', 'args': 16}"
2025-06-18T13:45:34.878697,"{'address': '/hover', 'args': 28}"
2025-06-18T13:45:34.935625,"{'address': '/hover', 'args': 14}"
2025-06-18T13:45:34.960663,"{'address': '/hover', 'args': 13}"
2025-06-18T13:45:34.994062,"{'address': '/hover', 'args': 30}"
2025-06-18T13:45:35.026664,"{'address': '/hover', 'args': 18}"
2025-06-18T13:45:35.343841,"{'address': '/hover', 'args': 9}"
2025-06-18T13:45:35.469271,"{'address': '/hover', 'args': 7}"
2025-06-18T13:45:36.006306,"{'address': '/hover', 'args': 7}"
2025-06-18T13:45:36.035048,"{'address': '/hover', 'args': 34}"
2025-06-18T13:45:36.084870,"{'address': '/hover', 'args': 15}"
2025-06-18T13:45:36.136239,"{'address': '/hover', 'args': 10}"
2025-06-18T13:45:36.202241,"{'address': '/hover', 'args': 20}"
2025-06-18T13:45:36.209723,"{'address': '/hover', 'args': 24}"
2025-06-18T13:45:36.318264,"{'address': '/hover', 'args': 14}"
2025-06-18T13:45:36.336876,"{'address': '/hover', 'args': 13}"
2025-06-18T13:45:36.377843,"{'address': '/hover', 'args': 30}"
2025-06-18T13:45:36.410463,"{'address': '/hover', 'args': 11}"
2025-06-18T13:45:36.537556,"{'address': '/hover', 'args': 9}"
2025-06-18T13:45:36.537434,"{'address': '/hover', 'args': 6}"
2025-06-18T13:45:36.895272,"{'address': '/hover', 'args': 18}"
2025-06-18T13:45:36.969183,"{'address': '/hover', 'args': 20}"
2025-06-18T13:45:37.094282,"{'address': '/hover', 'args': 13}"
2025-06-18T13:45:37.211270,"{'address': '/hover', 'args': 30}"
2025-06-18T13:45:37.219384,"{'address': '/hover', 'args': 35}"
2025-06-18T13:45:37.277580,"{'address': '/hover', 'args': 59}"
2025-06-18T13:45:37.560972,"{'address': '/hover', 'args': 11}"
2025-06-18T13:45:37.843509,"{'address': '/hover', 'args': 9}"
2025-06-18T13:45:37.901506,"{'address': '/hover', 'args': 18}"
2025-06-18T13:45:37.984762,"{'address': '/hover', 'args': 20}"
2025-06-18T13:45:38.028024,"{'address': '/hover', 'args': 13}"
2025-06-18T13:45:38.077773,"{'address': '/hover', 'args': 30}"
2025-06-18T13:45:38.110758,"{'address': '/hover', 'args': 12}"
2025-06-18T13:45:38.135589,"{'address': '/hover', 'args': 31}"
2025-06-18T13:45:39.537452,"{'address': '/effectPos', 'args': [0.3194444444444444, 0.6500607533414338]}"
2025-06-18T13:45:39.636902,"{'address': '/effectPos', 'args': [0.3187830687830688, 0.6500607533414338]}"
2025-06-18T13:45:39.669436,"{'address': '/effectPos', 'args': [0.30886243386243384, 0.6464155528554071]}"
2025-06-18T13:45:39.703004,"{'address': '/effectPos', 'args': [0.2830687830687831, 0.6172539489671932]}"
2025-06-18T13:45:39.736439,"{'address': '/effectPos', 'args': [0.2585978835978836, 0.5808019441069259]}"
2025-06-18T13:45:39.770827,"{'address': '/effectPos', 'args': [0.24735449735449735, 0.560145808019441]}"
2025-06-18T13:45:39.802463,"{'address': '/effectPos', 'args': [0.24272486772486773, 0.5504252733900364]}"
2025-06-18T13:45:39.835833,"{'address': '/effectPos', 'args': [0.2414021164021164, 0.5467800729040098]}"
2025-06-18T13:45:41.038327,"{'address': '/effectPos', 'args': [0.24074074074074073, 0.5625759416767923]}"
2025-06-18T13:45:41.163065,"{'address': '/effectPos', 'args': [0.24074074074074073, 0.5637910085054678]}"
2025-06-18T13:45:41.194546,"{'address': '/effectPos', 'args': [0.2533068783068783, 0.5844471445929527]}"
2025-06-18T13:45:41.228007,"{'address': '/effectPos', 'args': [0.30357142857142855, 0.6330498177399757]}"
2025-06-18T13:45:41.261299,"{'address': '/effectPos', 'args': [0.39616402116402116, 0.6646415552855407]}"
2025-06-18T13:45:41.295057,"{'address': '/effectPos', 'args': [0.4755291005291005, 0.6342648845686513]}"
2025-06-18T13:45:41.327549,"{'address': '/effectPos', 'args': [0.5251322751322751, 0.5698663426488457]}"
2025-06-18T13:45:41.360641,"{'address': '/effectPos', 'args': [0.5443121693121693, 0.520048602673147]}"
2025-06-18T13:45:41.441259,"{'address': '/effectPos', 'args': [0.5456349206349206, 0.5078979343863913]}"
2025-06-18T13:45:41.503493,"{'address': '/effectPos', 'args': [0.5462962962962963, 0.5066828675577156]}"
2025-06-18T13:45:41.536699,"{'address': '/effectPos', 'args': [0.5694444444444444, 0.5018226002430134]}"
2025-06-18T13:45:41.569773,"{'address': '/effectPos', 'args': [0.6461640211640212, 0.4240583232077764]}"
2025-06-18T13:45:41.603014,"{'address': '/effectPos', 'args': [0.7347883597883598, 0.30133657351154314]}"
2025-06-18T13:45:41.636186,"{'address': '/effectPos', 'args': [0.7592592592592593, 0.2515188335358445]}"
2025-06-18T13:45:41.707439,"{'address': '/effectPos', 'args': [0.7625661375661376, 0.24301336573511542]}"
2025-06-18T13:45:41.740964,"{'address': '/effectPos', 'args': [0.7625661375661376, 0.24179829890643986]}"
2025-06-18T13:45:41.790771,"{'address': '/effectPos', 'args': [0.7632275132275133, 0.24179829890643986]}"
2025-06-18T13:45:41.818846,"{'address': '/effectPos', 'args': [0.7744708994708994, 0.24179829890643986]}"
2025-06-18T13:45:41.852143,"{'address': '/effectPos', 'args': [0.8101851851851852, 0.22235722964763063]}"
2025-06-18T13:45:41.885630,"{'address': '/effectPos', 'args': [0.8406084656084656, 0.20170109356014582]}"
2025-06-18T13:45:41.919036,"{'address': '/effectPos', 'args': [0.8571428571428571, 0.1919805589307412]}"
2025-06-18T13:45:41.952261,"{'address': '/effectPos', 'args': [0.8624338624338624, 0.18833535844471447]}"
2025-06-18T13:45:42.028230,"{'address': '/effectPos', 'args': [0.8630952380952381, 0.18712029161603888]}"
2025-06-18T13:45:43.552120,"{'address': '/hover', 'args': 23}"
2025-06-18T13:45:43.569178,"{'address': '/hover', 'args': 21}"
2025-06-18T13:45:43.569385,"{'address': '/hover', 'args': 60}"
2025-06-18T13:45:43.575943,"{'address': '/hover', 'args': 7}"
2025-06-18T13:45:43.601284,"{'address': '/hover', 'args': 34}"
2025-06-18T13:45:43.617775,"{'address': '/hover', 'args': 20}"
2025-06-18T13:45:43.826879,"{'address': '/hover', 'args': 13}"
2025-06-18T13:45:43.869524,"{'address': '/hover', 'args': 30}"
2025-06-18T13:45:43.894520,"{'address': '/hover', 'args': 35}"
2025-06-18T13:45:43.910821,"{'address': '/hover', 'args': 59}"
2025-06-18T13:45:43.935147,"{'address': '/hover', 'args': 29}"
2025-06-18T13:45:44.085547,"{'address': '/hover', 'args': 11}"
2025-06-18T13:45:44.128520,"{'address': '/hover', 'args': 18}"
2025-06-18T13:45:44.128097,"{'address': '/hover', 'args': 9}"
2025-06-18T13:45:44.201647,"{'address': '/hover', 'args': 7}"
2025-06-18T13:45:44.261092,"{'address': '/hover', 'args': 34}"
2025-06-18T13:45:44.285075,"{'address': '/hover', 'args': 20}"
2025-06-18T13:45:44.343061,"{'address': '/hover', 'args': 24}"
2025-06-18T13:45:44.518496,"{'address': '/hover', 'args': 13}"
2025-06-18T13:45:44.569232,"{'address': '/hover', 'args': 18}"
2025-06-18T13:45:44.594200,"{'address': '/hover', 'args': 30}"
2025-06-18T13:45:44.609399,"{'address': '/hover', 'args': 11}"
2025-06-18T13:45:44.885206,"{'address': '/hover', 'args': 18}"
2025-06-18T13:45:44.894534,"{'address': '/hover', 'args': 30}"
2025-06-18T13:45:44.951511,"{'address': '/hover', 'args': 13}"
2025-06-18T13:45:45.310580,"{'address': '/hover', 'args': 30}"
2025-06-18T13:45:45.469019,"{'address': '/hover', 'args': 59}"
2025-06-18T13:45:45.476263,"{'address': '/hover', 'args': 2}"
2025-06-18T13:45:45.610267,"{'address': '/hover', 'args': 11}"
2025-06-18T13:45:45.868213,"{'address': '/hover', 'args': 18}"
2025-06-18T13:45:45.969979,"{'address': '/hover', 'args': 13}"
2025-06-18T13:45:46.135891,"{'address': '/hover', 'args': 30}"
2025-06-18T13:45:46.259969,"{'address': '/hover', 'args': 59}"
2025-06-18T13:45:46.677531,"{'address': '/hover', 'args': 11}"
2025-06-18T13:45:46.852609,"{'address': '/hover', 'args': 18}"
2025-06-18T13:45:47.001651,"{'address': '/hover', 'args': 20}"
2025-06-18T13:45:47.268594,"{'address': '/hover', 'args': 13}"
2025-06-18T13:45:47.335390,"{'address': '/hover', 'args': 35}"
2025-06-18T13:45:47.460024,"{'address': '/hover', 'args': 29}"
2025-06-18T13:45:47.601788,"{'address': '/hover', 'args': 43}"
2025-06-18T13:45:47.644710,"{'address': '/hover', 'args': 14}"
2025-06-18T13:45:47.693965,"{'address': '/hover', 'args': 28}"
2025-06-18T13:45:48.102455,"{'address': '/hover', 'args': 14}"
2025-06-18T13:45:48.135141,"{'address': '/hover', 'args': 13}"
2025-06-18T13:45:48.192170,"{'address': '/hover', 'args': 20}"
2025-06-18T13:45:48.225988,"{'address': '/hover', 'args': 18}"
2025-06-18T13:45:48.410968,"{'address': '/hover', 'args': 24}"
2025-06-18T13:45:48.435790,"{'address': '/hover', 'args': 28}"
2025-06-18T13:45:48.476673,"{'address': '/hover', 'args': 16}"
2025-06-18T13:45:48.727532,"{'address': '/hover', 'args': 13}"
2025-06-18T13:45:48.744301,"{'address': '/hover', 'args': 14}"
2025-06-18T13:45:48.785880,"{'address': '/hover', 'args': 35}"
2025-06-18T13:45:48.793799,"{'address': '/hover', 'args': 43}"
2025-06-18T13:45:48.844521,"{'address': '/hover', 'args': 45}"
2025-06-18T13:45:48.885028,"{'address': '/hover', 'args': 29}"
2025-06-18T13:45:48.925968,"{'address': '/hover', 'args': 59}"
2025-06-18T13:45:48.993329,"{'address': '/hover', 'args': 5}"
2025-06-18T13:45:49.001481,"{'address': '/hover', 'args': 2}"
